id,name,types,front_default,front_shiny,back_default,back_shiny,official_artwork
1,bulbasaur,"grass, poison",https://raw.githubusercontent.com/PokeAPI/sprites/master/sprites/pokemon/1.png,https://raw.githubusercontent.com/PokeAPI/sprites/master/sprites/pokemon/shiny/1.png,https://raw.githubusercontent.com/PokeAPI/sprites/master/sprites/pokemon/back/1.png,https://raw.githubusercontent.com/PokeAPI/sprites/master/sprites/pokemon/back/shiny/1.png,https://raw.githubusercontent.com/PokeAPI/sprites/master/sprites/pokemon/other/official-artwork/1.png
2,ivysaur,"grass, poison",https://raw.githubusercontent.com/PokeAPI/sprites/master/sprites/pokemon/2.png,https://raw.githubusercontent.com/PokeAPI/sprites/master/sprites/pokemon/shiny/2.png,https://raw.githubusercontent.com/PokeAPI/sprites/master/sprites/pokemon/back/2.png,https://raw.githubusercontent.com/PokeAPI/sprites/master/sprites/pokemon/back/shiny/2.png,https://raw.githubusercontent.com/PokeAPI/sprites/master/sprites/pokemon/other/official-artwork/2.png
3,venusaur,"grass, poison",https://raw.githubusercontent.com/PokeAPI/sprites/master/sprites/pokemon/3.png,https://raw.githubusercontent.com/PokeAPI/sprites/master/sprites/pokemon/shiny/3.png,https://raw.githubusercontent.com/PokeAPI/sprites/master/sprites/pokemon/back/3.png,https://raw.githubusercontent.com/PokeAPI/sprites/master/sprites/pokemon/back/shiny/3.png,https://raw.githubusercontent.com/PokeAPI/sprites/master/sprites/pokemon/other/official-artwork/3.png
4,charmander,fire,https://raw.githubusercontent.com/PokeAPI/sprites/master/sprites/pokemon/4.png,https://raw.githubusercontent.com/PokeAPI/sprites/master/sprites/pokemon/shiny/4.png,https://raw.githubusercontent.com/PokeAPI/sprites/master/sprites/pokemon/back/4.png,https://raw.githubusercontent.com/PokeAPI/sprites/master/sprites/pokemon/back/shiny/4.png,https://raw.githubusercontent.com/PokeAPI/sprites/master/sprites/pokemon/other/official-artwork/4.png
5,charmeleon,fire,https://raw.githubusercontent.com/PokeAPI/sprites/master/sprites/pokemon/5.png,https://raw.githubusercontent.com/PokeAPI/sprites/master/sprites/pokemon/shiny/5.png,https://raw.githubusercontent.com/PokeAPI/sprites/master/sprites/pokemon/back/5.png,https://raw.githubusercontent.com/PokeAPI/sprites/master/sprites/pokemon/back/shiny/5.png,https://raw.githubusercontent.com/PokeAPI/sprites/master/sprites/pokemon/other/official-artwork/5.png
6,charizard,"fire, flying",https://raw.githubusercontent.com/PokeAPI/sprites/master/sprites/pokemon/6.png,https://raw.githubusercontent.com/PokeAPI/sprites/master/sprites/pokemon/shiny/6.png,https://raw.githubusercontent.com/PokeAPI/sprites/master/sprites/pokemon/back/6.png,https://raw.githubusercontent.com/PokeAPI/sprites/master/sprites/pokemon/back/shiny/6.png,https://raw.githubusercontent.com/PokeAPI/sprites/master/sprites/pokemon/other/official-artwork/6.png
7,squirtle,water,https://raw.githubusercontent.com/PokeAPI/sprites/master/sprites/pokemon/7.png,https://raw.githubusercontent.com/PokeAPI/sprites/master/sprites/pokemon/shiny/7.png,https://raw.githubusercontent.com/PokeAPI/sprites/master/sprites/pokemon/back/7.png,https://raw.githubusercontent.com/PokeAPI/sprites/master/sprites/pokemon/back/shiny/7.png,https://raw.githubusercontent.com/PokeAPI/sprites/master/sprites/pokemon/other/official-artwork/7.png
8,wartortle,water,https://raw.githubusercontent.com/PokeAPI/sprites/master/sprites/pokemon/8.png,https://raw.githubusercontent.com/PokeAPI/sprites/master/sprites/pokemon/shiny/8.png,https://raw.githubusercontent.com/PokeAPI/sprites/master/sprites/pokemon/back/8.png,https://raw.githubusercontent.com/PokeAPI/sprites/master/sprites/pokemon/back/shiny/8.png,https://raw.githubusercontent.com/PokeAPI/sprites/master/sprites/pokemon/other/official-artwork/8.png
9,blastoise,water,https://raw.githubusercontent.com/PokeAPI/sprites/master/sprites/pokemon/9.png,https://raw.githubusercontent.com/PokeAPI/sprites/master/sprites/pokemon/shiny/9.png,https://raw.githubusercontent.com/PokeAPI/sprites/master/sprites/pokemon/back/9.png,https://raw.githubusercontent.com/PokeAPI/sprites/master/sprites/pokemon/back/shiny/9.png,https://raw.githubusercontent.com/PokeAPI/sprites/master/sprites/pokemon/other/official-artwork/9.png
10,caterpie,bug,https://raw.githubusercontent.com/PokeAPI/sprites/master/sprites/pokemon/10.png,https://raw.githubusercontent.com/PokeAPI/sprites/master/sprites/pokemon/shiny/10.png,https://raw.githubusercontent.com/PokeAPI/sprites/master/sprites/pokemon/back/10.png,https://raw.githubusercontent.com/PokeAPI/sprites/master/sprites/pokemon/back/shiny/10.png,https://raw.githubusercontent.com/PokeAPI/sprites/master/sprites/pokemon/other/official-artwork/10.png
11,metapod,bug,https://raw.githubusercontent.com/PokeAPI/sprites/master/sprites/pokemon/11.png,https://raw.githubusercontent.com/PokeAPI/sprites/master/sprites/pokemon/shiny/11.png,https://raw.githubusercontent.com/PokeAPI/sprites/master/sprites/pokemon/back/11.png,https://raw.githubusercontent.com/PokeAPI/sprites/master/sprites/pokemon/back/shiny/11.png,https://raw.githubusercontent.com/PokeAPI/sprites/master/sprites/pokemon/other/official-artwork/11.png
12,butterfree,"bug, flying",https://raw.githubusercontent.com/PokeAPI/sprites/master/sprites/pokemon/12.png,https://raw.githubusercontent.com/PokeAPI/sprites/master/sprites/pokemon/shiny/12.png,https://raw.githubusercontent.com/PokeAPI/sprites/master/sprites/pokemon/back/12.png,https://raw.githubusercontent.com/PokeAPI/sprites/master/sprites/pokemon/back/shiny/12.png,https://raw.githubusercontent.com/PokeAPI/sprites/master/sprites/pokemon/other/official-artwork/12.png
13,weedle,"bug, poison",https://raw.githubusercontent.com/PokeAPI/sprites/master/sprites/pokemon/13.png,https://raw.githubusercontent.com/PokeAPI/sprites/master/sprites/pokemon/shiny/13.png,https://raw.githubusercontent.com/PokeAPI/sprites/master/sprites/pokemon/back/13.png,https://raw.githubusercontent.com/PokeAPI/sprites/master/sprites/pokemon/back/shiny/13.png,https://raw.githubusercontent.com/PokeAPI/sprites/master/sprites/pokemon/other/official-artwork/13.png
14,kakuna,"bug, poison",https://raw.githubusercontent.com/PokeAPI/sprites/master/sprites/pokemon/14.png,https://raw.githubusercontent.com/PokeAPI/sprites/master/sprites/pokemon/shiny/14.png,https://raw.githubusercontent.com/PokeAPI/sprites/master/sprites/pokemon/back/14.png,https://raw.githubusercontent.com/PokeAPI/sprites/master/sprites/pokemon/back/shiny/14.png,https://raw.githubusercontent.com/PokeAPI/sprites/master/sprites/pokemon/other/official-artwork/14.png
15,beedrill,"bug, poison",https://raw.githubusercontent.com/PokeAPI/sprites/master/sprites/pokemon/15.png,https://raw.githubusercontent.com/PokeAPI/sprites/master/sprites/pokemon/shiny/15.png,https://raw.githubusercontent.com/PokeAPI/sprites/master/sprites/pokemon/back/15.png,https://raw.githubusercontent.com/PokeAPI/sprites/master/sprites/pokemon/back/shiny/15.png,https://raw.githubusercontent.com/PokeAPI/sprites/master/sprites/pokemon/other/official-artwork/15.png
16,pidgey,"normal, flying",https://raw.githubusercontent.com/PokeAPI/sprites/master/sprites/pokemon/16.png,https://raw.githubusercontent.com/PokeAPI/sprites/master/sprites/pokemon/shiny/16.png,https://raw.githubusercontent.com/PokeAPI/sprites/master/sprites/pokemon/back/16.png,https://raw.githubusercontent.com/PokeAPI/sprites/master/sprites/pokemon/back/shiny/16.png,https://raw.githubusercontent.com/PokeAPI/sprites/master/sprites/pokemon/other/official-artwork/16.png
17,pidgeotto,"normal, flying",https://raw.githubusercontent.com/PokeAPI/sprites/master/sprites/pokemon/17.png,https://raw.githubusercontent.com/PokeAPI/sprites/master/sprites/pokemon/shiny/17.png,https://raw.githubusercontent.com/PokeAPI/sprites/master/sprites/pokemon/back/17.png,https://raw.githubusercontent.com/PokeAPI/sprites/master/sprites/pokemon/back/shiny/17.png,https://raw.githubusercontent.com/PokeAPI/sprites/master/sprites/pokemon/other/official-artwork/17.png
18,pidgeot,"normal, flying",https://raw.githubusercontent.com/PokeAPI/sprites/master/sprites/pokemon/18.png,https://raw.githubusercontent.com/PokeAPI/sprites/master/sprites/pokemon/shiny/18.png,https://raw.githubusercontent.com/PokeAPI/sprites/master/sprites/pokemon/back/18.png,https://raw.githubusercontent.com/PokeAPI/sprites/master/sprites/pokemon/back/shiny/18.png,https://raw.githubusercontent.com/PokeAPI/sprites/master/sprites/pokemon/other/official-artwork/18.png
19,rattata,normal,https://raw.githubusercontent.com/PokeAPI/sprites/master/sprites/pokemon/19.png,https://raw.githubusercontent.com/PokeAPI/sprites/master/sprites/pokemon/shiny/19.png,https://raw.githubusercontent.com/PokeAPI/sprites/master/sprites/pokemon/back/19.png,https://raw.githubusercontent.com/PokeAPI/sprites/master/sprites/pokemon/back/shiny/19.png,https://raw.githubusercontent.com/PokeAPI/sprites/master/sprites/pokemon/other/official-artwork/19.png
20,raticate,normal,https://raw.githubusercontent.com/PokeAPI/sprites/master/sprites/pokemon/20.png,https://raw.githubusercontent.com/PokeAPI/sprites/master/sprites/pokemon/shiny/20.png,https://raw.githubusercontent.com/PokeAPI/sprites/master/sprites/pokemon/back/20.png,https://raw.githubusercontent.com/PokeAPI/sprites/master/sprites/pokemon/back/shiny/20.png,https://raw.githubusercontent.com/PokeAPI/sprites/master/sprites/pokemon/other/official-artwork/20.png
21,spearow,"normal, flying",https://raw.githubusercontent.com/PokeAPI/sprites/master/sprites/pokemon/21.png,https://raw.githubusercontent.com/PokeAPI/sprites/master/sprites/pokemon/shiny/21.png,https://raw.githubusercontent.com/PokeAPI/sprites/master/sprites/pokemon/back/21.png,https://raw.githubusercontent.com/PokeAPI/sprites/master/sprites/pokemon/back/shiny/21.png,https://raw.githubusercontent.com/PokeAPI/sprites/master/sprites/pokemon/other/official-artwork/21.png
22,fearow,"normal, flying",https://raw.githubusercontent.com/PokeAPI/sprites/master/sprites/pokemon/22.png,https://raw.githubusercontent.com/PokeAPI/sprites/master/sprites/pokemon/shiny/22.png,https://raw.githubusercontent.com/PokeAPI/sprites/master/sprites/pokemon/back/22.png,https://raw.githubusercontent.com/PokeAPI/sprites/master/sprites/pokemon/back/shiny/22.png,https://raw.githubusercontent.com/PokeAPI/sprites/master/sprites/pokemon/other/official-artwork/22.png
23,ekans,poison,https://raw.githubusercontent.com/PokeAPI/sprites/master/sprites/pokemon/23.png,https://raw.githubusercontent.com/PokeAPI/sprites/master/sprites/pokemon/shiny/23.png,https://raw.githubusercontent.com/PokeAPI/sprites/master/sprites/pokemon/back/23.png,https://raw.githubusercontent.com/PokeAPI/sprites/master/sprites/pokemon/back/shiny/23.png,https://raw.githubusercontent.com/PokeAPI/sprites/master/sprites/pokemon/other/official-artwork/23.png
24,arbok,poison,https://raw.githubusercontent.com/PokeAPI/sprites/master/sprites/pokemon/24.png,https://raw.githubusercontent.com/PokeAPI/sprites/master/sprites/pokemon/shiny/24.png,https://raw.githubusercontent.com/PokeAPI/sprites/master/sprites/pokemon/back/24.png,https://raw.githubusercontent.com/PokeAPI/sprites/master/sprites/pokemon/back/shiny/24.png,https://raw.githubusercontent.com/PokeAPI/sprites/master/sprites/pokemon/other/official-artwork/24.png
25,pikachu,electric,https://raw.githubusercontent.com/PokeAPI/sprites/master/sprites/pokemon/25.png,https://raw.githubusercontent.com/PokeAPI/sprites/master/sprites/pokemon/shiny/25.png,https://raw.githubusercontent.com/PokeAPI/sprites/master/sprites/pokemon/back/25.png,https://raw.githubusercontent.com/PokeAPI/sprites/master/sprites/pokemon/back/shiny/25.png,https://raw.githubusercontent.com/PokeAPI/sprites/master/sprites/pokemon/other/official-artwork/25.png
26,raichu,electric,https://raw.githubusercontent.com/PokeAPI/sprites/master/sprites/pokemon/26.png,https://raw.githubusercontent.com/PokeAPI/sprites/master/sprites/pokemon/shiny/26.png,https://raw.githubusercontent.com/PokeAPI/sprites/master/sprites/pokemon/back/26.png,https://raw.githubusercontent.com/PokeAPI/sprites/master/sprites/pokemon/back/shiny/26.png,https://raw.githubusercontent.com/PokeAPI/sprites/master/sprites/pokemon/other/official-artwork/26.png
27,sandshrew,ground,https://raw.githubusercontent.com/PokeAPI/sprites/master/sprites/pokemon/27.png,https://raw.githubusercontent.com/PokeAPI/sprites/master/sprites/pokemon/shiny/27.png,https://raw.githubusercontent.com/PokeAPI/sprites/master/sprites/pokemon/back/27.png,https://raw.githubusercontent.com/PokeAPI/sprites/master/sprites/pokemon/back/shiny/27.png,https://raw.githubusercontent.com/PokeAPI/sprites/master/sprites/pokemon/other/official-artwork/27.png
28,sandslash,ground,https://raw.githubusercontent.com/PokeAPI/sprites/master/sprites/pokemon/28.png,https://raw.githubusercontent.com/PokeAPI/sprites/master/sprites/pokemon/shiny/28.png,https://raw.githubusercontent.com/PokeAPI/sprites/master/sprites/pokemon/back/28.png,https://raw.githubusercontent.com/PokeAPI/sprites/master/sprites/pokemon/back/shiny/28.png,https://raw.githubusercontent.com/PokeAPI/sprites/master/sprites/pokemon/other/official-artwork/28.png
29,nidoran-f,poison,https://raw.githubusercontent.com/PokeAPI/sprites/master/sprites/pokemon/29.png,https://raw.githubusercontent.com/PokeAPI/sprites/master/sprites/pokemon/shiny/29.png,https://raw.githubusercontent.com/PokeAPI/sprites/master/sprites/pokemon/back/29.png,https://raw.githubusercontent.com/PokeAPI/sprites/master/sprites/pokemon/back/shiny/29.png,https://raw.githubusercontent.com/PokeAPI/sprites/master/sprites/pokemon/other/official-artwork/29.png
30,nidorina,poison,https://raw.githubusercontent.com/PokeAPI/sprites/master/sprites/pokemon/30.png,https://raw.githubusercontent.com/PokeAPI/sprites/master/sprites/pokemon/shiny/30.png,https://raw.githubusercontent.com/PokeAPI/sprites/master/sprites/pokemon/back/30.png,https://raw.githubusercontent.com/PokeAPI/sprites/master/sprites/pokemon/back/shiny/30.png,https://raw.githubusercontent.com/PokeAPI/sprites/master/sprites/pokemon/other/official-artwork/30.png
31,nidoqueen,"poison, ground",https://raw.githubusercontent.com/PokeAPI/sprites/master/sprites/pokemon/31.png,https://raw.githubusercontent.com/PokeAPI/sprites/master/sprites/pokemon/shiny/31.png,https://raw.githubusercontent.com/PokeAPI/sprites/master/sprites/pokemon/back/31.png,https://raw.githubusercontent.com/PokeAPI/sprites/master/sprites/pokemon/back/shiny/31.png,https://raw.githubusercontent.com/PokeAPI/sprites/master/sprites/pokemon/other/official-artwork/31.png
32,nidoran-m,poison,https://raw.githubusercontent.com/PokeAPI/sprites/master/sprites/pokemon/32.png,https://raw.githubusercontent.com/PokeAPI/sprites/master/sprites/pokemon/shiny/32.png,https://raw.githubusercontent.com/PokeAPI/sprites/master/sprites/pokemon/back/32.png,https://raw.githubusercontent.com/PokeAPI/sprites/master/sprites/pokemon/back/shiny/32.png,https://raw.githubusercontent.com/PokeAPI/sprites/master/sprites/pokemon/other/official-artwork/32.png
33,nidorino,poison,https://raw.githubusercontent.com/PokeAPI/sprites/master/sprites/pokemon/33.png,https://raw.githubusercontent.com/PokeAPI/sprites/master/sprites/pokemon/shiny/33.png,https://raw.githubusercontent.com/PokeAPI/sprites/master/sprites/pokemon/back/33.png,https://raw.githubusercontent.com/PokeAPI/sprites/master/sprites/pokemon/back/shiny/33.png,https://raw.githubusercontent.com/PokeAPI/sprites/master/sprites/pokemon/other/official-artwork/33.png
34,nidoking,"poison, ground",https://raw.githubusercontent.com/PokeAPI/sprites/master/sprites/pokemon/34.png,https://raw.githubusercontent.com/PokeAPI/sprites/master/sprites/pokemon/shiny/34.png,https://raw.githubusercontent.com/PokeAPI/sprites/master/sprites/pokemon/back/34.png,https://raw.githubusercontent.com/PokeAPI/sprites/master/sprites/pokemon/back/shiny/34.png,https://raw.githubusercontent.com/PokeAPI/sprites/master/sprites/pokemon/other/official-artwork/34.png
35,clefairy,fairy,https://raw.githubusercontent.com/PokeAPI/sprites/master/sprites/pokemon/35.png,https://raw.githubusercontent.com/PokeAPI/sprites/master/sprites/pokemon/shiny/35.png,https://raw.githubusercontent.com/PokeAPI/sprites/master/sprites/pokemon/back/35.png,https://raw.githubusercontent.com/PokeAPI/sprites/master/sprites/pokemon/back/shiny/35.png,https://raw.githubusercontent.com/PokeAPI/sprites/master/sprites/pokemon/other/official-artwork/35.png
36,clefable,fairy,https://raw.githubusercontent.com/PokeAPI/sprites/master/sprites/pokemon/36.png,https://raw.githubusercontent.com/PokeAPI/sprites/master/sprites/pokemon/shiny/36.png,https://raw.githubusercontent.com/PokeAPI/sprites/master/sprites/pokemon/back/36.png,https://raw.githubusercontent.com/PokeAPI/sprites/master/sprites/pokemon/back/shiny/36.png,https://raw.githubusercontent.com/PokeAPI/sprites/master/sprites/pokemon/other/official-artwork/36.png
37,vulpix,fire,https://raw.githubusercontent.com/PokeAPI/sprites/master/sprites/pokemon/37.png,https://raw.githubusercontent.com/PokeAPI/sprites/master/sprites/pokemon/shiny/37.png,https://raw.githubusercontent.com/PokeAPI/sprites/master/sprites/pokemon/back/37.png,https://raw.githubusercontent.com/PokeAPI/sprites/master/sprites/pokemon/back/shiny/37.png,https://raw.githubusercontent.com/PokeAPI/sprites/master/sprites/pokemon/other/official-artwork/37.png
38,ninetales,fire,https://raw.githubusercontent.com/PokeAPI/sprites/master/sprites/pokemon/38.png,https://raw.githubusercontent.com/PokeAPI/sprites/master/sprites/pokemon/shiny/38.png,https://raw.githubusercontent.com/PokeAPI/sprites/master/sprites/pokemon/back/38.png,https://raw.githubusercontent.com/PokeAPI/sprites/master/sprites/pokemon/back/shiny/38.png,https://raw.githubusercontent.com/PokeAPI/sprites/master/sprites/pokemon/other/official-artwork/38.png
39,jigglypuff,"normal, fairy",https://raw.githubusercontent.com/PokeAPI/sprites/master/sprites/pokemon/39.png,https://raw.githubusercontent.com/PokeAPI/sprites/master/sprites/pokemon/shiny/39.png,https://raw.githubusercontent.com/PokeAPI/sprites/master/sprites/pokemon/back/39.png,https://raw.githubusercontent.com/PokeAPI/sprites/master/sprites/pokemon/back/shiny/39.png,https://raw.githubusercontent.com/PokeAPI/sprites/master/sprites/pokemon/other/official-artwork/39.png
40,wigglytuff,"normal, fairy",https://raw.githubusercontent.com/PokeAPI/sprites/master/sprites/pokemon/40.png,https://raw.githubusercontent.com/PokeAPI/sprites/master/sprites/pokemon/shiny/40.png,https://raw.githubusercontent.com/PokeAPI/sprites/master/sprites/pokemon/back/40.png,https://raw.githubusercontent.com/PokeAPI/sprites/master/sprites/pokemon/back/shiny/40.png,https://raw.githubusercontent.com/PokeAPI/sprites/master/sprites/pokemon/other/official-artwork/40.png
41,zubat,"poison, flying",https://raw.githubusercontent.com/PokeAPI/sprites/master/sprites/pokemon/41.png,https://raw.githubusercontent.com/PokeAPI/sprites/master/sprites/pokemon/shiny/41.png,https://raw.githubusercontent.com/PokeAPI/sprites/master/sprites/pokemon/back/41.png,https://raw.githubusercontent.com/PokeAPI/sprites/master/sprites/pokemon/back/shiny/41.png,https://raw.githubusercontent.com/PokeAPI/sprites/master/sprites/pokemon/other/official-artwork/41.png
42,golbat,"poison, flying",https://raw.githubusercontent.com/PokeAPI/sprites/master/sprites/pokemon/42.png,https://raw.githubusercontent.com/PokeAPI/sprites/master/sprites/pokemon/shiny/42.png,https://raw.githubusercontent.com/PokeAPI/sprites/master/sprites/pokemon/back/42.png,https://raw.githubusercontent.com/PokeAPI/sprites/master/sprites/pokemon/back/shiny/42.png,https://raw.githubusercontent.com/PokeAPI/sprites/master/sprites/pokemon/other/official-artwork/42.png
43,oddish,"grass, poison",https://raw.githubusercontent.com/PokeAPI/sprites/master/sprites/pokemon/43.png,https://raw.githubusercontent.com/PokeAPI/sprites/master/sprites/pokemon/shiny/43.png,https://raw.githubusercontent.com/PokeAPI/sprites/master/sprites/pokemon/back/43.png,https://raw.githubusercontent.com/PokeAPI/sprites/master/sprites/pokemon/back/shiny/43.png,https://raw.githubusercontent.com/PokeAPI/sprites/master/sprites/pokemon/other/official-artwork/43.png
44,gloom,"grass, poison",https://raw.githubusercontent.com/PokeAPI/sprites/master/sprites/pokemon/44.png,https://raw.githubusercontent.com/PokeAPI/sprites/master/sprites/pokemon/shiny/44.png,https://raw.githubusercontent.com/PokeAPI/sprites/master/sprites/pokemon/back/44.png,https://raw.githubusercontent.com/PokeAPI/sprites/master/sprites/pokemon/back/shiny/44.png,https://raw.githubusercontent.com/PokeAPI/sprites/master/sprites/pokemon/other/official-artwork/44.png
45,vileplume,"grass, poison",https://raw.githubusercontent.com/PokeAPI/sprites/master/sprites/pokemon/45.png,https://raw.githubusercontent.com/PokeAPI/sprites/master/sprites/pokemon/shiny/45.png,https://raw.githubusercontent.com/PokeAPI/sprites/master/sprites/pokemon/back/45.png,https://raw.githubusercontent.com/PokeAPI/sprites/master/sprites/pokemon/back/shiny/45.png,https://raw.githubusercontent.com/PokeAPI/sprites/master/sprites/pokemon/other/official-artwork/45.png
46,paras,"bug, grass",https://raw.githubusercontent.com/PokeAPI/sprites/master/sprites/pokemon/46.png,https://raw.githubusercontent.com/PokeAPI/sprites/master/sprites/pokemon/shiny/46.png,https://raw.githubusercontent.com/PokeAPI/sprites/master/sprites/pokemon/back/46.png,https://raw.githubusercontent.com/PokeAPI/sprites/master/sprites/pokemon/back/shiny/46.png,https://raw.githubusercontent.com/PokeAPI/sprites/master/sprites/pokemon/other/official-artwork/46.png
47,parasect,"bug, grass",https://raw.githubusercontent.com/PokeAPI/sprites/master/sprites/pokemon/47.png,https://raw.githubusercontent.com/PokeAPI/sprites/master/sprites/pokemon/shiny/47.png,https://raw.githubusercontent.com/PokeAPI/sprites/master/sprites/pokemon/back/47.png,https://raw.githubusercontent.com/PokeAPI/sprites/master/sprites/pokemon/back/shiny/47.png,https://raw.githubusercontent.com/PokeAPI/sprites/master/sprites/pokemon/other/official-artwork/47.png
48,venonat,"bug, poison",https://raw.githubusercontent.com/PokeAPI/sprites/master/sprites/pokemon/48.png,https://raw.githubusercontent.com/PokeAPI/sprites/master/sprites/pokemon/shiny/48.png,https://raw.githubusercontent.com/PokeAPI/sprites/master/sprites/pokemon/back/48.png,https://raw.githubusercontent.com/PokeAPI/sprites/master/sprites/pokemon/back/shiny/48.png,https://raw.githubusercontent.com/PokeAPI/sprites/master/sprites/pokemon/other/official-artwork/48.png
49,venomoth,"bug, poison",https://raw.githubusercontent.com/PokeAPI/sprites/master/sprites/pokemon/49.png,https://raw.githubusercontent.com/PokeAPI/sprites/master/sprites/pokemon/shiny/49.png,https://raw.githubusercontent.com/PokeAPI/sprites/master/sprites/pokemon/back/49.png,https://raw.githubusercontent.com/PokeAPI/sprites/master/sprites/pokemon/back/shiny/49.png,https://raw.githubusercontent.com/PokeAPI/sprites/master/sprites/pokemon/other/official-artwork/49.png
50,diglett,ground,https://raw.githubusercontent.com/PokeAPI/sprites/master/sprites/pokemon/50.png,https://raw.githubusercontent.com/PokeAPI/sprites/master/sprites/pokemon/shiny/50.png,https://raw.githubusercontent.com/PokeAPI/sprites/master/sprites/pokemon/back/50.png,https://raw.githubusercontent.com/PokeAPI/sprites/master/sprites/pokemon/back/shiny/50.png,https://raw.githubusercontent.com/PokeAPI/sprites/master/sprites/pokemon/other/official-artwork/50.png
51,dugtrio,ground,https://raw.githubusercontent.com/PokeAPI/sprites/master/sprites/pokemon/51.png,https://raw.githubusercontent.com/PokeAPI/sprites/master/sprites/pokemon/shiny/51.png,https://raw.githubusercontent.com/PokeAPI/sprites/master/sprites/pokemon/back/51.png,https://raw.githubusercontent.com/PokeAPI/sprites/master/sprites/pokemon/back/shiny/51.png,https://raw.githubusercontent.com/PokeAPI/sprites/master/sprites/pokemon/other/official-artwork/51.png
52,meowth,normal,https://raw.githubusercontent.com/PokeAPI/sprites/master/sprites/pokemon/52.png,https://raw.githubusercontent.com/PokeAPI/sprites/master/sprites/pokemon/shiny/52.png,https://raw.githubusercontent.com/PokeAPI/sprites/master/sprites/pokemon/back/52.png,https://raw.githubusercontent.com/PokeAPI/sprites/master/sprites/pokemon/back/shiny/52.png,https://raw.githubusercontent.com/PokeAPI/sprites/master/sprites/pokemon/other/official-artwork/52.png
53,persian,normal,https://raw.githubusercontent.com/PokeAPI/sprites/master/sprites/pokemon/53.png,https://raw.githubusercontent.com/PokeAPI/sprites/master/sprites/pokemon/shiny/53.png,https://raw.githubusercontent.com/PokeAPI/sprites/master/sprites/pokemon/back/53.png,https://raw.githubusercontent.com/PokeAPI/sprites/master/sprites/pokemon/back/shiny/53.png,https://raw.githubusercontent.com/PokeAPI/sprites/master/sprites/pokemon/other/official-artwork/53.png
54,psyduck,water,https://raw.githubusercontent.com/PokeAPI/sprites/master/sprites/pokemon/54.png,https://raw.githubusercontent.com/PokeAPI/sprites/master/sprites/pokemon/shiny/54.png,https://raw.githubusercontent.com/PokeAPI/sprites/master/sprites/pokemon/back/54.png,https://raw.githubusercontent.com/PokeAPI/sprites/master/sprites/pokemon/back/shiny/54.png,https://raw.githubusercontent.com/PokeAPI/sprites/master/sprites/pokemon/other/official-artwork/54.png
55,golduck,water,https://raw.githubusercontent.com/PokeAPI/sprites/master/sprites/pokemon/55.png,https://raw.githubusercontent.com/PokeAPI/sprites/master/sprites/pokemon/shiny/55.png,https://raw.githubusercontent.com/PokeAPI/sprites/master/sprites/pokemon/back/55.png,https://raw.githubusercontent.com/PokeAPI/sprites/master/sprites/pokemon/back/shiny/55.png,https://raw.githubusercontent.com/PokeAPI/sprites/master/sprites/pokemon/other/official-artwork/55.png
56,mankey,fighting,https://raw.githubusercontent.com/PokeAPI/sprites/master/sprites/pokemon/56.png,https://raw.githubusercontent.com/PokeAPI/sprites/master/sprites/pokemon/shiny/56.png,https://raw.githubusercontent.com/PokeAPI/sprites/master/sprites/pokemon/back/56.png,https://raw.githubusercontent.com/PokeAPI/sprites/master/sprites/pokemon/back/shiny/56.png,https://raw.githubusercontent.com/PokeAPI/sprites/master/sprites/pokemon/other/official-artwork/56.png
57,primeape,fighting,https://raw.githubusercontent.com/PokeAPI/sprites/master/sprites/pokemon/57.png,https://raw.githubusercontent.com/PokeAPI/sprites/master/sprites/pokemon/shiny/57.png,https://raw.githubusercontent.com/PokeAPI/sprites/master/sprites/pokemon/back/57.png,https://raw.githubusercontent.com/PokeAPI/sprites/master/sprites/pokemon/back/shiny/57.png,https://raw.githubusercontent.com/PokeAPI/sprites/master/sprites/pokemon/other/official-artwork/57.png
58,growlithe,fire,https://raw.githubusercontent.com/PokeAPI/sprites/master/sprites/pokemon/58.png,https://raw.githubusercontent.com/PokeAPI/sprites/master/sprites/pokemon/shiny/58.png,https://raw.githubusercontent.com/PokeAPI/sprites/master/sprites/pokemon/back/58.png,https://raw.githubusercontent.com/PokeAPI/sprites/master/sprites/pokemon/back/shiny/58.png,https://raw.githubusercontent.com/PokeAPI/sprites/master/sprites/pokemon/other/official-artwork/58.png
59,arcanine,fire,https://raw.githubusercontent.com/PokeAPI/sprites/master/sprites/pokemon/59.png,https://raw.githubusercontent.com/PokeAPI/sprites/master/sprites/pokemon/shiny/59.png,https://raw.githubusercontent.com/PokeAPI/sprites/master/sprites/pokemon/back/59.png,https://raw.githubusercontent.com/PokeAPI/sprites/master/sprites/pokemon/back/shiny/59.png,https://raw.githubusercontent.com/PokeAPI/sprites/master/sprites/pokemon/other/official-artwork/59.png
60,poliwag,water,https://raw.githubusercontent.com/PokeAPI/sprites/master/sprites/pokemon/60.png,https://raw.githubusercontent.com/PokeAPI/sprites/master/sprites/pokemon/shiny/60.png,https://raw.githubusercontent.com/PokeAPI/sprites/master/sprites/pokemon/back/60.png,https://raw.githubusercontent.com/PokeAPI/sprites/master/sprites/pokemon/back/shiny/60.png,https://raw.githubusercontent.com/PokeAPI/sprites/master/sprites/pokemon/other/official-artwork/60.png
61,poliwhirl,water,https://raw.githubusercontent.com/PokeAPI/sprites/master/sprites/pokemon/61.png,https://raw.githubusercontent.com/PokeAPI/sprites/master/sprites/pokemon/shiny/61.png,https://raw.githubusercontent.com/PokeAPI/sprites/master/sprites/pokemon/back/61.png,https://raw.githubusercontent.com/PokeAPI/sprites/master/sprites/pokemon/back/shiny/61.png,https://raw.githubusercontent.com/PokeAPI/sprites/master/sprites/pokemon/other/official-artwork/61.png
62,poliwrath,"water, fighting",https://raw.githubusercontent.com/PokeAPI/sprites/master/sprites/pokemon/62.png,https://raw.githubusercontent.com/PokeAPI/sprites/master/sprites/pokemon/shiny/62.png,https://raw.githubusercontent.com/PokeAPI/sprites/master/sprites/pokemon/back/62.png,https://raw.githubusercontent.com/PokeAPI/sprites/master/sprites/pokemon/back/shiny/62.png,https://raw.githubusercontent.com/PokeAPI/sprites/master/sprites/pokemon/other/official-artwork/62.png
63,abra,psychic,https://raw.githubusercontent.com/PokeAPI/sprites/master/sprites/pokemon/63.png,https://raw.githubusercontent.com/PokeAPI/sprites/master/sprites/pokemon/shiny/63.png,https://raw.githubusercontent.com/PokeAPI/sprites/master/sprites/pokemon/back/63.png,https://raw.githubusercontent.com/PokeAPI/sprites/master/sprites/pokemon/back/shiny/63.png,https://raw.githubusercontent.com/PokeAPI/sprites/master/sprites/pokemon/other/official-artwork/63.png
64,kadabra,psychic,https://raw.githubusercontent.com/PokeAPI/sprites/master/sprites/pokemon/64.png,https://raw.githubusercontent.com/PokeAPI/sprites/master/sprites/pokemon/shiny/64.png,https://raw.githubusercontent.com/PokeAPI/sprites/master/sprites/pokemon/back/64.png,https://raw.githubusercontent.com/PokeAPI/sprites/master/sprites/pokemon/back/shiny/64.png,https://raw.githubusercontent.com/PokeAPI/sprites/master/sprites/pokemon/other/official-artwork/64.png
65,alakazam,psychic,https://raw.githubusercontent.com/PokeAPI/sprites/master/sprites/pokemon/65.png,https://raw.githubusercontent.com/PokeAPI/sprites/master/sprites/pokemon/shiny/65.png,https://raw.githubusercontent.com/PokeAPI/sprites/master/sprites/pokemon/back/65.png,https://raw.githubusercontent.com/PokeAPI/sprites/master/sprites/pokemon/back/shiny/65.png,https://raw.githubusercontent.com/PokeAPI/sprites/master/sprites/pokemon/other/official-artwork/65.png
66,machop,fighting,https://raw.githubusercontent.com/PokeAPI/sprites/master/sprites/pokemon/66.png,https://raw.githubusercontent.com/PokeAPI/sprites/master/sprites/pokemon/shiny/66.png,https://raw.githubusercontent.com/PokeAPI/sprites/master/sprites/pokemon/back/66.png,https://raw.githubusercontent.com/PokeAPI/sprites/master/sprites/pokemon/back/shiny/66.png,https://raw.githubusercontent.com/PokeAPI/sprites/master/sprites/pokemon/other/official-artwork/66.png
67,machoke,fighting,https://raw.githubusercontent.com/PokeAPI/sprites/master/sprites/pokemon/67.png,https://raw.githubusercontent.com/PokeAPI/sprites/master/sprites/pokemon/shiny/67.png,https://raw.githubusercontent.com/PokeAPI/sprites/master/sprites/pokemon/back/67.png,https://raw.githubusercontent.com/PokeAPI/sprites/master/sprites/pokemon/back/shiny/67.png,https://raw.githubusercontent.com/PokeAPI/sprites/master/sprites/pokemon/other/official-artwork/67.png
68,machamp,fighting,https://raw.githubusercontent.com/PokeAPI/sprites/master/sprites/pokemon/68.png,https://raw.githubusercontent.com/PokeAPI/sprites/master/sprites/pokemon/shiny/68.png,https://raw.githubusercontent.com/PokeAPI/sprites/master/sprites/pokemon/back/68.png,https://raw.githubusercontent.com/PokeAPI/sprites/master/sprites/pokemon/back/shiny/68.png,https://raw.githubusercontent.com/PokeAPI/sprites/master/sprites/pokemon/other/official-artwork/68.png
69,bellsprout,"grass, poison",https://raw.githubusercontent.com/PokeAPI/sprites/master/sprites/pokemon/69.png,https://raw.githubusercontent.com/PokeAPI/sprites/master/sprites/pokemon/shiny/69.png,https://raw.githubusercontent.com/PokeAPI/sprites/master/sprites/pokemon/back/69.png,https://raw.githubusercontent.com/PokeAPI/sprites/master/sprites/pokemon/back/shiny/69.png,https://raw.githubusercontent.com/PokeAPI/sprites/master/sprites/pokemon/other/official-artwork/69.png
70,weepinbell,"grass, poison",https://raw.githubusercontent.com/PokeAPI/sprites/master/sprites/pokemon/70.png,https://raw.githubusercontent.com/PokeAPI/sprites/master/sprites/pokemon/shiny/70.png,https://raw.githubusercontent.com/PokeAPI/sprites/master/sprites/pokemon/back/70.png,https://raw.githubusercontent.com/PokeAPI/sprites/master/sprites/pokemon/back/shiny/70.png,https://raw.githubusercontent.com/PokeAPI/sprites/master/sprites/pokemon/other/official-artwork/70.png
71,victreebel,"grass, poison",https://raw.githubusercontent.com/PokeAPI/sprites/master/sprites/pokemon/71.png,https://raw.githubusercontent.com/PokeAPI/sprites/master/sprites/pokemon/shiny/71.png,https://raw.githubusercontent.com/PokeAPI/sprites/master/sprites/pokemon/back/71.png,https://raw.githubusercontent.com/PokeAPI/sprites/master/sprites/pokemon/back/shiny/71.png,https://raw.githubusercontent.com/PokeAPI/sprites/master/sprites/pokemon/other/official-artwork/71.png
72,tentacool,"water, poison",https://raw.githubusercontent.com/PokeAPI/sprites/master/sprites/pokemon/72.png,https://raw.githubusercontent.com/PokeAPI/sprites/master/sprites/pokemon/shiny/72.png,https://raw.githubusercontent.com/PokeAPI/sprites/master/sprites/pokemon/back/72.png,https://raw.githubusercontent.com/PokeAPI/sprites/master/sprites/pokemon/back/shiny/72.png,https://raw.githubusercontent.com/PokeAPI/sprites/master/sprites/pokemon/other/official-artwork/72.png
73,tentacruel,"water, poison",https://raw.githubusercontent.com/PokeAPI/sprites/master/sprites/pokemon/73.png,https://raw.githubusercontent.com/PokeAPI/sprites/master/sprites/pokemon/shiny/73.png,https://raw.githubusercontent.com/PokeAPI/sprites/master/sprites/pokemon/back/73.png,https://raw.githubusercontent.com/PokeAPI/sprites/master/sprites/pokemon/back/shiny/73.png,https://raw.githubusercontent.com/PokeAPI/sprites/master/sprites/pokemon/other/official-artwork/73.png
74,geodude,"rock, ground",https://raw.githubusercontent.com/PokeAPI/sprites/master/sprites/pokemon/74.png,https://raw.githubusercontent.com/PokeAPI/sprites/master/sprites/pokemon/shiny/74.png,https://raw.githubusercontent.com/PokeAPI/sprites/master/sprites/pokemon/back/74.png,https://raw.githubusercontent.com/PokeAPI/sprites/master/sprites/pokemon/back/shiny/74.png,https://raw.githubusercontent.com/PokeAPI/sprites/master/sprites/pokemon/other/official-artwork/74.png
75,graveler,"rock, ground",https://raw.githubusercontent.com/PokeAPI/sprites/master/sprites/pokemon/75.png,https://raw.githubusercontent.com/PokeAPI/sprites/master/sprites/pokemon/shiny/75.png,https://raw.githubusercontent.com/PokeAPI/sprites/master/sprites/pokemon/back/75.png,https://raw.githubusercontent.com/PokeAPI/sprites/master/sprites/pokemon/back/shiny/75.png,https://raw.githubusercontent.com/PokeAPI/sprites/master/sprites/pokemon/other/official-artwork/75.png
76,golem,"rock, ground",https://raw.githubusercontent.com/PokeAPI/sprites/master/sprites/pokemon/76.png,https://raw.githubusercontent.com/PokeAPI/sprites/master/sprites/pokemon/shiny/76.png,https://raw.githubusercontent.com/PokeAPI/sprites/master/sprites/pokemon/back/76.png,https://raw.githubusercontent.com/PokeAPI/sprites/master/sprites/pokemon/back/shiny/76.png,https://raw.githubusercontent.com/PokeAPI/sprites/master/sprites/pokemon/other/official-artwork/76.png
77,ponyta,fire,https://raw.githubusercontent.com/PokeAPI/sprites/master/sprites/pokemon/77.png,https://raw.githubusercontent.com/PokeAPI/sprites/master/sprites/pokemon/shiny/77.png,https://raw.githubusercontent.com/PokeAPI/sprites/master/sprites/pokemon/back/77.png,https://raw.githubusercontent.com/PokeAPI/sprites/master/sprites/pokemon/back/shiny/77.png,https://raw.githubusercontent.com/PokeAPI/sprites/master/sprites/pokemon/other/official-artwork/77.png
78,rapidash,fire,https://raw.githubusercontent.com/PokeAPI/sprites/master/sprites/pokemon/78.png,https://raw.githubusercontent.com/PokeAPI/sprites/master/sprites/pokemon/shiny/78.png,https://raw.githubusercontent.com/PokeAPI/sprites/master/sprites/pokemon/back/78.png,https://raw.githubusercontent.com/PokeAPI/sprites/master/sprites/pokemon/back/shiny/78.png,https://raw.githubusercontent.com/PokeAPI/sprites/master/sprites/pokemon/other/official-artwork/78.png
79,slowpoke,"water, psychic",https://raw.githubusercontent.com/PokeAPI/sprites/master/sprites/pokemon/79.png,https://raw.githubusercontent.com/PokeAPI/sprites/master/sprites/pokemon/shiny/79.png,https://raw.githubusercontent.com/PokeAPI/sprites/master/sprites/pokemon/back/79.png,https://raw.githubusercontent.com/PokeAPI/sprites/master/sprites/pokemon/back/shiny/79.png,https://raw.githubusercontent.com/PokeAPI/sprites/master/sprites/pokemon/other/official-artwork/79.png
80,slowbro,"water, psychic",https://raw.githubusercontent.com/PokeAPI/sprites/master/sprites/pokemon/80.png,https://raw.githubusercontent.com/PokeAPI/sprites/master/sprites/pokemon/shiny/80.png,https://raw.githubusercontent.com/PokeAPI/sprites/master/sprites/pokemon/back/80.png,https://raw.githubusercontent.com/PokeAPI/sprites/master/sprites/pokemon/back/shiny/80.png,https://raw.githubusercontent.com/PokeAPI/sprites/master/sprites/pokemon/other/official-artwork/80.png
81,magnemite,"electric, steel",https://raw.githubusercontent.com/PokeAPI/sprites/master/sprites/pokemon/81.png,https://raw.githubusercontent.com/PokeAPI/sprites/master/sprites/pokemon/shiny/81.png,https://raw.githubusercontent.com/PokeAPI/sprites/master/sprites/pokemon/back/81.png,https://raw.githubusercontent.com/PokeAPI/sprites/master/sprites/pokemon/back/shiny/81.png,https://raw.githubusercontent.com/PokeAPI/sprites/master/sprites/pokemon/other/official-artwork/81.png
82,magneton,"electric, steel",https://raw.githubusercontent.com/PokeAPI/sprites/master/sprites/pokemon/82.png,https://raw.githubusercontent.com/PokeAPI/sprites/master/sprites/pokemon/shiny/82.png,https://raw.githubusercontent.com/PokeAPI/sprites/master/sprites/pokemon/back/82.png,https://raw.githubusercontent.com/PokeAPI/sprites/master/sprites/pokemon/back/shiny/82.png,https://raw.githubusercontent.com/PokeAPI/sprites/master/sprites/pokemon/other/official-artwork/82.png
83,farfetchd,"normal, flying",https://raw.githubusercontent.com/PokeAPI/sprites/master/sprites/pokemon/83.png,https://raw.githubusercontent.com/PokeAPI/sprites/master/sprites/pokemon/shiny/83.png,https://raw.githubusercontent.com/PokeAPI/sprites/master/sprites/pokemon/back/83.png,https://raw.githubusercontent.com/PokeAPI/sprites/master/sprites/pokemon/back/shiny/83.png,https://raw.githubusercontent.com/PokeAPI/sprites/master/sprites/pokemon/other/official-artwork/83.png
84,doduo,"normal, flying",https://raw.githubusercontent.com/PokeAPI/sprites/master/sprites/pokemon/84.png,https://raw.githubusercontent.com/PokeAPI/sprites/master/sprites/pokemon/shiny/84.png,https://raw.githubusercontent.com/PokeAPI/sprites/master/sprites/pokemon/back/84.png,https://raw.githubusercontent.com/PokeAPI/sprites/master/sprites/pokemon/back/shiny/84.png,https://raw.githubusercontent.com/PokeAPI/sprites/master/sprites/pokemon/other/official-artwork/84.png
85,dodrio,"normal, flying",https://raw.githubusercontent.com/PokeAPI/sprites/master/sprites/pokemon/85.png,https://raw.githubusercontent.com/PokeAPI/sprites/master/sprites/pokemon/shiny/85.png,https://raw.githubusercontent.com/PokeAPI/sprites/master/sprites/pokemon/back/85.png,https://raw.githubusercontent.com/PokeAPI/sprites/master/sprites/pokemon/back/shiny/85.png,https://raw.githubusercontent.com/PokeAPI/sprites/master/sprites/pokemon/other/official-artwork/85.png
86,seel,water,https://raw.githubusercontent.com/PokeAPI/sprites/master/sprites/pokemon/86.png,https://raw.githubusercontent.com/PokeAPI/sprites/master/sprites/pokemon/shiny/86.png,https://raw.githubusercontent.com/PokeAPI/sprites/master/sprites/pokemon/back/86.png,https://raw.githubusercontent.com/PokeAPI/sprites/master/sprites/pokemon/back/shiny/86.png,https://raw.githubusercontent.com/PokeAPI/sprites/master/sprites/pokemon/other/official-artwork/86.png
87,dewgong,"water, ice",https://raw.githubusercontent.com/PokeAPI/sprites/master/sprites/pokemon/87.png,https://raw.githubusercontent.com/PokeAPI/sprites/master/sprites/pokemon/shiny/87.png,https://raw.githubusercontent.com/PokeAPI/sprites/master/sprites/pokemon/back/87.png,https://raw.githubusercontent.com/PokeAPI/sprites/master/sprites/pokemon/back/shiny/87.png,https://raw.githubusercontent.com/PokeAPI/sprites/master/sprites/pokemon/other/official-artwork/87.png
88,grimer,poison,https://raw.githubusercontent.com/PokeAPI/sprites/master/sprites/pokemon/88.png,https://raw.githubusercontent.com/PokeAPI/sprites/master/sprites/pokemon/shiny/88.png,https://raw.githubusercontent.com/PokeAPI/sprites/master/sprites/pokemon/back/88.png,https://raw.githubusercontent.com/PokeAPI/sprites/master/sprites/pokemon/back/shiny/88.png,https://raw.githubusercontent.com/PokeAPI/sprites/master/sprites/pokemon/other/official-artwork/88.png
89,muk,poison,https://raw.githubusercontent.com/PokeAPI/sprites/master/sprites/pokemon/89.png,https://raw.githubusercontent.com/PokeAPI/sprites/master/sprites/pokemon/shiny/89.png,https://raw.githubusercontent.com/PokeAPI/sprites/master/sprites/pokemon/back/89.png,https://raw.githubusercontent.com/PokeAPI/sprites/master/sprites/pokemon/back/shiny/89.png,https://raw.githubusercontent.com/PokeAPI/sprites/master/sprites/pokemon/other/official-artwork/89.png
90,shellder,water,https://raw.githubusercontent.com/PokeAPI/sprites/master/sprites/pokemon/90.png,https://raw.githubusercontent.com/PokeAPI/sprites/master/sprites/pokemon/shiny/90.png,https://raw.githubusercontent.com/PokeAPI/sprites/master/sprites/pokemon/back/90.png,https://raw.githubusercontent.com/PokeAPI/sprites/master/sprites/pokemon/back/shiny/90.png,https://raw.githubusercontent.com/PokeAPI/sprites/master/sprites/pokemon/other/official-artwork/90.png
91,cloyster,"water, ice",https://raw.githubusercontent.com/PokeAPI/sprites/master/sprites/pokemon/91.png,https://raw.githubusercontent.com/PokeAPI/sprites/master/sprites/pokemon/shiny/91.png,https://raw.githubusercontent.com/PokeAPI/sprites/master/sprites/pokemon/back/91.png,https://raw.githubusercontent.com/PokeAPI/sprites/master/sprites/pokemon/back/shiny/91.png,https://raw.githubusercontent.com/PokeAPI/sprites/master/sprites/pokemon/other/official-artwork/91.png
92,gastly,"ghost, poison",https://raw.githubusercontent.com/PokeAPI/sprites/master/sprites/pokemon/92.png,https://raw.githubusercontent.com/PokeAPI/sprites/master/sprites/pokemon/shiny/92.png,https://raw.githubusercontent.com/PokeAPI/sprites/master/sprites/pokemon/back/92.png,https://raw.githubusercontent.com/PokeAPI/sprites/master/sprites/pokemon/back/shiny/92.png,https://raw.githubusercontent.com/PokeAPI/sprites/master/sprites/pokemon/other/official-artwork/92.png
93,haunter,"ghost, poison",https://raw.githubusercontent.com/PokeAPI/sprites/master/sprites/pokemon/93.png,https://raw.githubusercontent.com/PokeAPI/sprites/master/sprites/pokemon/shiny/93.png,https://raw.githubusercontent.com/PokeAPI/sprites/master/sprites/pokemon/back/93.png,https://raw.githubusercontent.com/PokeAPI/sprites/master/sprites/pokemon/back/shiny/93.png,https://raw.githubusercontent.com/PokeAPI/sprites/master/sprites/pokemon/other/official-artwork/93.png
94,gengar,"ghost, poison",https://raw.githubusercontent.com/PokeAPI/sprites/master/sprites/pokemon/94.png,https://raw.githubusercontent.com/PokeAPI/sprites/master/sprites/pokemon/shiny/94.png,https://raw.githubusercontent.com/PokeAPI/sprites/master/sprites/pokemon/back/94.png,https://raw.githubusercontent.com/PokeAPI/sprites/master/sprites/pokemon/back/shiny/94.png,https://raw.githubusercontent.com/PokeAPI/sprites/master/sprites/pokemon/other/official-artwork/94.png
95,onix,"rock, ground",https://raw.githubusercontent.com/PokeAPI/sprites/master/sprites/pokemon/95.png,https://raw.githubusercontent.com/PokeAPI/sprites/master/sprites/pokemon/shiny/95.png,https://raw.githubusercontent.com/PokeAPI/sprites/master/sprites/pokemon/back/95.png,https://raw.githubusercontent.com/PokeAPI/sprites/master/sprites/pokemon/back/shiny/95.png,https://raw.githubusercontent.com/PokeAPI/sprites/master/sprites/pokemon/other/official-artwork/95.png
96,drowzee,psychic,https://raw.githubusercontent.com/PokeAPI/sprites/master/sprites/pokemon/96.png,https://raw.githubusercontent.com/PokeAPI/sprites/master/sprites/pokemon/shiny/96.png,https://raw.githubusercontent.com/PokeAPI/sprites/master/sprites/pokemon/back/96.png,https://raw.githubusercontent.com/PokeAPI/sprites/master/sprites/pokemon/back/shiny/96.png,https://raw.githubusercontent.com/PokeAPI/sprites/master/sprites/pokemon/other/official-artwork/96.png
97,hypno,psychic,https://raw.githubusercontent.com/PokeAPI/sprites/master/sprites/pokemon/97.png,https://raw.githubusercontent.com/PokeAPI/sprites/master/sprites/pokemon/shiny/97.png,https://raw.githubusercontent.com/PokeAPI/sprites/master/sprites/pokemon/back/97.png,https://raw.githubusercontent.com/PokeAPI/sprites/master/sprites/pokemon/back/shiny/97.png,https://raw.githubusercontent.com/PokeAPI/sprites/master/sprites/pokemon/other/official-artwork/97.png
98,krabby,water,https://raw.githubusercontent.com/PokeAPI/sprites/master/sprites/pokemon/98.png,https://raw.githubusercontent.com/PokeAPI/sprites/master/sprites/pokemon/shiny/98.png,https://raw.githubusercontent.com/PokeAPI/sprites/master/sprites/pokemon/back/98.png,https://raw.githubusercontent.com/PokeAPI/sprites/master/sprites/pokemon/back/shiny/98.png,https://raw.githubusercontent.com/PokeAPI/sprites/master/sprites/pokemon/other/official-artwork/98.png
99,kingler,water,https://raw.githubusercontent.com/PokeAPI/sprites/master/sprites/pokemon/99.png,https://raw.githubusercontent.com/PokeAPI/sprites/master/sprites/pokemon/shiny/99.png,https://raw.githubusercontent.com/PokeAPI/sprites/master/sprites/pokemon/back/99.png,https://raw.githubusercontent.com/PokeAPI/sprites/master/sprites/pokemon/back/shiny/99.png,https://raw.githubusercontent.com/PokeAPI/sprites/master/sprites/pokemon/other/official-artwork/99.png
100,voltorb,electric,https://raw.githubusercontent.com/PokeAPI/sprites/master/sprites/pokemon/100.png,https://raw.githubusercontent.com/PokeAPI/sprites/master/sprites/pokemon/shiny/100.png,https://raw.githubusercontent.com/PokeAPI/sprites/master/sprites/pokemon/back/100.png,https://raw.githubusercontent.com/PokeAPI/sprites/master/sprites/pokemon/back/shiny/100.png,https://raw.githubusercontent.com/PokeAPI/sprites/master/sprites/pokemon/other/official-artwork/100.png
101,electrode,electric,https://raw.githubusercontent.com/PokeAPI/sprites/master/sprites/pokemon/101.png,https://raw.githubusercontent.com/PokeAPI/sprites/master/sprites/pokemon/shiny/101.png,https://raw.githubusercontent.com/PokeAPI/sprites/master/sprites/pokemon/back/101.png,https://raw.githubusercontent.com/PokeAPI/sprites/master/sprites/pokemon/back/shiny/101.png,https://raw.githubusercontent.com/PokeAPI/sprites/master/sprites/pokemon/other/official-artwork/101.png
102,exeggcute,"grass, psychic",https://raw.githubusercontent.com/PokeAPI/sprites/master/sprites/pokemon/102.png,https://raw.githubusercontent.com/PokeAPI/sprites/master/sprites/pokemon/shiny/102.png,https://raw.githubusercontent.com/PokeAPI/sprites/master/sprites/pokemon/back/102.png,https://raw.githubusercontent.com/PokeAPI/sprites/master/sprites/pokemon/back/shiny/102.png,https://raw.githubusercontent.com/PokeAPI/sprites/master/sprites/pokemon/other/official-artwork/102.png
103,exeggutor,"grass, psychic",https://raw.githubusercontent.com/PokeAPI/sprites/master/sprites/pokemon/103.png,https://raw.githubusercontent.com/PokeAPI/sprites/master/sprites/pokemon/shiny/103.png,https://raw.githubusercontent.com/PokeAPI/sprites/master/sprites/pokemon/back/103.png,https://raw.githubusercontent.com/PokeAPI/sprites/master/sprites/pokemon/back/shiny/103.png,https://raw.githubusercontent.com/PokeAPI/sprites/master/sprites/pokemon/other/official-artwork/103.png
104,cubone,ground,https://raw.githubusercontent.com/PokeAPI/sprites/master/sprites/pokemon/104.png,https://raw.githubusercontent.com/PokeAPI/sprites/master/sprites/pokemon/shiny/104.png,https://raw.githubusercontent.com/PokeAPI/sprites/master/sprites/pokemon/back/104.png,https://raw.githubusercontent.com/PokeAPI/sprites/master/sprites/pokemon/back/shiny/104.png,https://raw.githubusercontent.com/PokeAPI/sprites/master/sprites/pokemon/other/official-artwork/104.png
105,marowak,ground,https://raw.githubusercontent.com/PokeAPI/sprites/master/sprites/pokemon/105.png,https://raw.githubusercontent.com/PokeAPI/sprites/master/sprites/pokemon/shiny/105.png,https://raw.githubusercontent.com/PokeAPI/sprites/master/sprites/pokemon/back/105.png,https://raw.githubusercontent.com/PokeAPI/sprites/master/sprites/pokemon/back/shiny/105.png,https://raw.githubusercontent.com/PokeAPI/sprites/master/sprites/pokemon/other/official-artwork/105.png
106,hitmonlee,fighting,https://raw.githubusercontent.com/PokeAPI/sprites/master/sprites/pokemon/106.png,https://raw.githubusercontent.com/PokeAPI/sprites/master/sprites/pokemon/shiny/106.png,https://raw.githubusercontent.com/PokeAPI/sprites/master/sprites/pokemon/back/106.png,https://raw.githubusercontent.com/PokeAPI/sprites/master/sprites/pokemon/back/shiny/106.png,https://raw.githubusercontent.com/PokeAPI/sprites/master/sprites/pokemon/other/official-artwork/106.png
107,hitmonchan,fighting,https://raw.githubusercontent.com/PokeAPI/sprites/master/sprites/pokemon/107.png,https://raw.githubusercontent.com/PokeAPI/sprites/master/sprites/pokemon/shiny/107.png,https://raw.githubusercontent.com/PokeAPI/sprites/master/sprites/pokemon/back/107.png,https://raw.githubusercontent.com/PokeAPI/sprites/master/sprites/pokemon/back/shiny/107.png,https://raw.githubusercontent.com/PokeAPI/sprites/master/sprites/pokemon/other/official-artwork/107.png
108,lickitung,normal,https://raw.githubusercontent.com/PokeAPI/sprites/master/sprites/pokemon/108.png,https://raw.githubusercontent.com/PokeAPI/sprites/master/sprites/pokemon/shiny/108.png,https://raw.githubusercontent.com/PokeAPI/sprites/master/sprites/pokemon/back/108.png,https://raw.githubusercontent.com/PokeAPI/sprites/master/sprites/pokemon/back/shiny/108.png,https://raw.githubusercontent.com/PokeAPI/sprites/master/sprites/pokemon/other/official-artwork/108.png
109,koffing,poison,https://raw.githubusercontent.com/PokeAPI/sprites/master/sprites/pokemon/109.png,https://raw.githubusercontent.com/PokeAPI/sprites/master/sprites/pokemon/shiny/109.png,https://raw.githubusercontent.com/PokeAPI/sprites/master/sprites/pokemon/back/109.png,https://raw.githubusercontent.com/PokeAPI/sprites/master/sprites/pokemon/back/shiny/109.png,https://raw.githubusercontent.com/PokeAPI/sprites/master/sprites/pokemon/other/official-artwork/109.png
110,weezing,poison,https://raw.githubusercontent.com/PokeAPI/sprites/master/sprites/pokemon/110.png,https://raw.githubusercontent.com/PokeAPI/sprites/master/sprites/pokemon/shiny/110.png,https://raw.githubusercontent.com/PokeAPI/sprites/master/sprites/pokemon/back/110.png,https://raw.githubusercontent.com/PokeAPI/sprites/master/sprites/pokemon/back/shiny/110.png,https://raw.githubusercontent.com/PokeAPI/sprites/master/sprites/pokemon/other/official-artwork/110.png
111,rhyhorn,"ground, rock",https://raw.githubusercontent.com/PokeAPI/sprites/master/sprites/pokemon/111.png,https://raw.githubusercontent.com/PokeAPI/sprites/master/sprites/pokemon/shiny/111.png,https://raw.githubusercontent.com/PokeAPI/sprites/master/sprites/pokemon/back/111.png,https://raw.githubusercontent.com/PokeAPI/sprites/master/sprites/pokemon/back/shiny/111.png,https://raw.githubusercontent.com/PokeAPI/sprites/master/sprites/pokemon/other/official-artwork/111.png
112,rhydon,"ground, rock",https://raw.githubusercontent.com/PokeAPI/sprites/master/sprites/pokemon/112.png,https://raw.githubusercontent.com/PokeAPI/sprites/master/sprites/pokemon/shiny/112.png,https://raw.githubusercontent.com/PokeAPI/sprites/master/sprites/pokemon/back/112.png,https://raw.githubusercontent.com/PokeAPI/sprites/master/sprites/pokemon/back/shiny/112.png,https://raw.githubusercontent.com/PokeAPI/sprites/master/sprites/pokemon/other/official-artwork/112.png
113,chansey,normal,https://raw.githubusercontent.com/PokeAPI/sprites/master/sprites/pokemon/113.png,https://raw.githubusercontent.com/PokeAPI/sprites/master/sprites/pokemon/shiny/113.png,https://raw.githubusercontent.com/PokeAPI/sprites/master/sprites/pokemon/back/113.png,https://raw.githubusercontent.com/PokeAPI/sprites/master/sprites/pokemon/back/shiny/113.png,https://raw.githubusercontent.com/PokeAPI/sprites/master/sprites/pokemon/other/official-artwork/113.png
114,tangela,grass,https://raw.githubusercontent.com/PokeAPI/sprites/master/sprites/pokemon/114.png,https://raw.githubusercontent.com/PokeAPI/sprites/master/sprites/pokemon/shiny/114.png,https://raw.githubusercontent.com/PokeAPI/sprites/master/sprites/pokemon/back/114.png,https://raw.githubusercontent.com/PokeAPI/sprites/master/sprites/pokemon/back/shiny/114.png,https://raw.githubusercontent.com/PokeAPI/sprites/master/sprites/pokemon/other/official-artwork/114.png
115,kangaskhan,normal,https://raw.githubusercontent.com/PokeAPI/sprites/master/sprites/pokemon/115.png,https://raw.githubusercontent.com/PokeAPI/sprites/master/sprites/pokemon/shiny/115.png,https://raw.githubusercontent.com/PokeAPI/sprites/master/sprites/pokemon/back/115.png,https://raw.githubusercontent.com/PokeAPI/sprites/master/sprites/pokemon/back/shiny/115.png,https://raw.githubusercontent.com/PokeAPI/sprites/master/sprites/pokemon/other/official-artwork/115.png
116,horsea,water,https://raw.githubusercontent.com/PokeAPI/sprites/master/sprites/pokemon/116.png,https://raw.githubusercontent.com/PokeAPI/sprites/master/sprites/pokemon/shiny/116.png,https://raw.githubusercontent.com/PokeAPI/sprites/master/sprites/pokemon/back/116.png,https://raw.githubusercontent.com/PokeAPI/sprites/master/sprites/pokemon/back/shiny/116.png,https://raw.githubusercontent.com/PokeAPI/sprites/master/sprites/pokemon/other/official-artwork/116.png
117,seadra,water,https://raw.githubusercontent.com/PokeAPI/sprites/master/sprites/pokemon/117.png,https://raw.githubusercontent.com/PokeAPI/sprites/master/sprites/pokemon/shiny/117.png,https://raw.githubusercontent.com/PokeAPI/sprites/master/sprites/pokemon/back/117.png,https://raw.githubusercontent.com/PokeAPI/sprites/master/sprites/pokemon/back/shiny/117.png,https://raw.githubusercontent.com/PokeAPI/sprites/master/sprites/pokemon/other/official-artwork/117.png
118,goldeen,water,https://raw.githubusercontent.com/PokeAPI/sprites/master/sprites/pokemon/118.png,https://raw.githubusercontent.com/PokeAPI/sprites/master/sprites/pokemon/shiny/118.png,https://raw.githubusercontent.com/PokeAPI/sprites/master/sprites/pokemon/back/118.png,https://raw.githubusercontent.com/PokeAPI/sprites/master/sprites/pokemon/back/shiny/118.png,https://raw.githubusercontent.com/PokeAPI/sprites/master/sprites/pokemon/other/official-artwork/118.png
119,seaking,water,https://raw.githubusercontent.com/PokeAPI/sprites/master/sprites/pokemon/119.png,https://raw.githubusercontent.com/PokeAPI/sprites/master/sprites/pokemon/shiny/119.png,https://raw.githubusercontent.com/PokeAPI/sprites/master/sprites/pokemon/back/119.png,https://raw.githubusercontent.com/PokeAPI/sprites/master/sprites/pokemon/back/shiny/119.png,https://raw.githubusercontent.com/PokeAPI/sprites/master/sprites/pokemon/other/official-artwork/119.png
120,staryu,water,https://raw.githubusercontent.com/PokeAPI/sprites/master/sprites/pokemon/120.png,https://raw.githubusercontent.com/PokeAPI/sprites/master/sprites/pokemon/shiny/120.png,https://raw.githubusercontent.com/PokeAPI/sprites/master/sprites/pokemon/back/120.png,https://raw.githubusercontent.com/PokeAPI/sprites/master/sprites/pokemon/back/shiny/120.png,https://raw.githubusercontent.com/PokeAPI/sprites/master/sprites/pokemon/other/official-artwork/120.png
121,starmie,"water, psychic",https://raw.githubusercontent.com/PokeAPI/sprites/master/sprites/pokemon/121.png,https://raw.githubusercontent.com/PokeAPI/sprites/master/sprites/pokemon/shiny/121.png,https://raw.githubusercontent.com/PokeAPI/sprites/master/sprites/pokemon/back/121.png,https://raw.githubusercontent.com/PokeAPI/sprites/master/sprites/pokemon/back/shiny/121.png,https://raw.githubusercontent.com/PokeAPI/sprites/master/sprites/pokemon/other/official-artwork/121.png
122,mr-mime,"psychic, fairy",https://raw.githubusercontent.com/PokeAPI/sprites/master/sprites/pokemon/122.png,https://raw.githubusercontent.com/PokeAPI/sprites/master/sprites/pokemon/shiny/122.png,https://raw.githubusercontent.com/PokeAPI/sprites/master/sprites/pokemon/back/122.png,https://raw.githubusercontent.com/PokeAPI/sprites/master/sprites/pokemon/back/shiny/122.png,https://raw.githubusercontent.com/PokeAPI/sprites/master/sprites/pokemon/other/official-artwork/122.png
123,scyther,"bug, flying",https://raw.githubusercontent.com/PokeAPI/sprites/master/sprites/pokemon/123.png,https://raw.githubusercontent.com/PokeAPI/sprites/master/sprites/pokemon/shiny/123.png,https://raw.githubusercontent.com/PokeAPI/sprites/master/sprites/pokemon/back/123.png,https://raw.githubusercontent.com/PokeAPI/sprites/master/sprites/pokemon/back/shiny/123.png,https://raw.githubusercontent.com/PokeAPI/sprites/master/sprites/pokemon/other/official-artwork/123.png
124,jynx,"ice, psychic",https://raw.githubusercontent.com/PokeAPI/sprites/master/sprites/pokemon/124.png,https://raw.githubusercontent.com/PokeAPI/sprites/master/sprites/pokemon/shiny/124.png,https://raw.githubusercontent.com/PokeAPI/sprites/master/sprites/pokemon/back/124.png,https://raw.githubusercontent.com/PokeAPI/sprites/master/sprites/pokemon/back/shiny/124.png,https://raw.githubusercontent.com/PokeAPI/sprites/master/sprites/pokemon/other/official-artwork/124.png
125,electabuzz,electric,https://raw.githubusercontent.com/PokeAPI/sprites/master/sprites/pokemon/125.png,https://raw.githubusercontent.com/PokeAPI/sprites/master/sprites/pokemon/shiny/125.png,https://raw.githubusercontent.com/PokeAPI/sprites/master/sprites/pokemon/back/125.png,https://raw.githubusercontent.com/PokeAPI/sprites/master/sprites/pokemon/back/shiny/125.png,https://raw.githubusercontent.com/PokeAPI/sprites/master/sprites/pokemon/other/official-artwork/125.png
126,magmar,fire,https://raw.githubusercontent.com/PokeAPI/sprites/master/sprites/pokemon/126.png,https://raw.githubusercontent.com/PokeAPI/sprites/master/sprites/pokemon/shiny/126.png,https://raw.githubusercontent.com/PokeAPI/sprites/master/sprites/pokemon/back/126.png,https://raw.githubusercontent.com/PokeAPI/sprites/master/sprites/pokemon/back/shiny/126.png,https://raw.githubusercontent.com/PokeAPI/sprites/master/sprites/pokemon/other/official-artwork/126.png
127,pinsir,bug,https://raw.githubusercontent.com/PokeAPI/sprites/master/sprites/pokemon/127.png,https://raw.githubusercontent.com/PokeAPI/sprites/master/sprites/pokemon/shiny/127.png,https://raw.githubusercontent.com/PokeAPI/sprites/master/sprites/pokemon/back/127.png,https://raw.githubusercontent.com/PokeAPI/sprites/master/sprites/pokemon/back/shiny/127.png,https://raw.githubusercontent.com/PokeAPI/sprites/master/sprites/pokemon/other/official-artwork/127.png
128,tauros,normal,https://raw.githubusercontent.com/PokeAPI/sprites/master/sprites/pokemon/128.png,https://raw.githubusercontent.com/PokeAPI/sprites/master/sprites/pokemon/shiny/128.png,https://raw.githubusercontent.com/PokeAPI/sprites/master/sprites/pokemon/back/128.png,https://raw.githubusercontent.com/PokeAPI/sprites/master/sprites/pokemon/back/shiny/128.png,https://raw.githubusercontent.com/PokeAPI/sprites/master/sprites/pokemon/other/official-artwork/128.png
129,magikarp,water,https://raw.githubusercontent.com/PokeAPI/sprites/master/sprites/pokemon/129.png,https://raw.githubusercontent.com/PokeAPI/sprites/master/sprites/pokemon/shiny/129.png,https://raw.githubusercontent.com/PokeAPI/sprites/master/sprites/pokemon/back/129.png,https://raw.githubusercontent.com/PokeAPI/sprites/master/sprites/pokemon/back/shiny/129.png,https://raw.githubusercontent.com/PokeAPI/sprites/master/sprites/pokemon/other/official-artwork/129.png
130,gyarados,"water, flying",https://raw.githubusercontent.com/PokeAPI/sprites/master/sprites/pokemon/130.png,https://raw.githubusercontent.com/PokeAPI/sprites/master/sprites/pokemon/shiny/130.png,https://raw.githubusercontent.com/PokeAPI/sprites/master/sprites/pokemon/back/130.png,https://raw.githubusercontent.com/PokeAPI/sprites/master/sprites/pokemon/back/shiny/130.png,https://raw.githubusercontent.com/PokeAPI/sprites/master/sprites/pokemon/other/official-artwork/130.png
131,lapras,"water, ice",https://raw.githubusercontent.com/PokeAPI/sprites/master/sprites/pokemon/131.png,https://raw.githubusercontent.com/PokeAPI/sprites/master/sprites/pokemon/shiny/131.png,https://raw.githubusercontent.com/PokeAPI/sprites/master/sprites/pokemon/back/131.png,https://raw.githubusercontent.com/PokeAPI/sprites/master/sprites/pokemon/back/shiny/131.png,https://raw.githubusercontent.com/PokeAPI/sprites/master/sprites/pokemon/other/official-artwork/131.png
132,ditto,normal,https://raw.githubusercontent.com/PokeAPI/sprites/master/sprites/pokemon/132.png,https://raw.githubusercontent.com/PokeAPI/sprites/master/sprites/pokemon/shiny/132.png,https://raw.githubusercontent.com/PokeAPI/sprites/master/sprites/pokemon/back/132.png,https://raw.githubusercontent.com/PokeAPI/sprites/master/sprites/pokemon/back/shiny/132.png,https://raw.githubusercontent.com/PokeAPI/sprites/master/sprites/pokemon/other/official-artwork/132.png
133,eevee,normal,https://raw.githubusercontent.com/PokeAPI/sprites/master/sprites/pokemon/133.png,https://raw.githubusercontent.com/PokeAPI/sprites/master/sprites/pokemon/shiny/133.png,https://raw.githubusercontent.com/PokeAPI/sprites/master/sprites/pokemon/back/133.png,https://raw.githubusercontent.com/PokeAPI/sprites/master/sprites/pokemon/back/shiny/133.png,https://raw.githubusercontent.com/PokeAPI/sprites/master/sprites/pokemon/other/official-artwork/133.png
134,vaporeon,water,https://raw.githubusercontent.com/PokeAPI/sprites/master/sprites/pokemon/134.png,https://raw.githubusercontent.com/PokeAPI/sprites/master/sprites/pokemon/shiny/134.png,https://raw.githubusercontent.com/PokeAPI/sprites/master/sprites/pokemon/back/134.png,https://raw.githubusercontent.com/PokeAPI/sprites/master/sprites/pokemon/back/shiny/134.png,https://raw.githubusercontent.com/PokeAPI/sprites/master/sprites/pokemon/other/official-artwork/134.png
135,jolteon,electric,https://raw.githubusercontent.com/PokeAPI/sprites/master/sprites/pokemon/135.png,https://raw.githubusercontent.com/PokeAPI/sprites/master/sprites/pokemon/shiny/135.png,https://raw.githubusercontent.com/PokeAPI/sprites/master/sprites/pokemon/back/135.png,https://raw.githubusercontent.com/PokeAPI/sprites/master/sprites/pokemon/back/shiny/135.png,https://raw.githubusercontent.com/PokeAPI/sprites/master/sprites/pokemon/other/official-artwork/135.png
136,flareon,fire,https://raw.githubusercontent.com/PokeAPI/sprites/master/sprites/pokemon/136.png,https://raw.githubusercontent.com/PokeAPI/sprites/master/sprites/pokemon/shiny/136.png,https://raw.githubusercontent.com/PokeAPI/sprites/master/sprites/pokemon/back/136.png,https://raw.githubusercontent.com/PokeAPI/sprites/master/sprites/pokemon/back/shiny/136.png,https://raw.githubusercontent.com/PokeAPI/sprites/master/sprites/pokemon/other/official-artwork/136.png
137,porygon,normal,https://raw.githubusercontent.com/PokeAPI/sprites/master/sprites/pokemon/137.png,https://raw.githubusercontent.com/PokeAPI/sprites/master/sprites/pokemon/shiny/137.png,https://raw.githubusercontent.com/PokeAPI/sprites/master/sprites/pokemon/back/137.png,https://raw.githubusercontent.com/PokeAPI/sprites/master/sprites/pokemon/back/shiny/137.png,https://raw.githubusercontent.com/PokeAPI/sprites/master/sprites/pokemon/other/official-artwork/137.png
138,omanyte,"rock, water",https://raw.githubusercontent.com/PokeAPI/sprites/master/sprites/pokemon/138.png,https://raw.githubusercontent.com/PokeAPI/sprites/master/sprites/pokemon/shiny/138.png,https://raw.githubusercontent.com/PokeAPI/sprites/master/sprites/pokemon/back/138.png,https://raw.githubusercontent.com/PokeAPI/sprites/master/sprites/pokemon/back/shiny/138.png,https://raw.githubusercontent.com/PokeAPI/sprites/master/sprites/pokemon/other/official-artwork/138.png
139,omastar,"rock, water",https://raw.githubusercontent.com/PokeAPI/sprites/master/sprites/pokemon/139.png,https://raw.githubusercontent.com/PokeAPI/sprites/master/sprites/pokemon/shiny/139.png,https://raw.githubusercontent.com/PokeAPI/sprites/master/sprites/pokemon/back/139.png,https://raw.githubusercontent.com/PokeAPI/sprites/master/sprites/pokemon/back/shiny/139.png,https://raw.githubusercontent.com/PokeAPI/sprites/master/sprites/pokemon/other/official-artwork/139.png
140,kabuto,"rock, water",https://raw.githubusercontent.com/PokeAPI/sprites/master/sprites/pokemon/140.png,https://raw.githubusercontent.com/PokeAPI/sprites/master/sprites/pokemon/shiny/140.png,https://raw.githubusercontent.com/PokeAPI/sprites/master/sprites/pokemon/back/140.png,https://raw.githubusercontent.com/PokeAPI/sprites/master/sprites/pokemon/back/shiny/140.png,https://raw.githubusercontent.com/PokeAPI/sprites/master/sprites/pokemon/other/official-artwork/140.png
141,kabutops,"rock, water",https://raw.githubusercontent.com/PokeAPI/sprites/master/sprites/pokemon/141.png,https://raw.githubusercontent.com/PokeAPI/sprites/master/sprites/pokemon/shiny/141.png,https://raw.githubusercontent.com/PokeAPI/sprites/master/sprites/pokemon/back/141.png,https://raw.githubusercontent.com/PokeAPI/sprites/master/sprites/pokemon/back/shiny/141.png,https://raw.githubusercontent.com/PokeAPI/sprites/master/sprites/pokemon/other/official-artwork/141.png
142,aerodactyl,"rock, flying",https://raw.githubusercontent.com/PokeAPI/sprites/master/sprites/pokemon/142.png,https://raw.githubusercontent.com/PokeAPI/sprites/master/sprites/pokemon/shiny/142.png,https://raw.githubusercontent.com/PokeAPI/sprites/master/sprites/pokemon/back/142.png,https://raw.githubusercontent.com/PokeAPI/sprites/master/sprites/pokemon/back/shiny/142.png,https://raw.githubusercontent.com/PokeAPI/sprites/master/sprites/pokemon/other/official-artwork/142.png
143,snorlax,normal,https://raw.githubusercontent.com/PokeAPI/sprites/master/sprites/pokemon/143.png,https://raw.githubusercontent.com/PokeAPI/sprites/master/sprites/pokemon/shiny/143.png,https://raw.githubusercontent.com/PokeAPI/sprites/master/sprites/pokemon/back/143.png,https://raw.githubusercontent.com/PokeAPI/sprites/master/sprites/pokemon/back/shiny/143.png,https://raw.githubusercontent.com/PokeAPI/sprites/master/sprites/pokemon/other/official-artwork/143.png
144,articuno,"ice, flying",https://raw.githubusercontent.com/PokeAPI/sprites/master/sprites/pokemon/144.png,https://raw.githubusercontent.com/PokeAPI/sprites/master/sprites/pokemon/shiny/144.png,https://raw.githubusercontent.com/PokeAPI/sprites/master/sprites/pokemon/back/144.png,https://raw.githubusercontent.com/PokeAPI/sprites/master/sprites/pokemon/back/shiny/144.png,https://raw.githubusercontent.com/PokeAPI/sprites/master/sprites/pokemon/other/official-artwork/144.png
145,zapdos,"electric, flying",https://raw.githubusercontent.com/PokeAPI/sprites/master/sprites/pokemon/145.png,https://raw.githubusercontent.com/PokeAPI/sprites/master/sprites/pokemon/shiny/145.png,https://raw.githubusercontent.com/PokeAPI/sprites/master/sprites/pokemon/back/145.png,https://raw.githubusercontent.com/PokeAPI/sprites/master/sprites/pokemon/back/shiny/145.png,https://raw.githubusercontent.com/PokeAPI/sprites/master/sprites/pokemon/other/official-artwork/145.png
146,moltres,"fire, flying",https://raw.githubusercontent.com/PokeAPI/sprites/master/sprites/pokemon/146.png,https://raw.githubusercontent.com/PokeAPI/sprites/master/sprites/pokemon/shiny/146.png,https://raw.githubusercontent.com/PokeAPI/sprites/master/sprites/pokemon/back/146.png,https://raw.githubusercontent.com/PokeAPI/sprites/master/sprites/pokemon/back/shiny/146.png,https://raw.githubusercontent.com/PokeAPI/sprites/master/sprites/pokemon/other/official-artwork/146.png
147,dratini,dragon,https://raw.githubusercontent.com/PokeAPI/sprites/master/sprites/pokemon/147.png,https://raw.githubusercontent.com/PokeAPI/sprites/master/sprites/pokemon/shiny/147.png,https://raw.githubusercontent.com/PokeAPI/sprites/master/sprites/pokemon/back/147.png,https://raw.githubusercontent.com/PokeAPI/sprites/master/sprites/pokemon/back/shiny/147.png,https://raw.githubusercontent.com/PokeAPI/sprites/master/sprites/pokemon/other/official-artwork/147.png
148,dragonair,dragon,https://raw.githubusercontent.com/PokeAPI/sprites/master/sprites/pokemon/148.png,https://raw.githubusercontent.com/PokeAPI/sprites/master/sprites/pokemon/shiny/148.png,https://raw.githubusercontent.com/PokeAPI/sprites/master/sprites/pokemon/back/148.png,https://raw.githubusercontent.com/PokeAPI/sprites/master/sprites/pokemon/back/shiny/148.png,https://raw.githubusercontent.com/PokeAPI/sprites/master/sprites/pokemon/other/official-artwork/148.png
149,dragonite,"dragon, flying",https://raw.githubusercontent.com/PokeAPI/sprites/master/sprites/pokemon/149.png,https://raw.githubusercontent.com/PokeAPI/sprites/master/sprites/pokemon/shiny/149.png,https://raw.githubusercontent.com/PokeAPI/sprites/master/sprites/pokemon/back/149.png,https://raw.githubusercontent.com/PokeAPI/sprites/master/sprites/pokemon/back/shiny/149.png,https://raw.githubusercontent.com/PokeAPI/sprites/master/sprites/pokemon/other/official-artwork/149.png
150,mewtwo,psychic,https://raw.githubusercontent.com/PokeAPI/sprites/master/sprites/pokemon/150.png,https://raw.githubusercontent.com/PokeAPI/sprites/master/sprites/pokemon/shiny/150.png,https://raw.githubusercontent.com/PokeAPI/sprites/master/sprites/pokemon/back/150.png,https://raw.githubusercontent.com/PokeAPI/sprites/master/sprites/pokemon/back/shiny/150.png,https://raw.githubusercontent.com/PokeAPI/sprites/master/sprites/pokemon/other/official-artwork/150.png
151,mew,psychic,https://raw.githubusercontent.com/PokeAPI/sprites/master/sprites/pokemon/151.png,https://raw.githubusercontent.com/PokeAPI/sprites/master/sprites/pokemon/shiny/151.png,https://raw.githubusercontent.com/PokeAPI/sprites/master/sprites/pokemon/back/151.png,https://raw.githubusercontent.com/PokeAPI/sprites/master/sprites/pokemon/back/shiny/151.png,https://raw.githubusercontent.com/PokeAPI/sprites/master/sprites/pokemon/other/official-artwork/151.png
152,chikorita,grass,https://raw.githubusercontent.com/PokeAPI/sprites/master/sprites/pokemon/152.png,https://raw.githubusercontent.com/PokeAPI/sprites/master/sprites/pokemon/shiny/152.png,https://raw.githubusercontent.com/PokeAPI/sprites/master/sprites/pokemon/back/152.png,https://raw.githubusercontent.com/PokeAPI/sprites/master/sprites/pokemon/back/shiny/152.png,https://raw.githubusercontent.com/PokeAPI/sprites/master/sprites/pokemon/other/official-artwork/152.png
153,bayleef,grass,https://raw.githubusercontent.com/PokeAPI/sprites/master/sprites/pokemon/153.png,https://raw.githubusercontent.com/PokeAPI/sprites/master/sprites/pokemon/shiny/153.png,https://raw.githubusercontent.com/PokeAPI/sprites/master/sprites/pokemon/back/153.png,https://raw.githubusercontent.com/PokeAPI/sprites/master/sprites/pokemon/back/shiny/153.png,https://raw.githubusercontent.com/PokeAPI/sprites/master/sprites/pokemon/other/official-artwork/153.png
154,meganium,grass,https://raw.githubusercontent.com/PokeAPI/sprites/master/sprites/pokemon/154.png,https://raw.githubusercontent.com/PokeAPI/sprites/master/sprites/pokemon/shiny/154.png,https://raw.githubusercontent.com/PokeAPI/sprites/master/sprites/pokemon/back/154.png,https://raw.githubusercontent.com/PokeAPI/sprites/master/sprites/pokemon/back/shiny/154.png,https://raw.githubusercontent.com/PokeAPI/sprites/master/sprites/pokemon/other/official-artwork/154.png
155,cyndaquil,fire,https://raw.githubusercontent.com/PokeAPI/sprites/master/sprites/pokemon/155.png,https://raw.githubusercontent.com/PokeAPI/sprites/master/sprites/pokemon/shiny/155.png,https://raw.githubusercontent.com/PokeAPI/sprites/master/sprites/pokemon/back/155.png,https://raw.githubusercontent.com/PokeAPI/sprites/master/sprites/pokemon/back/shiny/155.png,https://raw.githubusercontent.com/PokeAPI/sprites/master/sprites/pokemon/other/official-artwork/155.png
156,quilava,fire,https://raw.githubusercontent.com/PokeAPI/sprites/master/sprites/pokemon/156.png,https://raw.githubusercontent.com/PokeAPI/sprites/master/sprites/pokemon/shiny/156.png,https://raw.githubusercontent.com/PokeAPI/sprites/master/sprites/pokemon/back/156.png,https://raw.githubusercontent.com/PokeAPI/sprites/master/sprites/pokemon/back/shiny/156.png,https://raw.githubusercontent.com/PokeAPI/sprites/master/sprites/pokemon/other/official-artwork/156.png
157,typhlosion,fire,https://raw.githubusercontent.com/PokeAPI/sprites/master/sprites/pokemon/157.png,https://raw.githubusercontent.com/PokeAPI/sprites/master/sprites/pokemon/shiny/157.png,https://raw.githubusercontent.com/PokeAPI/sprites/master/sprites/pokemon/back/157.png,https://raw.githubusercontent.com/PokeAPI/sprites/master/sprites/pokemon/back/shiny/157.png,https://raw.githubusercontent.com/PokeAPI/sprites/master/sprites/pokemon/other/official-artwork/157.png
158,totodile,water,https://raw.githubusercontent.com/PokeAPI/sprites/master/sprites/pokemon/158.png,https://raw.githubusercontent.com/PokeAPI/sprites/master/sprites/pokemon/shiny/158.png,https://raw.githubusercontent.com/PokeAPI/sprites/master/sprites/pokemon/back/158.png,https://raw.githubusercontent.com/PokeAPI/sprites/master/sprites/pokemon/back/shiny/158.png,https://raw.githubusercontent.com/PokeAPI/sprites/master/sprites/pokemon/other/official-artwork/158.png
159,croconaw,water,https://raw.githubusercontent.com/PokeAPI/sprites/master/sprites/pokemon/159.png,https://raw.githubusercontent.com/PokeAPI/sprites/master/sprites/pokemon/shiny/159.png,https://raw.githubusercontent.com/PokeAPI/sprites/master/sprites/pokemon/back/159.png,https://raw.githubusercontent.com/PokeAPI/sprites/master/sprites/pokemon/back/shiny/159.png,https://raw.githubusercontent.com/PokeAPI/sprites/master/sprites/pokemon/other/official-artwork/159.png
160,feraligatr,water,https://raw.githubusercontent.com/PokeAPI/sprites/master/sprites/pokemon/160.png,https://raw.githubusercontent.com/PokeAPI/sprites/master/sprites/pokemon/shiny/160.png,https://raw.githubusercontent.com/PokeAPI/sprites/master/sprites/pokemon/back/160.png,https://raw.githubusercontent.com/PokeAPI/sprites/master/sprites/pokemon/back/shiny/160.png,https://raw.githubusercontent.com/PokeAPI/sprites/master/sprites/pokemon/other/official-artwork/160.png
161,sentret,normal,https://raw.githubusercontent.com/PokeAPI/sprites/master/sprites/pokemon/161.png,https://raw.githubusercontent.com/PokeAPI/sprites/master/sprites/pokemon/shiny/161.png,https://raw.githubusercontent.com/PokeAPI/sprites/master/sprites/pokemon/back/161.png,https://raw.githubusercontent.com/PokeAPI/sprites/master/sprites/pokemon/back/shiny/161.png,https://raw.githubusercontent.com/PokeAPI/sprites/master/sprites/pokemon/other/official-artwork/161.png
162,furret,normal,https://raw.githubusercontent.com/PokeAPI/sprites/master/sprites/pokemon/162.png,https://raw.githubusercontent.com/PokeAPI/sprites/master/sprites/pokemon/shiny/162.png,https://raw.githubusercontent.com/PokeAPI/sprites/master/sprites/pokemon/back/162.png,https://raw.githubusercontent.com/PokeAPI/sprites/master/sprites/pokemon/back/shiny/162.png,https://raw.githubusercontent.com/PokeAPI/sprites/master/sprites/pokemon/other/official-artwork/162.png
163,hoothoot,"normal, flying",https://raw.githubusercontent.com/PokeAPI/sprites/master/sprites/pokemon/163.png,https://raw.githubusercontent.com/PokeAPI/sprites/master/sprites/pokemon/shiny/163.png,https://raw.githubusercontent.com/PokeAPI/sprites/master/sprites/pokemon/back/163.png,https://raw.githubusercontent.com/PokeAPI/sprites/master/sprites/pokemon/back/shiny/163.png,https://raw.githubusercontent.com/PokeAPI/sprites/master/sprites/pokemon/other/official-artwork/163.png
164,noctowl,"normal, flying",https://raw.githubusercontent.com/PokeAPI/sprites/master/sprites/pokemon/164.png,https://raw.githubusercontent.com/PokeAPI/sprites/master/sprites/pokemon/shiny/164.png,https://raw.githubusercontent.com/PokeAPI/sprites/master/sprites/pokemon/back/164.png,https://raw.githubusercontent.com/PokeAPI/sprites/master/sprites/pokemon/back/shiny/164.png,https://raw.githubusercontent.com/PokeAPI/sprites/master/sprites/pokemon/other/official-artwork/164.png
165,ledyba,"bug, flying",https://raw.githubusercontent.com/PokeAPI/sprites/master/sprites/pokemon/165.png,https://raw.githubusercontent.com/PokeAPI/sprites/master/sprites/pokemon/shiny/165.png,https://raw.githubusercontent.com/PokeAPI/sprites/master/sprites/pokemon/back/165.png,https://raw.githubusercontent.com/PokeAPI/sprites/master/sprites/pokemon/back/shiny/165.png,https://raw.githubusercontent.com/PokeAPI/sprites/master/sprites/pokemon/other/official-artwork/165.png
166,ledian,"bug, flying",https://raw.githubusercontent.com/PokeAPI/sprites/master/sprites/pokemon/166.png,https://raw.githubusercontent.com/PokeAPI/sprites/master/sprites/pokemon/shiny/166.png,https://raw.githubusercontent.com/PokeAPI/sprites/master/sprites/pokemon/back/166.png,https://raw.githubusercontent.com/PokeAPI/sprites/master/sprites/pokemon/back/shiny/166.png,https://raw.githubusercontent.com/PokeAPI/sprites/master/sprites/pokemon/other/official-artwork/166.png
167,spinarak,"bug, poison",https://raw.githubusercontent.com/PokeAPI/sprites/master/sprites/pokemon/167.png,https://raw.githubusercontent.com/PokeAPI/sprites/master/sprites/pokemon/shiny/167.png,https://raw.githubusercontent.com/PokeAPI/sprites/master/sprites/pokemon/back/167.png,https://raw.githubusercontent.com/PokeAPI/sprites/master/sprites/pokemon/back/shiny/167.png,https://raw.githubusercontent.com/PokeAPI/sprites/master/sprites/pokemon/other/official-artwork/167.png
168,ariados,"bug, poison",https://raw.githubusercontent.com/PokeAPI/sprites/master/sprites/pokemon/168.png,https://raw.githubusercontent.com/PokeAPI/sprites/master/sprites/pokemon/shiny/168.png,https://raw.githubusercontent.com/PokeAPI/sprites/master/sprites/pokemon/back/168.png,https://raw.githubusercontent.com/PokeAPI/sprites/master/sprites/pokemon/back/shiny/168.png,https://raw.githubusercontent.com/PokeAPI/sprites/master/sprites/pokemon/other/official-artwork/168.png
169,crobat,"poison, flying",https://raw.githubusercontent.com/PokeAPI/sprites/master/sprites/pokemon/169.png,https://raw.githubusercontent.com/PokeAPI/sprites/master/sprites/pokemon/shiny/169.png,https://raw.githubusercontent.com/PokeAPI/sprites/master/sprites/pokemon/back/169.png,https://raw.githubusercontent.com/PokeAPI/sprites/master/sprites/pokemon/back/shiny/169.png,https://raw.githubusercontent.com/PokeAPI/sprites/master/sprites/pokemon/other/official-artwork/169.png
170,chinchou,"water, electric",https://raw.githubusercontent.com/PokeAPI/sprites/master/sprites/pokemon/170.png,https://raw.githubusercontent.com/PokeAPI/sprites/master/sprites/pokemon/shiny/170.png,https://raw.githubusercontent.com/PokeAPI/sprites/master/sprites/pokemon/back/170.png,https://raw.githubusercontent.com/PokeAPI/sprites/master/sprites/pokemon/back/shiny/170.png,https://raw.githubusercontent.com/PokeAPI/sprites/master/sprites/pokemon/other/official-artwork/170.png
171,lanturn,"water, electric",https://raw.githubusercontent.com/PokeAPI/sprites/master/sprites/pokemon/171.png,https://raw.githubusercontent.com/PokeAPI/sprites/master/sprites/pokemon/shiny/171.png,https://raw.githubusercontent.com/PokeAPI/sprites/master/sprites/pokemon/back/171.png,https://raw.githubusercontent.com/PokeAPI/sprites/master/sprites/pokemon/back/shiny/171.png,https://raw.githubusercontent.com/PokeAPI/sprites/master/sprites/pokemon/other/official-artwork/171.png
172,pichu,electric,https://raw.githubusercontent.com/PokeAPI/sprites/master/sprites/pokemon/172.png,https://raw.githubusercontent.com/PokeAPI/sprites/master/sprites/pokemon/shiny/172.png,https://raw.githubusercontent.com/PokeAPI/sprites/master/sprites/pokemon/back/172.png,https://raw.githubusercontent.com/PokeAPI/sprites/master/sprites/pokemon/back/shiny/172.png,https://raw.githubusercontent.com/PokeAPI/sprites/master/sprites/pokemon/other/official-artwork/172.png
173,cleffa,fairy,https://raw.githubusercontent.com/PokeAPI/sprites/master/sprites/pokemon/173.png,https://raw.githubusercontent.com/PokeAPI/sprites/master/sprites/pokemon/shiny/173.png,https://raw.githubusercontent.com/PokeAPI/sprites/master/sprites/pokemon/back/173.png,https://raw.githubusercontent.com/PokeAPI/sprites/master/sprites/pokemon/back/shiny/173.png,https://raw.githubusercontent.com/PokeAPI/sprites/master/sprites/pokemon/other/official-artwork/173.png
174,igglybuff,"normal, fairy",https://raw.githubusercontent.com/PokeAPI/sprites/master/sprites/pokemon/174.png,https://raw.githubusercontent.com/PokeAPI/sprites/master/sprites/pokemon/shiny/174.png,https://raw.githubusercontent.com/PokeAPI/sprites/master/sprites/pokemon/back/174.png,https://raw.githubusercontent.com/PokeAPI/sprites/master/sprites/pokemon/back/shiny/174.png,https://raw.githubusercontent.com/PokeAPI/sprites/master/sprites/pokemon/other/official-artwork/174.png
175,togepi,fairy,https://raw.githubusercontent.com/PokeAPI/sprites/master/sprites/pokemon/175.png,https://raw.githubusercontent.com/PokeAPI/sprites/master/sprites/pokemon/shiny/175.png,https://raw.githubusercontent.com/PokeAPI/sprites/master/sprites/pokemon/back/175.png,https://raw.githubusercontent.com/PokeAPI/sprites/master/sprites/pokemon/back/shiny/175.png,https://raw.githubusercontent.com/PokeAPI/sprites/master/sprites/pokemon/other/official-artwork/175.png
176,togetic,"fairy, flying",https://raw.githubusercontent.com/PokeAPI/sprites/master/sprites/pokemon/176.png,https://raw.githubusercontent.com/PokeAPI/sprites/master/sprites/pokemon/shiny/176.png,https://raw.githubusercontent.com/PokeAPI/sprites/master/sprites/pokemon/back/176.png,https://raw.githubusercontent.com/PokeAPI/sprites/master/sprites/pokemon/back/shiny/176.png,https://raw.githubusercontent.com/PokeAPI/sprites/master/sprites/pokemon/other/official-artwork/176.png
177,natu,"psychic, flying",https://raw.githubusercontent.com/PokeAPI/sprites/master/sprites/pokemon/177.png,https://raw.githubusercontent.com/PokeAPI/sprites/master/sprites/pokemon/shiny/177.png,https://raw.githubusercontent.com/PokeAPI/sprites/master/sprites/pokemon/back/177.png,https://raw.githubusercontent.com/PokeAPI/sprites/master/sprites/pokemon/back/shiny/177.png,https://raw.githubusercontent.com/PokeAPI/sprites/master/sprites/pokemon/other/official-artwork/177.png
178,xatu,"psychic, flying",https://raw.githubusercontent.com/PokeAPI/sprites/master/sprites/pokemon/178.png,https://raw.githubusercontent.com/PokeAPI/sprites/master/sprites/pokemon/shiny/178.png,https://raw.githubusercontent.com/PokeAPI/sprites/master/sprites/pokemon/back/178.png,https://raw.githubusercontent.com/PokeAPI/sprites/master/sprites/pokemon/back/shiny/178.png,https://raw.githubusercontent.com/PokeAPI/sprites/master/sprites/pokemon/other/official-artwork/178.png
179,mareep,electric,https://raw.githubusercontent.com/PokeAPI/sprites/master/sprites/pokemon/179.png,https://raw.githubusercontent.com/PokeAPI/sprites/master/sprites/pokemon/shiny/179.png,https://raw.githubusercontent.com/PokeAPI/sprites/master/sprites/pokemon/back/179.png,https://raw.githubusercontent.com/PokeAPI/sprites/master/sprites/pokemon/back/shiny/179.png,https://raw.githubusercontent.com/PokeAPI/sprites/master/sprites/pokemon/other/official-artwork/179.png
180,flaaffy,electric,https://raw.githubusercontent.com/PokeAPI/sprites/master/sprites/pokemon/180.png,https://raw.githubusercontent.com/PokeAPI/sprites/master/sprites/pokemon/shiny/180.png,https://raw.githubusercontent.com/PokeAPI/sprites/master/sprites/pokemon/back/180.png,https://raw.githubusercontent.com/PokeAPI/sprites/master/sprites/pokemon/back/shiny/180.png,https://raw.githubusercontent.com/PokeAPI/sprites/master/sprites/pokemon/other/official-artwork/180.png
181,ampharos,electric,https://raw.githubusercontent.com/PokeAPI/sprites/master/sprites/pokemon/181.png,https://raw.githubusercontent.com/PokeAPI/sprites/master/sprites/pokemon/shiny/181.png,https://raw.githubusercontent.com/PokeAPI/sprites/master/sprites/pokemon/back/181.png,https://raw.githubusercontent.com/PokeAPI/sprites/master/sprites/pokemon/back/shiny/181.png,https://raw.githubusercontent.com/PokeAPI/sprites/master/sprites/pokemon/other/official-artwork/181.png
182,bellossom,grass,https://raw.githubusercontent.com/PokeAPI/sprites/master/sprites/pokemon/182.png,https://raw.githubusercontent.com/PokeAPI/sprites/master/sprites/pokemon/shiny/182.png,https://raw.githubusercontent.com/PokeAPI/sprites/master/sprites/pokemon/back/182.png,https://raw.githubusercontent.com/PokeAPI/sprites/master/sprites/pokemon/back/shiny/182.png,https://raw.githubusercontent.com/PokeAPI/sprites/master/sprites/pokemon/other/official-artwork/182.png
183,marill,"water, fairy",https://raw.githubusercontent.com/PokeAPI/sprites/master/sprites/pokemon/183.png,https://raw.githubusercontent.com/PokeAPI/sprites/master/sprites/pokemon/shiny/183.png,https://raw.githubusercontent.com/PokeAPI/sprites/master/sprites/pokemon/back/183.png,https://raw.githubusercontent.com/PokeAPI/sprites/master/sprites/pokemon/back/shiny/183.png,https://raw.githubusercontent.com/PokeAPI/sprites/master/sprites/pokemon/other/official-artwork/183.png
184,azumarill,"water, fairy",https://raw.githubusercontent.com/PokeAPI/sprites/master/sprites/pokemon/184.png,https://raw.githubusercontent.com/PokeAPI/sprites/master/sprites/pokemon/shiny/184.png,https://raw.githubusercontent.com/PokeAPI/sprites/master/sprites/pokemon/back/184.png,https://raw.githubusercontent.com/PokeAPI/sprites/master/sprites/pokemon/back/shiny/184.png,https://raw.githubusercontent.com/PokeAPI/sprites/master/sprites/pokemon/other/official-artwork/184.png
185,sudowoodo,rock,https://raw.githubusercontent.com/PokeAPI/sprites/master/sprites/pokemon/185.png,https://raw.githubusercontent.com/PokeAPI/sprites/master/sprites/pokemon/shiny/185.png,https://raw.githubusercontent.com/PokeAPI/sprites/master/sprites/pokemon/back/185.png,https://raw.githubusercontent.com/PokeAPI/sprites/master/sprites/pokemon/back/shiny/185.png,https://raw.githubusercontent.com/PokeAPI/sprites/master/sprites/pokemon/other/official-artwork/185.png
186,politoed,water,https://raw.githubusercontent.com/PokeAPI/sprites/master/sprites/pokemon/186.png,https://raw.githubusercontent.com/PokeAPI/sprites/master/sprites/pokemon/shiny/186.png,https://raw.githubusercontent.com/PokeAPI/sprites/master/sprites/pokemon/back/186.png,https://raw.githubusercontent.com/PokeAPI/sprites/master/sprites/pokemon/back/shiny/186.png,https://raw.githubusercontent.com/PokeAPI/sprites/master/sprites/pokemon/other/official-artwork/186.png
187,hoppip,"grass, flying",https://raw.githubusercontent.com/PokeAPI/sprites/master/sprites/pokemon/187.png,https://raw.githubusercontent.com/PokeAPI/sprites/master/sprites/pokemon/shiny/187.png,https://raw.githubusercontent.com/PokeAPI/sprites/master/sprites/pokemon/back/187.png,https://raw.githubusercontent.com/PokeAPI/sprites/master/sprites/pokemon/back/shiny/187.png,https://raw.githubusercontent.com/PokeAPI/sprites/master/sprites/pokemon/other/official-artwork/187.png
188,skiploom,"grass, flying",https://raw.githubusercontent.com/PokeAPI/sprites/master/sprites/pokemon/188.png,https://raw.githubusercontent.com/PokeAPI/sprites/master/sprites/pokemon/shiny/188.png,https://raw.githubusercontent.com/PokeAPI/sprites/master/sprites/pokemon/back/188.png,https://raw.githubusercontent.com/PokeAPI/sprites/master/sprites/pokemon/back/shiny/188.png,https://raw.githubusercontent.com/PokeAPI/sprites/master/sprites/pokemon/other/official-artwork/188.png
189,jumpluff,"grass, flying",https://raw.githubusercontent.com/PokeAPI/sprites/master/sprites/pokemon/189.png,https://raw.githubusercontent.com/PokeAPI/sprites/master/sprites/pokemon/shiny/189.png,https://raw.githubusercontent.com/PokeAPI/sprites/master/sprites/pokemon/back/189.png,https://raw.githubusercontent.com/PokeAPI/sprites/master/sprites/pokemon/back/shiny/189.png,https://raw.githubusercontent.com/PokeAPI/sprites/master/sprites/pokemon/other/official-artwork/189.png
190,aipom,normal,https://raw.githubusercontent.com/PokeAPI/sprites/master/sprites/pokemon/190.png,https://raw.githubusercontent.com/PokeAPI/sprites/master/sprites/pokemon/shiny/190.png,https://raw.githubusercontent.com/PokeAPI/sprites/master/sprites/pokemon/back/190.png,https://raw.githubusercontent.com/PokeAPI/sprites/master/sprites/pokemon/back/shiny/190.png,https://raw.githubusercontent.com/PokeAPI/sprites/master/sprites/pokemon/other/official-artwork/190.png
191,sunkern,grass,https://raw.githubusercontent.com/PokeAPI/sprites/master/sprites/pokemon/191.png,https://raw.githubusercontent.com/PokeAPI/sprites/master/sprites/pokemon/shiny/191.png,https://raw.githubusercontent.com/PokeAPI/sprites/master/sprites/pokemon/back/191.png,https://raw.githubusercontent.com/PokeAPI/sprites/master/sprites/pokemon/back/shiny/191.png,https://raw.githubusercontent.com/PokeAPI/sprites/master/sprites/pokemon/other/official-artwork/191.png
192,sunflora,grass,https://raw.githubusercontent.com/PokeAPI/sprites/master/sprites/pokemon/192.png,https://raw.githubusercontent.com/PokeAPI/sprites/master/sprites/pokemon/shiny/192.png,https://raw.githubusercontent.com/PokeAPI/sprites/master/sprites/pokemon/back/192.png,https://raw.githubusercontent.com/PokeAPI/sprites/master/sprites/pokemon/back/shiny/192.png,https://raw.githubusercontent.com/PokeAPI/sprites/master/sprites/pokemon/other/official-artwork/192.png
193,yanma,"bug, flying",https://raw.githubusercontent.com/PokeAPI/sprites/master/sprites/pokemon/193.png,https://raw.githubusercontent.com/PokeAPI/sprites/master/sprites/pokemon/shiny/193.png,https://raw.githubusercontent.com/PokeAPI/sprites/master/sprites/pokemon/back/193.png,https://raw.githubusercontent.com/PokeAPI/sprites/master/sprites/pokemon/back/shiny/193.png,https://raw.githubusercontent.com/PokeAPI/sprites/master/sprites/pokemon/other/official-artwork/193.png
194,wooper,"water, ground",https://raw.githubusercontent.com/PokeAPI/sprites/master/sprites/pokemon/194.png,https://raw.githubusercontent.com/PokeAPI/sprites/master/sprites/pokemon/shiny/194.png,https://raw.githubusercontent.com/PokeAPI/sprites/master/sprites/pokemon/back/194.png,https://raw.githubusercontent.com/PokeAPI/sprites/master/sprites/pokemon/back/shiny/194.png,https://raw.githubusercontent.com/PokeAPI/sprites/master/sprites/pokemon/other/official-artwork/194.png
195,quagsire,"water, ground",https://raw.githubusercontent.com/PokeAPI/sprites/master/sprites/pokemon/195.png,https://raw.githubusercontent.com/PokeAPI/sprites/master/sprites/pokemon/shiny/195.png,https://raw.githubusercontent.com/PokeAPI/sprites/master/sprites/pokemon/back/195.png,https://raw.githubusercontent.com/PokeAPI/sprites/master/sprites/pokemon/back/shiny/195.png,https://raw.githubusercontent.com/PokeAPI/sprites/master/sprites/pokemon/other/official-artwork/195.png
196,espeon,psychic,https://raw.githubusercontent.com/PokeAPI/sprites/master/sprites/pokemon/196.png,https://raw.githubusercontent.com/PokeAPI/sprites/master/sprites/pokemon/shiny/196.png,https://raw.githubusercontent.com/PokeAPI/sprites/master/sprites/pokemon/back/196.png,https://raw.githubusercontent.com/PokeAPI/sprites/master/sprites/pokemon/back/shiny/196.png,https://raw.githubusercontent.com/PokeAPI/sprites/master/sprites/pokemon/other/official-artwork/196.png
197,umbreon,dark,https://raw.githubusercontent.com/PokeAPI/sprites/master/sprites/pokemon/197.png,https://raw.githubusercontent.com/PokeAPI/sprites/master/sprites/pokemon/shiny/197.png,https://raw.githubusercontent.com/PokeAPI/sprites/master/sprites/pokemon/back/197.png,https://raw.githubusercontent.com/PokeAPI/sprites/master/sprites/pokemon/back/shiny/197.png,https://raw.githubusercontent.com/PokeAPI/sprites/master/sprites/pokemon/other/official-artwork/197.png
198,murkrow,"dark, flying",https://raw.githubusercontent.com/PokeAPI/sprites/master/sprites/pokemon/198.png,https://raw.githubusercontent.com/PokeAPI/sprites/master/sprites/pokemon/shiny/198.png,https://raw.githubusercontent.com/PokeAPI/sprites/master/sprites/pokemon/back/198.png,https://raw.githubusercontent.com/PokeAPI/sprites/master/sprites/pokemon/back/shiny/198.png,https://raw.githubusercontent.com/PokeAPI/sprites/master/sprites/pokemon/other/official-artwork/198.png
199,slowking,"water, psychic",https://raw.githubusercontent.com/PokeAPI/sprites/master/sprites/pokemon/199.png,https://raw.githubusercontent.com/PokeAPI/sprites/master/sprites/pokemon/shiny/199.png,https://raw.githubusercontent.com/PokeAPI/sprites/master/sprites/pokemon/back/199.png,https://raw.githubusercontent.com/PokeAPI/sprites/master/sprites/pokemon/back/shiny/199.png,https://raw.githubusercontent.com/PokeAPI/sprites/master/sprites/pokemon/other/official-artwork/199.png
200,misdreavus,ghost,https://raw.githubusercontent.com/PokeAPI/sprites/master/sprites/pokemon/200.png,https://raw.githubusercontent.com/PokeAPI/sprites/master/sprites/pokemon/shiny/200.png,https://raw.githubusercontent.com/PokeAPI/sprites/master/sprites/pokemon/back/200.png,https://raw.githubusercontent.com/PokeAPI/sprites/master/sprites/pokemon/back/shiny/200.png,https://raw.githubusercontent.com/PokeAPI/sprites/master/sprites/pokemon/other/official-artwork/200.png
201,unown,psychic,https://raw.githubusercontent.com/PokeAPI/sprites/master/sprites/pokemon/201.png,https://raw.githubusercontent.com/PokeAPI/sprites/master/sprites/pokemon/shiny/201.png,https://raw.githubusercontent.com/PokeAPI/sprites/master/sprites/pokemon/back/201.png,https://raw.githubusercontent.com/PokeAPI/sprites/master/sprites/pokemon/back/shiny/201.png,https://raw.githubusercontent.com/PokeAPI/sprites/master/sprites/pokemon/other/official-artwork/201.png
202,wobbuffet,psychic,https://raw.githubusercontent.com/PokeAPI/sprites/master/sprites/pokemon/202.png,https://raw.githubusercontent.com/PokeAPI/sprites/master/sprites/pokemon/shiny/202.png,https://raw.githubusercontent.com/PokeAPI/sprites/master/sprites/pokemon/back/202.png,https://raw.githubusercontent.com/PokeAPI/sprites/master/sprites/pokemon/back/shiny/202.png,https://raw.githubusercontent.com/PokeAPI/sprites/master/sprites/pokemon/other/official-artwork/202.png
203,girafarig,"normal, psychic",https://raw.githubusercontent.com/PokeAPI/sprites/master/sprites/pokemon/203.png,https://raw.githubusercontent.com/PokeAPI/sprites/master/sprites/pokemon/shiny/203.png,https://raw.githubusercontent.com/PokeAPI/sprites/master/sprites/pokemon/back/203.png,https://raw.githubusercontent.com/PokeAPI/sprites/master/sprites/pokemon/back/shiny/203.png,https://raw.githubusercontent.com/PokeAPI/sprites/master/sprites/pokemon/other/official-artwork/203.png
204,pineco,bug,https://raw.githubusercontent.com/PokeAPI/sprites/master/sprites/pokemon/204.png,https://raw.githubusercontent.com/PokeAPI/sprites/master/sprites/pokemon/shiny/204.png,https://raw.githubusercontent.com/PokeAPI/sprites/master/sprites/pokemon/back/204.png,https://raw.githubusercontent.com/PokeAPI/sprites/master/sprites/pokemon/back/shiny/204.png,https://raw.githubusercontent.com/PokeAPI/sprites/master/sprites/pokemon/other/official-artwork/204.png
205,forretress,"bug, steel",https://raw.githubusercontent.com/PokeAPI/sprites/master/sprites/pokemon/205.png,https://raw.githubusercontent.com/PokeAPI/sprites/master/sprites/pokemon/shiny/205.png,https://raw.githubusercontent.com/PokeAPI/sprites/master/sprites/pokemon/back/205.png,https://raw.githubusercontent.com/PokeAPI/sprites/master/sprites/pokemon/back/shiny/205.png,https://raw.githubusercontent.com/PokeAPI/sprites/master/sprites/pokemon/other/official-artwork/205.png
206,dunsparce,normal,https://raw.githubusercontent.com/PokeAPI/sprites/master/sprites/pokemon/206.png,https://raw.githubusercontent.com/PokeAPI/sprites/master/sprites/pokemon/shiny/206.png,https://raw.githubusercontent.com/PokeAPI/sprites/master/sprites/pokemon/back/206.png,https://raw.githubusercontent.com/PokeAPI/sprites/master/sprites/pokemon/back/shiny/206.png,https://raw.githubusercontent.com/PokeAPI/sprites/master/sprites/pokemon/other/official-artwork/206.png
207,gligar,"ground, flying",https://raw.githubusercontent.com/PokeAPI/sprites/master/sprites/pokemon/207.png,https://raw.githubusercontent.com/PokeAPI/sprites/master/sprites/pokemon/shiny/207.png,https://raw.githubusercontent.com/PokeAPI/sprites/master/sprites/pokemon/back/207.png,https://raw.githubusercontent.com/PokeAPI/sprites/master/sprites/pokemon/back/shiny/207.png,https://raw.githubusercontent.com/PokeAPI/sprites/master/sprites/pokemon/other/official-artwork/207.png
208,steelix,"steel, ground",https://raw.githubusercontent.com/PokeAPI/sprites/master/sprites/pokemon/208.png,https://raw.githubusercontent.com/PokeAPI/sprites/master/sprites/pokemon/shiny/208.png,https://raw.githubusercontent.com/PokeAPI/sprites/master/sprites/pokemon/back/208.png,https://raw.githubusercontent.com/PokeAPI/sprites/master/sprites/pokemon/back/shiny/208.png,https://raw.githubusercontent.com/PokeAPI/sprites/master/sprites/pokemon/other/official-artwork/208.png
209,snubbull,fairy,https://raw.githubusercontent.com/PokeAPI/sprites/master/sprites/pokemon/209.png,https://raw.githubusercontent.com/PokeAPI/sprites/master/sprites/pokemon/shiny/209.png,https://raw.githubusercontent.com/PokeAPI/sprites/master/sprites/pokemon/back/209.png,https://raw.githubusercontent.com/PokeAPI/sprites/master/sprites/pokemon/back/shiny/209.png,https://raw.githubusercontent.com/PokeAPI/sprites/master/sprites/pokemon/other/official-artwork/209.png
210,granbull,fairy,https://raw.githubusercontent.com/PokeAPI/sprites/master/sprites/pokemon/210.png,https://raw.githubusercontent.com/PokeAPI/sprites/master/sprites/pokemon/shiny/210.png,https://raw.githubusercontent.com/PokeAPI/sprites/master/sprites/pokemon/back/210.png,https://raw.githubusercontent.com/PokeAPI/sprites/master/sprites/pokemon/back/shiny/210.png,https://raw.githubusercontent.com/PokeAPI/sprites/master/sprites/pokemon/other/official-artwork/210.png
211,qwilfish,"water, poison",https://raw.githubusercontent.com/PokeAPI/sprites/master/sprites/pokemon/211.png,https://raw.githubusercontent.com/PokeAPI/sprites/master/sprites/pokemon/shiny/211.png,https://raw.githubusercontent.com/PokeAPI/sprites/master/sprites/pokemon/back/211.png,https://raw.githubusercontent.com/PokeAPI/sprites/master/sprites/pokemon/back/shiny/211.png,https://raw.githubusercontent.com/PokeAPI/sprites/master/sprites/pokemon/other/official-artwork/211.png
212,scizor,"bug, steel",https://raw.githubusercontent.com/PokeAPI/sprites/master/sprites/pokemon/212.png,https://raw.githubusercontent.com/PokeAPI/sprites/master/sprites/pokemon/shiny/212.png,https://raw.githubusercontent.com/PokeAPI/sprites/master/sprites/pokemon/back/212.png,https://raw.githubusercontent.com/PokeAPI/sprites/master/sprites/pokemon/back/shiny/212.png,https://raw.githubusercontent.com/PokeAPI/sprites/master/sprites/pokemon/other/official-artwork/212.png
213,shuckle,"bug, rock",https://raw.githubusercontent.com/PokeAPI/sprites/master/sprites/pokemon/213.png,https://raw.githubusercontent.com/PokeAPI/sprites/master/sprites/pokemon/shiny/213.png,https://raw.githubusercontent.com/PokeAPI/sprites/master/sprites/pokemon/back/213.png,https://raw.githubusercontent.com/PokeAPI/sprites/master/sprites/pokemon/back/shiny/213.png,https://raw.githubusercontent.com/PokeAPI/sprites/master/sprites/pokemon/other/official-artwork/213.png
214,heracross,"bug, fighting",https://raw.githubusercontent.com/PokeAPI/sprites/master/sprites/pokemon/214.png,https://raw.githubusercontent.com/PokeAPI/sprites/master/sprites/pokemon/shiny/214.png,https://raw.githubusercontent.com/PokeAPI/sprites/master/sprites/pokemon/back/214.png,https://raw.githubusercontent.com/PokeAPI/sprites/master/sprites/pokemon/back/shiny/214.png,https://raw.githubusercontent.com/PokeAPI/sprites/master/sprites/pokemon/other/official-artwork/214.png
215,sneasel,"dark, ice",https://raw.githubusercontent.com/PokeAPI/sprites/master/sprites/pokemon/215.png,https://raw.githubusercontent.com/PokeAPI/sprites/master/sprites/pokemon/shiny/215.png,https://raw.githubusercontent.com/PokeAPI/sprites/master/sprites/pokemon/back/215.png,https://raw.githubusercontent.com/PokeAPI/sprites/master/sprites/pokemon/back/shiny/215.png,https://raw.githubusercontent.com/PokeAPI/sprites/master/sprites/pokemon/other/official-artwork/215.png
216,teddiursa,normal,https://raw.githubusercontent.com/PokeAPI/sprites/master/sprites/pokemon/216.png,https://raw.githubusercontent.com/PokeAPI/sprites/master/sprites/pokemon/shiny/216.png,https://raw.githubusercontent.com/PokeAPI/sprites/master/sprites/pokemon/back/216.png,https://raw.githubusercontent.com/PokeAPI/sprites/master/sprites/pokemon/back/shiny/216.png,https://raw.githubusercontent.com/PokeAPI/sprites/master/sprites/pokemon/other/official-artwork/216.png
217,ursaring,normal,https://raw.githubusercontent.com/PokeAPI/sprites/master/sprites/pokemon/217.png,https://raw.githubusercontent.com/PokeAPI/sprites/master/sprites/pokemon/shiny/217.png,https://raw.githubusercontent.com/PokeAPI/sprites/master/sprites/pokemon/back/217.png,https://raw.githubusercontent.com/PokeAPI/sprites/master/sprites/pokemon/back/shiny/217.png,https://raw.githubusercontent.com/PokeAPI/sprites/master/sprites/pokemon/other/official-artwork/217.png
218,slugma,fire,https://raw.githubusercontent.com/PokeAPI/sprites/master/sprites/pokemon/218.png,https://raw.githubusercontent.com/PokeAPI/sprites/master/sprites/pokemon/shiny/218.png,https://raw.githubusercontent.com/PokeAPI/sprites/master/sprites/pokemon/back/218.png,https://raw.githubusercontent.com/PokeAPI/sprites/master/sprites/pokemon/back/shiny/218.png,https://raw.githubusercontent.com/PokeAPI/sprites/master/sprites/pokemon/other/official-artwork/218.png
219,magcargo,"fire, rock",https://raw.githubusercontent.com/PokeAPI/sprites/master/sprites/pokemon/219.png,https://raw.githubusercontent.com/PokeAPI/sprites/master/sprites/pokemon/shiny/219.png,https://raw.githubusercontent.com/PokeAPI/sprites/master/sprites/pokemon/back/219.png,https://raw.githubusercontent.com/PokeAPI/sprites/master/sprites/pokemon/back/shiny/219.png,https://raw.githubusercontent.com/PokeAPI/sprites/master/sprites/pokemon/other/official-artwork/219.png
220,swinub,"ice, ground",https://raw.githubusercontent.com/PokeAPI/sprites/master/sprites/pokemon/220.png,https://raw.githubusercontent.com/PokeAPI/sprites/master/sprites/pokemon/shiny/220.png,https://raw.githubusercontent.com/PokeAPI/sprites/master/sprites/pokemon/back/220.png,https://raw.githubusercontent.com/PokeAPI/sprites/master/sprites/pokemon/back/shiny/220.png,https://raw.githubusercontent.com/PokeAPI/sprites/master/sprites/pokemon/other/official-artwork/220.png
221,piloswine,"ice, ground",https://raw.githubusercontent.com/PokeAPI/sprites/master/sprites/pokemon/221.png,https://raw.githubusercontent.com/PokeAPI/sprites/master/sprites/pokemon/shiny/221.png,https://raw.githubusercontent.com/PokeAPI/sprites/master/sprites/pokemon/back/221.png,https://raw.githubusercontent.com/PokeAPI/sprites/master/sprites/pokemon/back/shiny/221.png,https://raw.githubusercontent.com/PokeAPI/sprites/master/sprites/pokemon/other/official-artwork/221.png
222,corsola,"water, rock",https://raw.githubusercontent.com/PokeAPI/sprites/master/sprites/pokemon/222.png,https://raw.githubusercontent.com/PokeAPI/sprites/master/sprites/pokemon/shiny/222.png,https://raw.githubusercontent.com/PokeAPI/sprites/master/sprites/pokemon/back/222.png,https://raw.githubusercontent.com/PokeAPI/sprites/master/sprites/pokemon/back/shiny/222.png,https://raw.githubusercontent.com/PokeAPI/sprites/master/sprites/pokemon/other/official-artwork/222.png
223,remoraid,water,https://raw.githubusercontent.com/PokeAPI/sprites/master/sprites/pokemon/223.png,https://raw.githubusercontent.com/PokeAPI/sprites/master/sprites/pokemon/shiny/223.png,https://raw.githubusercontent.com/PokeAPI/sprites/master/sprites/pokemon/back/223.png,https://raw.githubusercontent.com/PokeAPI/sprites/master/sprites/pokemon/back/shiny/223.png,https://raw.githubusercontent.com/PokeAPI/sprites/master/sprites/pokemon/other/official-artwork/223.png
224,octillery,water,https://raw.githubusercontent.com/PokeAPI/sprites/master/sprites/pokemon/224.png,https://raw.githubusercontent.com/PokeAPI/sprites/master/sprites/pokemon/shiny/224.png,https://raw.githubusercontent.com/PokeAPI/sprites/master/sprites/pokemon/back/224.png,https://raw.githubusercontent.com/PokeAPI/sprites/master/sprites/pokemon/back/shiny/224.png,https://raw.githubusercontent.com/PokeAPI/sprites/master/sprites/pokemon/other/official-artwork/224.png
225,delibird,"ice, flying",https://raw.githubusercontent.com/PokeAPI/sprites/master/sprites/pokemon/225.png,https://raw.githubusercontent.com/PokeAPI/sprites/master/sprites/pokemon/shiny/225.png,https://raw.githubusercontent.com/PokeAPI/sprites/master/sprites/pokemon/back/225.png,https://raw.githubusercontent.com/PokeAPI/sprites/master/sprites/pokemon/back/shiny/225.png,https://raw.githubusercontent.com/PokeAPI/sprites/master/sprites/pokemon/other/official-artwork/225.png
226,mantine,"water, flying",https://raw.githubusercontent.com/PokeAPI/sprites/master/sprites/pokemon/226.png,https://raw.githubusercontent.com/PokeAPI/sprites/master/sprites/pokemon/shiny/226.png,https://raw.githubusercontent.com/PokeAPI/sprites/master/sprites/pokemon/back/226.png,https://raw.githubusercontent.com/PokeAPI/sprites/master/sprites/pokemon/back/shiny/226.png,https://raw.githubusercontent.com/PokeAPI/sprites/master/sprites/pokemon/other/official-artwork/226.png
227,skarmory,"steel, flying",https://raw.githubusercontent.com/PokeAPI/sprites/master/sprites/pokemon/227.png,https://raw.githubusercontent.com/PokeAPI/sprites/master/sprites/pokemon/shiny/227.png,https://raw.githubusercontent.com/PokeAPI/sprites/master/sprites/pokemon/back/227.png,https://raw.githubusercontent.com/PokeAPI/sprites/master/sprites/pokemon/back/shiny/227.png,https://raw.githubusercontent.com/PokeAPI/sprites/master/sprites/pokemon/other/official-artwork/227.png
228,houndour,"dark, fire",https://raw.githubusercontent.com/PokeAPI/sprites/master/sprites/pokemon/228.png,https://raw.githubusercontent.com/PokeAPI/sprites/master/sprites/pokemon/shiny/228.png,https://raw.githubusercontent.com/PokeAPI/sprites/master/sprites/pokemon/back/228.png,https://raw.githubusercontent.com/PokeAPI/sprites/master/sprites/pokemon/back/shiny/228.png,https://raw.githubusercontent.com/PokeAPI/sprites/master/sprites/pokemon/other/official-artwork/228.png
229,houndoom,"dark, fire",https://raw.githubusercontent.com/PokeAPI/sprites/master/sprites/pokemon/229.png,https://raw.githubusercontent.com/PokeAPI/sprites/master/sprites/pokemon/shiny/229.png,https://raw.githubusercontent.com/PokeAPI/sprites/master/sprites/pokemon/back/229.png,https://raw.githubusercontent.com/PokeAPI/sprites/master/sprites/pokemon/back/shiny/229.png,https://raw.githubusercontent.com/PokeAPI/sprites/master/sprites/pokemon/other/official-artwork/229.png
230,kingdra,"water, dragon",https://raw.githubusercontent.com/PokeAPI/sprites/master/sprites/pokemon/230.png,https://raw.githubusercontent.com/PokeAPI/sprites/master/sprites/pokemon/shiny/230.png,https://raw.githubusercontent.com/PokeAPI/sprites/master/sprites/pokemon/back/230.png,https://raw.githubusercontent.com/PokeAPI/sprites/master/sprites/pokemon/back/shiny/230.png,https://raw.githubusercontent.com/PokeAPI/sprites/master/sprites/pokemon/other/official-artwork/230.png
231,phanpy,ground,https://raw.githubusercontent.com/PokeAPI/sprites/master/sprites/pokemon/231.png,https://raw.githubusercontent.com/PokeAPI/sprites/master/sprites/pokemon/shiny/231.png,https://raw.githubusercontent.com/PokeAPI/sprites/master/sprites/pokemon/back/231.png,https://raw.githubusercontent.com/PokeAPI/sprites/master/sprites/pokemon/back/shiny/231.png,https://raw.githubusercontent.com/PokeAPI/sprites/master/sprites/pokemon/other/official-artwork/231.png
232,donphan,ground,https://raw.githubusercontent.com/PokeAPI/sprites/master/sprites/pokemon/232.png,https://raw.githubusercontent.com/PokeAPI/sprites/master/sprites/pokemon/shiny/232.png,https://raw.githubusercontent.com/PokeAPI/sprites/master/sprites/pokemon/back/232.png,https://raw.githubusercontent.com/PokeAPI/sprites/master/sprites/pokemon/back/shiny/232.png,https://raw.githubusercontent.com/PokeAPI/sprites/master/sprites/pokemon/other/official-artwork/232.png
233,porygon2,normal,https://raw.githubusercontent.com/PokeAPI/sprites/master/sprites/pokemon/233.png,https://raw.githubusercontent.com/PokeAPI/sprites/master/sprites/pokemon/shiny/233.png,https://raw.githubusercontent.com/PokeAPI/sprites/master/sprites/pokemon/back/233.png,https://raw.githubusercontent.com/PokeAPI/sprites/master/sprites/pokemon/back/shiny/233.png,https://raw.githubusercontent.com/PokeAPI/sprites/master/sprites/pokemon/other/official-artwork/233.png
234,stantler,normal,https://raw.githubusercontent.com/PokeAPI/sprites/master/sprites/pokemon/234.png,https://raw.githubusercontent.com/PokeAPI/sprites/master/sprites/pokemon/shiny/234.png,https://raw.githubusercontent.com/PokeAPI/sprites/master/sprites/pokemon/back/234.png,https://raw.githubusercontent.com/PokeAPI/sprites/master/sprites/pokemon/back/shiny/234.png,https://raw.githubusercontent.com/PokeAPI/sprites/master/sprites/pokemon/other/official-artwork/234.png
235,smeargle,normal,https://raw.githubusercontent.com/PokeAPI/sprites/master/sprites/pokemon/235.png,https://raw.githubusercontent.com/PokeAPI/sprites/master/sprites/pokemon/shiny/235.png,https://raw.githubusercontent.com/PokeAPI/sprites/master/sprites/pokemon/back/235.png,https://raw.githubusercontent.com/PokeAPI/sprites/master/sprites/pokemon/back/shiny/235.png,https://raw.githubusercontent.com/PokeAPI/sprites/master/sprites/pokemon/other/official-artwork/235.png
236,tyrogue,fighting,https://raw.githubusercontent.com/PokeAPI/sprites/master/sprites/pokemon/236.png,https://raw.githubusercontent.com/PokeAPI/sprites/master/sprites/pokemon/shiny/236.png,https://raw.githubusercontent.com/PokeAPI/sprites/master/sprites/pokemon/back/236.png,https://raw.githubusercontent.com/PokeAPI/sprites/master/sprites/pokemon/back/shiny/236.png,https://raw.githubusercontent.com/PokeAPI/sprites/master/sprites/pokemon/other/official-artwork/236.png
237,hitmontop,fighting,https://raw.githubusercontent.com/PokeAPI/sprites/master/sprites/pokemon/237.png,https://raw.githubusercontent.com/PokeAPI/sprites/master/sprites/pokemon/shiny/237.png,https://raw.githubusercontent.com/PokeAPI/sprites/master/sprites/pokemon/back/237.png,https://raw.githubusercontent.com/PokeAPI/sprites/master/sprites/pokemon/back/shiny/237.png,https://raw.githubusercontent.com/PokeAPI/sprites/master/sprites/pokemon/other/official-artwork/237.png
238,smoochum,"ice, psychic",https://raw.githubusercontent.com/PokeAPI/sprites/master/sprites/pokemon/238.png,https://raw.githubusercontent.com/PokeAPI/sprites/master/sprites/pokemon/shiny/238.png,https://raw.githubusercontent.com/PokeAPI/sprites/master/sprites/pokemon/back/238.png,https://raw.githubusercontent.com/PokeAPI/sprites/master/sprites/pokemon/back/shiny/238.png,https://raw.githubusercontent.com/PokeAPI/sprites/master/sprites/pokemon/other/official-artwork/238.png
239,elekid,electric,https://raw.githubusercontent.com/PokeAPI/sprites/master/sprites/pokemon/239.png,https://raw.githubusercontent.com/PokeAPI/sprites/master/sprites/pokemon/shiny/239.png,https://raw.githubusercontent.com/PokeAPI/sprites/master/sprites/pokemon/back/239.png,https://raw.githubusercontent.com/PokeAPI/sprites/master/sprites/pokemon/back/shiny/239.png,https://raw.githubusercontent.com/PokeAPI/sprites/master/sprites/pokemon/other/official-artwork/239.png
240,magby,fire,https://raw.githubusercontent.com/PokeAPI/sprites/master/sprites/pokemon/240.png,https://raw.githubusercontent.com/PokeAPI/sprites/master/sprites/pokemon/shiny/240.png,https://raw.githubusercontent.com/PokeAPI/sprites/master/sprites/pokemon/back/240.png,https://raw.githubusercontent.com/PokeAPI/sprites/master/sprites/pokemon/back/shiny/240.png,https://raw.githubusercontent.com/PokeAPI/sprites/master/sprites/pokemon/other/official-artwork/240.png
241,miltank,normal,https://raw.githubusercontent.com/PokeAPI/sprites/master/sprites/pokemon/241.png,https://raw.githubusercontent.com/PokeAPI/sprites/master/sprites/pokemon/shiny/241.png,https://raw.githubusercontent.com/PokeAPI/sprites/master/sprites/pokemon/back/241.png,https://raw.githubusercontent.com/PokeAPI/sprites/master/sprites/pokemon/back/shiny/241.png,https://raw.githubusercontent.com/PokeAPI/sprites/master/sprites/pokemon/other/official-artwork/241.png
242,blissey,normal,https://raw.githubusercontent.com/PokeAPI/sprites/master/sprites/pokemon/242.png,https://raw.githubusercontent.com/PokeAPI/sprites/master/sprites/pokemon/shiny/242.png,https://raw.githubusercontent.com/PokeAPI/sprites/master/sprites/pokemon/back/242.png,https://raw.githubusercontent.com/PokeAPI/sprites/master/sprites/pokemon/back/shiny/242.png,https://raw.githubusercontent.com/PokeAPI/sprites/master/sprites/pokemon/other/official-artwork/242.png
243,raikou,electric,https://raw.githubusercontent.com/PokeAPI/sprites/master/sprites/pokemon/243.png,https://raw.githubusercontent.com/PokeAPI/sprites/master/sprites/pokemon/shiny/243.png,https://raw.githubusercontent.com/PokeAPI/sprites/master/sprites/pokemon/back/243.png,https://raw.githubusercontent.com/PokeAPI/sprites/master/sprites/pokemon/back/shiny/243.png,https://raw.githubusercontent.com/PokeAPI/sprites/master/sprites/pokemon/other/official-artwork/243.png
244,entei,fire,https://raw.githubusercontent.com/PokeAPI/sprites/master/sprites/pokemon/244.png,https://raw.githubusercontent.com/PokeAPI/sprites/master/sprites/pokemon/shiny/244.png,https://raw.githubusercontent.com/PokeAPI/sprites/master/sprites/pokemon/back/244.png,https://raw.githubusercontent.com/PokeAPI/sprites/master/sprites/pokemon/back/shiny/244.png,https://raw.githubusercontent.com/PokeAPI/sprites/master/sprites/pokemon/other/official-artwork/244.png
245,suicune,water,https://raw.githubusercontent.com/PokeAPI/sprites/master/sprites/pokemon/245.png,https://raw.githubusercontent.com/PokeAPI/sprites/master/sprites/pokemon/shiny/245.png,https://raw.githubusercontent.com/PokeAPI/sprites/master/sprites/pokemon/back/245.png,https://raw.githubusercontent.com/PokeAPI/sprites/master/sprites/pokemon/back/shiny/245.png,https://raw.githubusercontent.com/PokeAPI/sprites/master/sprites/pokemon/other/official-artwork/245.png
246,larvitar,"rock, ground",https://raw.githubusercontent.com/PokeAPI/sprites/master/sprites/pokemon/246.png,https://raw.githubusercontent.com/PokeAPI/sprites/master/sprites/pokemon/shiny/246.png,https://raw.githubusercontent.com/PokeAPI/sprites/master/sprites/pokemon/back/246.png,https://raw.githubusercontent.com/PokeAPI/sprites/master/sprites/pokemon/back/shiny/246.png,https://raw.githubusercontent.com/PokeAPI/sprites/master/sprites/pokemon/other/official-artwork/246.png
247,pupitar,"rock, ground",https://raw.githubusercontent.com/PokeAPI/sprites/master/sprites/pokemon/247.png,https://raw.githubusercontent.com/PokeAPI/sprites/master/sprites/pokemon/shiny/247.png,https://raw.githubusercontent.com/PokeAPI/sprites/master/sprites/pokemon/back/247.png,https://raw.githubusercontent.com/PokeAPI/sprites/master/sprites/pokemon/back/shiny/247.png,https://raw.githubusercontent.com/PokeAPI/sprites/master/sprites/pokemon/other/official-artwork/247.png
248,tyranitar,"rock, dark",https://raw.githubusercontent.com/PokeAPI/sprites/master/sprites/pokemon/248.png,https://raw.githubusercontent.com/PokeAPI/sprites/master/sprites/pokemon/shiny/248.png,https://raw.githubusercontent.com/PokeAPI/sprites/master/sprites/pokemon/back/248.png,https://raw.githubusercontent.com/PokeAPI/sprites/master/sprites/pokemon/back/shiny/248.png,https://raw.githubusercontent.com/PokeAPI/sprites/master/sprites/pokemon/other/official-artwork/248.png
249,lugia,"psychic, flying",https://raw.githubusercontent.com/PokeAPI/sprites/master/sprites/pokemon/249.png,https://raw.githubusercontent.com/PokeAPI/sprites/master/sprites/pokemon/shiny/249.png,https://raw.githubusercontent.com/PokeAPI/sprites/master/sprites/pokemon/back/249.png,https://raw.githubusercontent.com/PokeAPI/sprites/master/sprites/pokemon/back/shiny/249.png,https://raw.githubusercontent.com/PokeAPI/sprites/master/sprites/pokemon/other/official-artwork/249.png
250,ho-oh,"fire, flying",https://raw.githubusercontent.com/PokeAPI/sprites/master/sprites/pokemon/250.png,https://raw.githubusercontent.com/PokeAPI/sprites/master/sprites/pokemon/shiny/250.png,https://raw.githubusercontent.com/PokeAPI/sprites/master/sprites/pokemon/back/250.png,https://raw.githubusercontent.com/PokeAPI/sprites/master/sprites/pokemon/back/shiny/250.png,https://raw.githubusercontent.com/PokeAPI/sprites/master/sprites/pokemon/other/official-artwork/250.png
251,celebi,"psychic, grass",https://raw.githubusercontent.com/PokeAPI/sprites/master/sprites/pokemon/251.png,https://raw.githubusercontent.com/PokeAPI/sprites/master/sprites/pokemon/shiny/251.png,https://raw.githubusercontent.com/PokeAPI/sprites/master/sprites/pokemon/back/251.png,https://raw.githubusercontent.com/PokeAPI/sprites/master/sprites/pokemon/back/shiny/251.png,https://raw.githubusercontent.com/PokeAPI/sprites/master/sprites/pokemon/other/official-artwork/251.png
252,treecko,grass,https://raw.githubusercontent.com/PokeAPI/sprites/master/sprites/pokemon/252.png,https://raw.githubusercontent.com/PokeAPI/sprites/master/sprites/pokemon/shiny/252.png,https://raw.githubusercontent.com/PokeAPI/sprites/master/sprites/pokemon/back/252.png,https://raw.githubusercontent.com/PokeAPI/sprites/master/sprites/pokemon/back/shiny/252.png,https://raw.githubusercontent.com/PokeAPI/sprites/master/sprites/pokemon/other/official-artwork/252.png
253,grovyle,grass,https://raw.githubusercontent.com/PokeAPI/sprites/master/sprites/pokemon/253.png,https://raw.githubusercontent.com/PokeAPI/sprites/master/sprites/pokemon/shiny/253.png,https://raw.githubusercontent.com/PokeAPI/sprites/master/sprites/pokemon/back/253.png,https://raw.githubusercontent.com/PokeAPI/sprites/master/sprites/pokemon/back/shiny/253.png,https://raw.githubusercontent.com/PokeAPI/sprites/master/sprites/pokemon/other/official-artwork/253.png
254,sceptile,grass,https://raw.githubusercontent.com/PokeAPI/sprites/master/sprites/pokemon/254.png,https://raw.githubusercontent.com/PokeAPI/sprites/master/sprites/pokemon/shiny/254.png,https://raw.githubusercontent.com/PokeAPI/sprites/master/sprites/pokemon/back/254.png,https://raw.githubusercontent.com/PokeAPI/sprites/master/sprites/pokemon/back/shiny/254.png,https://raw.githubusercontent.com/PokeAPI/sprites/master/sprites/pokemon/other/official-artwork/254.png
255,torchic,fire,https://raw.githubusercontent.com/PokeAPI/sprites/master/sprites/pokemon/255.png,https://raw.githubusercontent.com/PokeAPI/sprites/master/sprites/pokemon/shiny/255.png,https://raw.githubusercontent.com/PokeAPI/sprites/master/sprites/pokemon/back/255.png,https://raw.githubusercontent.com/PokeAPI/sprites/master/sprites/pokemon/back/shiny/255.png,https://raw.githubusercontent.com/PokeAPI/sprites/master/sprites/pokemon/other/official-artwork/255.png
256,combusken,"fire, fighting",https://raw.githubusercontent.com/PokeAPI/sprites/master/sprites/pokemon/256.png,https://raw.githubusercontent.com/PokeAPI/sprites/master/sprites/pokemon/shiny/256.png,https://raw.githubusercontent.com/PokeAPI/sprites/master/sprites/pokemon/back/256.png,https://raw.githubusercontent.com/PokeAPI/sprites/master/sprites/pokemon/back/shiny/256.png,https://raw.githubusercontent.com/PokeAPI/sprites/master/sprites/pokemon/other/official-artwork/256.png
257,blaziken,"fire, fighting",https://raw.githubusercontent.com/PokeAPI/sprites/master/sprites/pokemon/257.png,https://raw.githubusercontent.com/PokeAPI/sprites/master/sprites/pokemon/shiny/257.png,https://raw.githubusercontent.com/PokeAPI/sprites/master/sprites/pokemon/back/257.png,https://raw.githubusercontent.com/PokeAPI/sprites/master/sprites/pokemon/back/shiny/257.png,https://raw.githubusercontent.com/PokeAPI/sprites/master/sprites/pokemon/other/official-artwork/257.png
258,mudkip,water,https://raw.githubusercontent.com/PokeAPI/sprites/master/sprites/pokemon/258.png,https://raw.githubusercontent.com/PokeAPI/sprites/master/sprites/pokemon/shiny/258.png,https://raw.githubusercontent.com/PokeAPI/sprites/master/sprites/pokemon/back/258.png,https://raw.githubusercontent.com/PokeAPI/sprites/master/sprites/pokemon/back/shiny/258.png,https://raw.githubusercontent.com/PokeAPI/sprites/master/sprites/pokemon/other/official-artwork/258.png
259,marshtomp,"water, ground",https://raw.githubusercontent.com/PokeAPI/sprites/master/sprites/pokemon/259.png,https://raw.githubusercontent.com/PokeAPI/sprites/master/sprites/pokemon/shiny/259.png,https://raw.githubusercontent.com/PokeAPI/sprites/master/sprites/pokemon/back/259.png,https://raw.githubusercontent.com/PokeAPI/sprites/master/sprites/pokemon/back/shiny/259.png,https://raw.githubusercontent.com/PokeAPI/sprites/master/sprites/pokemon/other/official-artwork/259.png
260,swampert,"water, ground",https://raw.githubusercontent.com/PokeAPI/sprites/master/sprites/pokemon/260.png,https://raw.githubusercontent.com/PokeAPI/sprites/master/sprites/pokemon/shiny/260.png,https://raw.githubusercontent.com/PokeAPI/sprites/master/sprites/pokemon/back/260.png,https://raw.githubusercontent.com/PokeAPI/sprites/master/sprites/pokemon/back/shiny/260.png,https://raw.githubusercontent.com/PokeAPI/sprites/master/sprites/pokemon/other/official-artwork/260.png
261,poochyena,dark,https://raw.githubusercontent.com/PokeAPI/sprites/master/sprites/pokemon/261.png,https://raw.githubusercontent.com/PokeAPI/sprites/master/sprites/pokemon/shiny/261.png,https://raw.githubusercontent.com/PokeAPI/sprites/master/sprites/pokemon/back/261.png,https://raw.githubusercontent.com/PokeAPI/sprites/master/sprites/pokemon/back/shiny/261.png,https://raw.githubusercontent.com/PokeAPI/sprites/master/sprites/pokemon/other/official-artwork/261.png
262,mightyena,dark,https://raw.githubusercontent.com/PokeAPI/sprites/master/sprites/pokemon/262.png,https://raw.githubusercontent.com/PokeAPI/sprites/master/sprites/pokemon/shiny/262.png,https://raw.githubusercontent.com/PokeAPI/sprites/master/sprites/pokemon/back/262.png,https://raw.githubusercontent.com/PokeAPI/sprites/master/sprites/pokemon/back/shiny/262.png,https://raw.githubusercontent.com/PokeAPI/sprites/master/sprites/pokemon/other/official-artwork/262.png
263,zigzagoon,normal,https://raw.githubusercontent.com/PokeAPI/sprites/master/sprites/pokemon/263.png,https://raw.githubusercontent.com/PokeAPI/sprites/master/sprites/pokemon/shiny/263.png,https://raw.githubusercontent.com/PokeAPI/sprites/master/sprites/pokemon/back/263.png,https://raw.githubusercontent.com/PokeAPI/sprites/master/sprites/pokemon/back/shiny/263.png,https://raw.githubusercontent.com/PokeAPI/sprites/master/sprites/pokemon/other/official-artwork/263.png
264,linoone,normal,https://raw.githubusercontent.com/PokeAPI/sprites/master/sprites/pokemon/264.png,https://raw.githubusercontent.com/PokeAPI/sprites/master/sprites/pokemon/shiny/264.png,https://raw.githubusercontent.com/PokeAPI/sprites/master/sprites/pokemon/back/264.png,https://raw.githubusercontent.com/PokeAPI/sprites/master/sprites/pokemon/back/shiny/264.png,https://raw.githubusercontent.com/PokeAPI/sprites/master/sprites/pokemon/other/official-artwork/264.png
265,wurmple,bug,https://raw.githubusercontent.com/PokeAPI/sprites/master/sprites/pokemon/265.png,https://raw.githubusercontent.com/PokeAPI/sprites/master/sprites/pokemon/shiny/265.png,https://raw.githubusercontent.com/PokeAPI/sprites/master/sprites/pokemon/back/265.png,https://raw.githubusercontent.com/PokeAPI/sprites/master/sprites/pokemon/back/shiny/265.png,https://raw.githubusercontent.com/PokeAPI/sprites/master/sprites/pokemon/other/official-artwork/265.png
266,silcoon,bug,https://raw.githubusercontent.com/PokeAPI/sprites/master/sprites/pokemon/266.png,https://raw.githubusercontent.com/PokeAPI/sprites/master/sprites/pokemon/shiny/266.png,https://raw.githubusercontent.com/PokeAPI/sprites/master/sprites/pokemon/back/266.png,https://raw.githubusercontent.com/PokeAPI/sprites/master/sprites/pokemon/back/shiny/266.png,https://raw.githubusercontent.com/PokeAPI/sprites/master/sprites/pokemon/other/official-artwork/266.png
267,beautifly,"bug, flying",https://raw.githubusercontent.com/PokeAPI/sprites/master/sprites/pokemon/267.png,https://raw.githubusercontent.com/PokeAPI/sprites/master/sprites/pokemon/shiny/267.png,https://raw.githubusercontent.com/PokeAPI/sprites/master/sprites/pokemon/back/267.png,https://raw.githubusercontent.com/PokeAPI/sprites/master/sprites/pokemon/back/shiny/267.png,https://raw.githubusercontent.com/PokeAPI/sprites/master/sprites/pokemon/other/official-artwork/267.png
268,cascoon,bug,https://raw.githubusercontent.com/PokeAPI/sprites/master/sprites/pokemon/268.png,https://raw.githubusercontent.com/PokeAPI/sprites/master/sprites/pokemon/shiny/268.png,https://raw.githubusercontent.com/PokeAPI/sprites/master/sprites/pokemon/back/268.png,https://raw.githubusercontent.com/PokeAPI/sprites/master/sprites/pokemon/back/shiny/268.png,https://raw.githubusercontent.com/PokeAPI/sprites/master/sprites/pokemon/other/official-artwork/268.png
269,dustox,"bug, poison",https://raw.githubusercontent.com/PokeAPI/sprites/master/sprites/pokemon/269.png,https://raw.githubusercontent.com/PokeAPI/sprites/master/sprites/pokemon/shiny/269.png,https://raw.githubusercontent.com/PokeAPI/sprites/master/sprites/pokemon/back/269.png,https://raw.githubusercontent.com/PokeAPI/sprites/master/sprites/pokemon/back/shiny/269.png,https://raw.githubusercontent.com/PokeAPI/sprites/master/sprites/pokemon/other/official-artwork/269.png
270,lotad,"water, grass",https://raw.githubusercontent.com/PokeAPI/sprites/master/sprites/pokemon/270.png,https://raw.githubusercontent.com/PokeAPI/sprites/master/sprites/pokemon/shiny/270.png,https://raw.githubusercontent.com/PokeAPI/sprites/master/sprites/pokemon/back/270.png,https://raw.githubusercontent.com/PokeAPI/sprites/master/sprites/pokemon/back/shiny/270.png,https://raw.githubusercontent.com/PokeAPI/sprites/master/sprites/pokemon/other/official-artwork/270.png
271,lombre,"water, grass",https://raw.githubusercontent.com/PokeAPI/sprites/master/sprites/pokemon/271.png,https://raw.githubusercontent.com/PokeAPI/sprites/master/sprites/pokemon/shiny/271.png,https://raw.githubusercontent.com/PokeAPI/sprites/master/sprites/pokemon/back/271.png,https://raw.githubusercontent.com/PokeAPI/sprites/master/sprites/pokemon/back/shiny/271.png,https://raw.githubusercontent.com/PokeAPI/sprites/master/sprites/pokemon/other/official-artwork/271.png
272,ludicolo,"water, grass",https://raw.githubusercontent.com/PokeAPI/sprites/master/sprites/pokemon/272.png,https://raw.githubusercontent.com/PokeAPI/sprites/master/sprites/pokemon/shiny/272.png,https://raw.githubusercontent.com/PokeAPI/sprites/master/sprites/pokemon/back/272.png,https://raw.githubusercontent.com/PokeAPI/sprites/master/sprites/pokemon/back/shiny/272.png,https://raw.githubusercontent.com/PokeAPI/sprites/master/sprites/pokemon/other/official-artwork/272.png
273,seedot,grass,https://raw.githubusercontent.com/PokeAPI/sprites/master/sprites/pokemon/273.png,https://raw.githubusercontent.com/PokeAPI/sprites/master/sprites/pokemon/shiny/273.png,https://raw.githubusercontent.com/PokeAPI/sprites/master/sprites/pokemon/back/273.png,https://raw.githubusercontent.com/PokeAPI/sprites/master/sprites/pokemon/back/shiny/273.png,https://raw.githubusercontent.com/PokeAPI/sprites/master/sprites/pokemon/other/official-artwork/273.png
274,nuzleaf,"grass, dark",https://raw.githubusercontent.com/PokeAPI/sprites/master/sprites/pokemon/274.png,https://raw.githubusercontent.com/PokeAPI/sprites/master/sprites/pokemon/shiny/274.png,https://raw.githubusercontent.com/PokeAPI/sprites/master/sprites/pokemon/back/274.png,https://raw.githubusercontent.com/PokeAPI/sprites/master/sprites/pokemon/back/shiny/274.png,https://raw.githubusercontent.com/PokeAPI/sprites/master/sprites/pokemon/other/official-artwork/274.png
275,shiftry,"grass, dark",https://raw.githubusercontent.com/PokeAPI/sprites/master/sprites/pokemon/275.png,https://raw.githubusercontent.com/PokeAPI/sprites/master/sprites/pokemon/shiny/275.png,https://raw.githubusercontent.com/PokeAPI/sprites/master/sprites/pokemon/back/275.png,https://raw.githubusercontent.com/PokeAPI/sprites/master/sprites/pokemon/back/shiny/275.png,https://raw.githubusercontent.com/PokeAPI/sprites/master/sprites/pokemon/other/official-artwork/275.png
276,taillow,"normal, flying",https://raw.githubusercontent.com/PokeAPI/sprites/master/sprites/pokemon/276.png,https://raw.githubusercontent.com/PokeAPI/sprites/master/sprites/pokemon/shiny/276.png,https://raw.githubusercontent.com/PokeAPI/sprites/master/sprites/pokemon/back/276.png,https://raw.githubusercontent.com/PokeAPI/sprites/master/sprites/pokemon/back/shiny/276.png,https://raw.githubusercontent.com/PokeAPI/sprites/master/sprites/pokemon/other/official-artwork/276.png
277,swellow,"normal, flying",https://raw.githubusercontent.com/PokeAPI/sprites/master/sprites/pokemon/277.png,https://raw.githubusercontent.com/PokeAPI/sprites/master/sprites/pokemon/shiny/277.png,https://raw.githubusercontent.com/PokeAPI/sprites/master/sprites/pokemon/back/277.png,https://raw.githubusercontent.com/PokeAPI/sprites/master/sprites/pokemon/back/shiny/277.png,https://raw.githubusercontent.com/PokeAPI/sprites/master/sprites/pokemon/other/official-artwork/277.png
278,wingull,"water, flying",https://raw.githubusercontent.com/PokeAPI/sprites/master/sprites/pokemon/278.png,https://raw.githubusercontent.com/PokeAPI/sprites/master/sprites/pokemon/shiny/278.png,https://raw.githubusercontent.com/PokeAPI/sprites/master/sprites/pokemon/back/278.png,https://raw.githubusercontent.com/PokeAPI/sprites/master/sprites/pokemon/back/shiny/278.png,https://raw.githubusercontent.com/PokeAPI/sprites/master/sprites/pokemon/other/official-artwork/278.png
279,pelipper,"water, flying",https://raw.githubusercontent.com/PokeAPI/sprites/master/sprites/pokemon/279.png,https://raw.githubusercontent.com/PokeAPI/sprites/master/sprites/pokemon/shiny/279.png,https://raw.githubusercontent.com/PokeAPI/sprites/master/sprites/pokemon/back/279.png,https://raw.githubusercontent.com/PokeAPI/sprites/master/sprites/pokemon/back/shiny/279.png,https://raw.githubusercontent.com/PokeAPI/sprites/master/sprites/pokemon/other/official-artwork/279.png
280,ralts,"psychic, fairy",https://raw.githubusercontent.com/PokeAPI/sprites/master/sprites/pokemon/280.png,https://raw.githubusercontent.com/PokeAPI/sprites/master/sprites/pokemon/shiny/280.png,https://raw.githubusercontent.com/PokeAPI/sprites/master/sprites/pokemon/back/280.png,https://raw.githubusercontent.com/PokeAPI/sprites/master/sprites/pokemon/back/shiny/280.png,https://raw.githubusercontent.com/PokeAPI/sprites/master/sprites/pokemon/other/official-artwork/280.png
281,kirlia,"psychic, fairy",https://raw.githubusercontent.com/PokeAPI/sprites/master/sprites/pokemon/281.png,https://raw.githubusercontent.com/PokeAPI/sprites/master/sprites/pokemon/shiny/281.png,https://raw.githubusercontent.com/PokeAPI/sprites/master/sprites/pokemon/back/281.png,https://raw.githubusercontent.com/PokeAPI/sprites/master/sprites/pokemon/back/shiny/281.png,https://raw.githubusercontent.com/PokeAPI/sprites/master/sprites/pokemon/other/official-artwork/281.png
282,gardevoir,"psychic, fairy",https://raw.githubusercontent.com/PokeAPI/sprites/master/sprites/pokemon/282.png,https://raw.githubusercontent.com/PokeAPI/sprites/master/sprites/pokemon/shiny/282.png,https://raw.githubusercontent.com/PokeAPI/sprites/master/sprites/pokemon/back/282.png,https://raw.githubusercontent.com/PokeAPI/sprites/master/sprites/pokemon/back/shiny/282.png,https://raw.githubusercontent.com/PokeAPI/sprites/master/sprites/pokemon/other/official-artwork/282.png
283,surskit,"bug, water",https://raw.githubusercontent.com/PokeAPI/sprites/master/sprites/pokemon/283.png,https://raw.githubusercontent.com/PokeAPI/sprites/master/sprites/pokemon/shiny/283.png,https://raw.githubusercontent.com/PokeAPI/sprites/master/sprites/pokemon/back/283.png,https://raw.githubusercontent.com/PokeAPI/sprites/master/sprites/pokemon/back/shiny/283.png,https://raw.githubusercontent.com/PokeAPI/sprites/master/sprites/pokemon/other/official-artwork/283.png
284,masquerain,"bug, flying",https://raw.githubusercontent.com/PokeAPI/sprites/master/sprites/pokemon/284.png,https://raw.githubusercontent.com/PokeAPI/sprites/master/sprites/pokemon/shiny/284.png,https://raw.githubusercontent.com/PokeAPI/sprites/master/sprites/pokemon/back/284.png,https://raw.githubusercontent.com/PokeAPI/sprites/master/sprites/pokemon/back/shiny/284.png,https://raw.githubusercontent.com/PokeAPI/sprites/master/sprites/pokemon/other/official-artwork/284.png
285,shroomish,grass,https://raw.githubusercontent.com/PokeAPI/sprites/master/sprites/pokemon/285.png,https://raw.githubusercontent.com/PokeAPI/sprites/master/sprites/pokemon/shiny/285.png,https://raw.githubusercontent.com/PokeAPI/sprites/master/sprites/pokemon/back/285.png,https://raw.githubusercontent.com/PokeAPI/sprites/master/sprites/pokemon/back/shiny/285.png,https://raw.githubusercontent.com/PokeAPI/sprites/master/sprites/pokemon/other/official-artwork/285.png
286,breloom,"grass, fighting",https://raw.githubusercontent.com/PokeAPI/sprites/master/sprites/pokemon/286.png,https://raw.githubusercontent.com/PokeAPI/sprites/master/sprites/pokemon/shiny/286.png,https://raw.githubusercontent.com/PokeAPI/sprites/master/sprites/pokemon/back/286.png,https://raw.githubusercontent.com/PokeAPI/sprites/master/sprites/pokemon/back/shiny/286.png,https://raw.githubusercontent.com/PokeAPI/sprites/master/sprites/pokemon/other/official-artwork/286.png
287,slakoth,normal,https://raw.githubusercontent.com/PokeAPI/sprites/master/sprites/pokemon/287.png,https://raw.githubusercontent.com/PokeAPI/sprites/master/sprites/pokemon/shiny/287.png,https://raw.githubusercontent.com/PokeAPI/sprites/master/sprites/pokemon/back/287.png,https://raw.githubusercontent.com/PokeAPI/sprites/master/sprites/pokemon/back/shiny/287.png,https://raw.githubusercontent.com/PokeAPI/sprites/master/sprites/pokemon/other/official-artwork/287.png
288,vigoroth,normal,https://raw.githubusercontent.com/PokeAPI/sprites/master/sprites/pokemon/288.png,https://raw.githubusercontent.com/PokeAPI/sprites/master/sprites/pokemon/shiny/288.png,https://raw.githubusercontent.com/PokeAPI/sprites/master/sprites/pokemon/back/288.png,https://raw.githubusercontent.com/PokeAPI/sprites/master/sprites/pokemon/back/shiny/288.png,https://raw.githubusercontent.com/PokeAPI/sprites/master/sprites/pokemon/other/official-artwork/288.png
289,slaking,normal,https://raw.githubusercontent.com/PokeAPI/sprites/master/sprites/pokemon/289.png,https://raw.githubusercontent.com/PokeAPI/sprites/master/sprites/pokemon/shiny/289.png,https://raw.githubusercontent.com/PokeAPI/sprites/master/sprites/pokemon/back/289.png,https://raw.githubusercontent.com/PokeAPI/sprites/master/sprites/pokemon/back/shiny/289.png,https://raw.githubusercontent.com/PokeAPI/sprites/master/sprites/pokemon/other/official-artwork/289.png
290,nincada,"bug, ground",https://raw.githubusercontent.com/PokeAPI/sprites/master/sprites/pokemon/290.png,https://raw.githubusercontent.com/PokeAPI/sprites/master/sprites/pokemon/shiny/290.png,https://raw.githubusercontent.com/PokeAPI/sprites/master/sprites/pokemon/back/290.png,https://raw.githubusercontent.com/PokeAPI/sprites/master/sprites/pokemon/back/shiny/290.png,https://raw.githubusercontent.com/PokeAPI/sprites/master/sprites/pokemon/other/official-artwork/290.png
291,ninjask,"bug, flying",https://raw.githubusercontent.com/PokeAPI/sprites/master/sprites/pokemon/291.png,https://raw.githubusercontent.com/PokeAPI/sprites/master/sprites/pokemon/shiny/291.png,https://raw.githubusercontent.com/PokeAPI/sprites/master/sprites/pokemon/back/291.png,https://raw.githubusercontent.com/PokeAPI/sprites/master/sprites/pokemon/back/shiny/291.png,https://raw.githubusercontent.com/PokeAPI/sprites/master/sprites/pokemon/other/official-artwork/291.png
292,shedinja,"bug, ghost",https://raw.githubusercontent.com/PokeAPI/sprites/master/sprites/pokemon/292.png,https://raw.githubusercontent.com/PokeAPI/sprites/master/sprites/pokemon/shiny/292.png,https://raw.githubusercontent.com/PokeAPI/sprites/master/sprites/pokemon/back/292.png,https://raw.githubusercontent.com/PokeAPI/sprites/master/sprites/pokemon/back/shiny/292.png,https://raw.githubusercontent.com/PokeAPI/sprites/master/sprites/pokemon/other/official-artwork/292.png
293,whismur,normal,https://raw.githubusercontent.com/PokeAPI/sprites/master/sprites/pokemon/293.png,https://raw.githubusercontent.com/PokeAPI/sprites/master/sprites/pokemon/shiny/293.png,https://raw.githubusercontent.com/PokeAPI/sprites/master/sprites/pokemon/back/293.png,https://raw.githubusercontent.com/PokeAPI/sprites/master/sprites/pokemon/back/shiny/293.png,https://raw.githubusercontent.com/PokeAPI/sprites/master/sprites/pokemon/other/official-artwork/293.png
294,loudred,normal,https://raw.githubusercontent.com/PokeAPI/sprites/master/sprites/pokemon/294.png,https://raw.githubusercontent.com/PokeAPI/sprites/master/sprites/pokemon/shiny/294.png,https://raw.githubusercontent.com/PokeAPI/sprites/master/sprites/pokemon/back/294.png,https://raw.githubusercontent.com/PokeAPI/sprites/master/sprites/pokemon/back/shiny/294.png,https://raw.githubusercontent.com/PokeAPI/sprites/master/sprites/pokemon/other/official-artwork/294.png
295,exploud,normal,https://raw.githubusercontent.com/PokeAPI/sprites/master/sprites/pokemon/295.png,https://raw.githubusercontent.com/PokeAPI/sprites/master/sprites/pokemon/shiny/295.png,https://raw.githubusercontent.com/PokeAPI/sprites/master/sprites/pokemon/back/295.png,https://raw.githubusercontent.com/PokeAPI/sprites/master/sprites/pokemon/back/shiny/295.png,https://raw.githubusercontent.com/PokeAPI/sprites/master/sprites/pokemon/other/official-artwork/295.png
296,makuhita,fighting,https://raw.githubusercontent.com/PokeAPI/sprites/master/sprites/pokemon/296.png,https://raw.githubusercontent.com/PokeAPI/sprites/master/sprites/pokemon/shiny/296.png,https://raw.githubusercontent.com/PokeAPI/sprites/master/sprites/pokemon/back/296.png,https://raw.githubusercontent.com/PokeAPI/sprites/master/sprites/pokemon/back/shiny/296.png,https://raw.githubusercontent.com/PokeAPI/sprites/master/sprites/pokemon/other/official-artwork/296.png
297,hariyama,fighting,https://raw.githubusercontent.com/PokeAPI/sprites/master/sprites/pokemon/297.png,https://raw.githubusercontent.com/PokeAPI/sprites/master/sprites/pokemon/shiny/297.png,https://raw.githubusercontent.com/PokeAPI/sprites/master/sprites/pokemon/back/297.png,https://raw.githubusercontent.com/PokeAPI/sprites/master/sprites/pokemon/back/shiny/297.png,https://raw.githubusercontent.com/PokeAPI/sprites/master/sprites/pokemon/other/official-artwork/297.png
298,azurill,"normal, fairy",https://raw.githubusercontent.com/PokeAPI/sprites/master/sprites/pokemon/298.png,https://raw.githubusercontent.com/PokeAPI/sprites/master/sprites/pokemon/shiny/298.png,https://raw.githubusercontent.com/PokeAPI/sprites/master/sprites/pokemon/back/298.png,https://raw.githubusercontent.com/PokeAPI/sprites/master/sprites/pokemon/back/shiny/298.png,https://raw.githubusercontent.com/PokeAPI/sprites/master/sprites/pokemon/other/official-artwork/298.png
299,nosepass,rock,https://raw.githubusercontent.com/PokeAPI/sprites/master/sprites/pokemon/299.png,https://raw.githubusercontent.com/PokeAPI/sprites/master/sprites/pokemon/shiny/299.png,https://raw.githubusercontent.com/PokeAPI/sprites/master/sprites/pokemon/back/299.png,https://raw.githubusercontent.com/PokeAPI/sprites/master/sprites/pokemon/back/shiny/299.png,https://raw.githubusercontent.com/PokeAPI/sprites/master/sprites/pokemon/other/official-artwork/299.png
300,skitty,normal,https://raw.githubusercontent.com/PokeAPI/sprites/master/sprites/pokemon/300.png,https://raw.githubusercontent.com/PokeAPI/sprites/master/sprites/pokemon/shiny/300.png,https://raw.githubusercontent.com/PokeAPI/sprites/master/sprites/pokemon/back/300.png,https://raw.githubusercontent.com/PokeAPI/sprites/master/sprites/pokemon/back/shiny/300.png,https://raw.githubusercontent.com/PokeAPI/sprites/master/sprites/pokemon/other/official-artwork/300.png
301,delcatty,normal,https://raw.githubusercontent.com/PokeAPI/sprites/master/sprites/pokemon/301.png,https://raw.githubusercontent.com/PokeAPI/sprites/master/sprites/pokemon/shiny/301.png,https://raw.githubusercontent.com/PokeAPI/sprites/master/sprites/pokemon/back/301.png,https://raw.githubusercontent.com/PokeAPI/sprites/master/sprites/pokemon/back/shiny/301.png,https://raw.githubusercontent.com/PokeAPI/sprites/master/sprites/pokemon/other/official-artwork/301.png
302,sableye,"dark, ghost",https://raw.githubusercontent.com/PokeAPI/sprites/master/sprites/pokemon/302.png,https://raw.githubusercontent.com/PokeAPI/sprites/master/sprites/pokemon/shiny/302.png,https://raw.githubusercontent.com/PokeAPI/sprites/master/sprites/pokemon/back/302.png,https://raw.githubusercontent.com/PokeAPI/sprites/master/sprites/pokemon/back/shiny/302.png,https://raw.githubusercontent.com/PokeAPI/sprites/master/sprites/pokemon/other/official-artwork/302.png
303,mawile,"steel, fairy",https://raw.githubusercontent.com/PokeAPI/sprites/master/sprites/pokemon/303.png,https://raw.githubusercontent.com/PokeAPI/sprites/master/sprites/pokemon/shiny/303.png,https://raw.githubusercontent.com/PokeAPI/sprites/master/sprites/pokemon/back/303.png,https://raw.githubusercontent.com/PokeAPI/sprites/master/sprites/pokemon/back/shiny/303.png,https://raw.githubusercontent.com/PokeAPI/sprites/master/sprites/pokemon/other/official-artwork/303.png
304,aron,"steel, rock",https://raw.githubusercontent.com/PokeAPI/sprites/master/sprites/pokemon/304.png,https://raw.githubusercontent.com/PokeAPI/sprites/master/sprites/pokemon/shiny/304.png,https://raw.githubusercontent.com/PokeAPI/sprites/master/sprites/pokemon/back/304.png,https://raw.githubusercontent.com/PokeAPI/sprites/master/sprites/pokemon/back/shiny/304.png,https://raw.githubusercontent.com/PokeAPI/sprites/master/sprites/pokemon/other/official-artwork/304.png
305,lairon,"steel, rock",https://raw.githubusercontent.com/PokeAPI/sprites/master/sprites/pokemon/305.png,https://raw.githubusercontent.com/PokeAPI/sprites/master/sprites/pokemon/shiny/305.png,https://raw.githubusercontent.com/PokeAPI/sprites/master/sprites/pokemon/back/305.png,https://raw.githubusercontent.com/PokeAPI/sprites/master/sprites/pokemon/back/shiny/305.png,https://raw.githubusercontent.com/PokeAPI/sprites/master/sprites/pokemon/other/official-artwork/305.png
306,aggron,"steel, rock",https://raw.githubusercontent.com/PokeAPI/sprites/master/sprites/pokemon/306.png,https://raw.githubusercontent.com/PokeAPI/sprites/master/sprites/pokemon/shiny/306.png,https://raw.githubusercontent.com/PokeAPI/sprites/master/sprites/pokemon/back/306.png,https://raw.githubusercontent.com/PokeAPI/sprites/master/sprites/pokemon/back/shiny/306.png,https://raw.githubusercontent.com/PokeAPI/sprites/master/sprites/pokemon/other/official-artwork/306.png
307,meditite,"fighting, psychic",https://raw.githubusercontent.com/PokeAPI/sprites/master/sprites/pokemon/307.png,https://raw.githubusercontent.com/PokeAPI/sprites/master/sprites/pokemon/shiny/307.png,https://raw.githubusercontent.com/PokeAPI/sprites/master/sprites/pokemon/back/307.png,https://raw.githubusercontent.com/PokeAPI/sprites/master/sprites/pokemon/back/shiny/307.png,https://raw.githubusercontent.com/PokeAPI/sprites/master/sprites/pokemon/other/official-artwork/307.png
308,medicham,"fighting, psychic",https://raw.githubusercontent.com/PokeAPI/sprites/master/sprites/pokemon/308.png,https://raw.githubusercontent.com/PokeAPI/sprites/master/sprites/pokemon/shiny/308.png,https://raw.githubusercontent.com/PokeAPI/sprites/master/sprites/pokemon/back/308.png,https://raw.githubusercontent.com/PokeAPI/sprites/master/sprites/pokemon/back/shiny/308.png,https://raw.githubusercontent.com/PokeAPI/sprites/master/sprites/pokemon/other/official-artwork/308.png
309,electrike,electric,https://raw.githubusercontent.com/PokeAPI/sprites/master/sprites/pokemon/309.png,https://raw.githubusercontent.com/PokeAPI/sprites/master/sprites/pokemon/shiny/309.png,https://raw.githubusercontent.com/PokeAPI/sprites/master/sprites/pokemon/back/309.png,https://raw.githubusercontent.com/PokeAPI/sprites/master/sprites/pokemon/back/shiny/309.png,https://raw.githubusercontent.com/PokeAPI/sprites/master/sprites/pokemon/other/official-artwork/309.png
310,manectric,electric,https://raw.githubusercontent.com/PokeAPI/sprites/master/sprites/pokemon/310.png,https://raw.githubusercontent.com/PokeAPI/sprites/master/sprites/pokemon/shiny/310.png,https://raw.githubusercontent.com/PokeAPI/sprites/master/sprites/pokemon/back/310.png,https://raw.githubusercontent.com/PokeAPI/sprites/master/sprites/pokemon/back/shiny/310.png,https://raw.githubusercontent.com/PokeAPI/sprites/master/sprites/pokemon/other/official-artwork/310.png
311,plusle,electric,https://raw.githubusercontent.com/PokeAPI/sprites/master/sprites/pokemon/311.png,https://raw.githubusercontent.com/PokeAPI/sprites/master/sprites/pokemon/shiny/311.png,https://raw.githubusercontent.com/PokeAPI/sprites/master/sprites/pokemon/back/311.png,https://raw.githubusercontent.com/PokeAPI/sprites/master/sprites/pokemon/back/shiny/311.png,https://raw.githubusercontent.com/PokeAPI/sprites/master/sprites/pokemon/other/official-artwork/311.png
312,minun,electric,https://raw.githubusercontent.com/PokeAPI/sprites/master/sprites/pokemon/312.png,https://raw.githubusercontent.com/PokeAPI/sprites/master/sprites/pokemon/shiny/312.png,https://raw.githubusercontent.com/PokeAPI/sprites/master/sprites/pokemon/back/312.png,https://raw.githubusercontent.com/PokeAPI/sprites/master/sprites/pokemon/back/shiny/312.png,https://raw.githubusercontent.com/PokeAPI/sprites/master/sprites/pokemon/other/official-artwork/312.png
313,volbeat,bug,https://raw.githubusercontent.com/PokeAPI/sprites/master/sprites/pokemon/313.png,https://raw.githubusercontent.com/PokeAPI/sprites/master/sprites/pokemon/shiny/313.png,https://raw.githubusercontent.com/PokeAPI/sprites/master/sprites/pokemon/back/313.png,https://raw.githubusercontent.com/PokeAPI/sprites/master/sprites/pokemon/back/shiny/313.png,https://raw.githubusercontent.com/PokeAPI/sprites/master/sprites/pokemon/other/official-artwork/313.png
314,illumise,bug,https://raw.githubusercontent.com/PokeAPI/sprites/master/sprites/pokemon/314.png,https://raw.githubusercontent.com/PokeAPI/sprites/master/sprites/pokemon/shiny/314.png,https://raw.githubusercontent.com/PokeAPI/sprites/master/sprites/pokemon/back/314.png,https://raw.githubusercontent.com/PokeAPI/sprites/master/sprites/pokemon/back/shiny/314.png,https://raw.githubusercontent.com/PokeAPI/sprites/master/sprites/pokemon/other/official-artwork/314.png
315,roselia,"grass, poison",https://raw.githubusercontent.com/PokeAPI/sprites/master/sprites/pokemon/315.png,https://raw.githubusercontent.com/PokeAPI/sprites/master/sprites/pokemon/shiny/315.png,https://raw.githubusercontent.com/PokeAPI/sprites/master/sprites/pokemon/back/315.png,https://raw.githubusercontent.com/PokeAPI/sprites/master/sprites/pokemon/back/shiny/315.png,https://raw.githubusercontent.com/PokeAPI/sprites/master/sprites/pokemon/other/official-artwork/315.png
316,gulpin,poison,https://raw.githubusercontent.com/PokeAPI/sprites/master/sprites/pokemon/316.png,https://raw.githubusercontent.com/PokeAPI/sprites/master/sprites/pokemon/shiny/316.png,https://raw.githubusercontent.com/PokeAPI/sprites/master/sprites/pokemon/back/316.png,https://raw.githubusercontent.com/PokeAPI/sprites/master/sprites/pokemon/back/shiny/316.png,https://raw.githubusercontent.com/PokeAPI/sprites/master/sprites/pokemon/other/official-artwork/316.png
317,swalot,poison,https://raw.githubusercontent.com/PokeAPI/sprites/master/sprites/pokemon/317.png,https://raw.githubusercontent.com/PokeAPI/sprites/master/sprites/pokemon/shiny/317.png,https://raw.githubusercontent.com/PokeAPI/sprites/master/sprites/pokemon/back/317.png,https://raw.githubusercontent.com/PokeAPI/sprites/master/sprites/pokemon/back/shiny/317.png,https://raw.githubusercontent.com/PokeAPI/sprites/master/sprites/pokemon/other/official-artwork/317.png
318,carvanha,"water, dark",https://raw.githubusercontent.com/PokeAPI/sprites/master/sprites/pokemon/318.png,https://raw.githubusercontent.com/PokeAPI/sprites/master/sprites/pokemon/shiny/318.png,https://raw.githubusercontent.com/PokeAPI/sprites/master/sprites/pokemon/back/318.png,https://raw.githubusercontent.com/PokeAPI/sprites/master/sprites/pokemon/back/shiny/318.png,https://raw.githubusercontent.com/PokeAPI/sprites/master/sprites/pokemon/other/official-artwork/318.png
319,sharpedo,"water, dark",https://raw.githubusercontent.com/PokeAPI/sprites/master/sprites/pokemon/319.png,https://raw.githubusercontent.com/PokeAPI/sprites/master/sprites/pokemon/shiny/319.png,https://raw.githubusercontent.com/PokeAPI/sprites/master/sprites/pokemon/back/319.png,https://raw.githubusercontent.com/PokeAPI/sprites/master/sprites/pokemon/back/shiny/319.png,https://raw.githubusercontent.com/PokeAPI/sprites/master/sprites/pokemon/other/official-artwork/319.png
320,wailmer,water,https://raw.githubusercontent.com/PokeAPI/sprites/master/sprites/pokemon/320.png,https://raw.githubusercontent.com/PokeAPI/sprites/master/sprites/pokemon/shiny/320.png,https://raw.githubusercontent.com/PokeAPI/sprites/master/sprites/pokemon/back/320.png,https://raw.githubusercontent.com/PokeAPI/sprites/master/sprites/pokemon/back/shiny/320.png,https://raw.githubusercontent.com/PokeAPI/sprites/master/sprites/pokemon/other/official-artwork/320.png
321,wailord,water,https://raw.githubusercontent.com/PokeAPI/sprites/master/sprites/pokemon/321.png,https://raw.githubusercontent.com/PokeAPI/sprites/master/sprites/pokemon/shiny/321.png,https://raw.githubusercontent.com/PokeAPI/sprites/master/sprites/pokemon/back/321.png,https://raw.githubusercontent.com/PokeAPI/sprites/master/sprites/pokemon/back/shiny/321.png,https://raw.githubusercontent.com/PokeAPI/sprites/master/sprites/pokemon/other/official-artwork/321.png
322,numel,"fire, ground",https://raw.githubusercontent.com/PokeAPI/sprites/master/sprites/pokemon/322.png,https://raw.githubusercontent.com/PokeAPI/sprites/master/sprites/pokemon/shiny/322.png,https://raw.githubusercontent.com/PokeAPI/sprites/master/sprites/pokemon/back/322.png,https://raw.githubusercontent.com/PokeAPI/sprites/master/sprites/pokemon/back/shiny/322.png,https://raw.githubusercontent.com/PokeAPI/sprites/master/sprites/pokemon/other/official-artwork/322.png
323,camerupt,"fire, ground",https://raw.githubusercontent.com/PokeAPI/sprites/master/sprites/pokemon/323.png,https://raw.githubusercontent.com/PokeAPI/sprites/master/sprites/pokemon/shiny/323.png,https://raw.githubusercontent.com/PokeAPI/sprites/master/sprites/pokemon/back/323.png,https://raw.githubusercontent.com/PokeAPI/sprites/master/sprites/pokemon/back/shiny/323.png,https://raw.githubusercontent.com/PokeAPI/sprites/master/sprites/pokemon/other/official-artwork/323.png
324,torkoal,fire,https://raw.githubusercontent.com/PokeAPI/sprites/master/sprites/pokemon/324.png,https://raw.githubusercontent.com/PokeAPI/sprites/master/sprites/pokemon/shiny/324.png,https://raw.githubusercontent.com/PokeAPI/sprites/master/sprites/pokemon/back/324.png,https://raw.githubusercontent.com/PokeAPI/sprites/master/sprites/pokemon/back/shiny/324.png,https://raw.githubusercontent.com/PokeAPI/sprites/master/sprites/pokemon/other/official-artwork/324.png
325,spoink,psychic,https://raw.githubusercontent.com/PokeAPI/sprites/master/sprites/pokemon/325.png,https://raw.githubusercontent.com/PokeAPI/sprites/master/sprites/pokemon/shiny/325.png,https://raw.githubusercontent.com/PokeAPI/sprites/master/sprites/pokemon/back/325.png,https://raw.githubusercontent.com/PokeAPI/sprites/master/sprites/pokemon/back/shiny/325.png,https://raw.githubusercontent.com/PokeAPI/sprites/master/sprites/pokemon/other/official-artwork/325.png
326,grumpig,psychic,https://raw.githubusercontent.com/PokeAPI/sprites/master/sprites/pokemon/326.png,https://raw.githubusercontent.com/PokeAPI/sprites/master/sprites/pokemon/shiny/326.png,https://raw.githubusercontent.com/PokeAPI/sprites/master/sprites/pokemon/back/326.png,https://raw.githubusercontent.com/PokeAPI/sprites/master/sprites/pokemon/back/shiny/326.png,https://raw.githubusercontent.com/PokeAPI/sprites/master/sprites/pokemon/other/official-artwork/326.png
327,spinda,normal,https://raw.githubusercontent.com/PokeAPI/sprites/master/sprites/pokemon/327.png,https://raw.githubusercontent.com/PokeAPI/sprites/master/sprites/pokemon/shiny/327.png,https://raw.githubusercontent.com/PokeAPI/sprites/master/sprites/pokemon/back/327.png,https://raw.githubusercontent.com/PokeAPI/sprites/master/sprites/pokemon/back/shiny/327.png,https://raw.githubusercontent.com/PokeAPI/sprites/master/sprites/pokemon/other/official-artwork/327.png
328,trapinch,ground,https://raw.githubusercontent.com/PokeAPI/sprites/master/sprites/pokemon/328.png,https://raw.githubusercontent.com/PokeAPI/sprites/master/sprites/pokemon/shiny/328.png,https://raw.githubusercontent.com/PokeAPI/sprites/master/sprites/pokemon/back/328.png,https://raw.githubusercontent.com/PokeAPI/sprites/master/sprites/pokemon/back/shiny/328.png,https://raw.githubusercontent.com/PokeAPI/sprites/master/sprites/pokemon/other/official-artwork/328.png
329,vibrava,"ground, dragon",https://raw.githubusercontent.com/PokeAPI/sprites/master/sprites/pokemon/329.png,https://raw.githubusercontent.com/PokeAPI/sprites/master/sprites/pokemon/shiny/329.png,https://raw.githubusercontent.com/PokeAPI/sprites/master/sprites/pokemon/back/329.png,https://raw.githubusercontent.com/PokeAPI/sprites/master/sprites/pokemon/back/shiny/329.png,https://raw.githubusercontent.com/PokeAPI/sprites/master/sprites/pokemon/other/official-artwork/329.png
330,flygon,"ground, dragon",https://raw.githubusercontent.com/PokeAPI/sprites/master/sprites/pokemon/330.png,https://raw.githubusercontent.com/PokeAPI/sprites/master/sprites/pokemon/shiny/330.png,https://raw.githubusercontent.com/PokeAPI/sprites/master/sprites/pokemon/back/330.png,https://raw.githubusercontent.com/PokeAPI/sprites/master/sprites/pokemon/back/shiny/330.png,https://raw.githubusercontent.com/PokeAPI/sprites/master/sprites/pokemon/other/official-artwork/330.png
331,cacnea,grass,https://raw.githubusercontent.com/PokeAPI/sprites/master/sprites/pokemon/331.png,https://raw.githubusercontent.com/PokeAPI/sprites/master/sprites/pokemon/shiny/331.png,https://raw.githubusercontent.com/PokeAPI/sprites/master/sprites/pokemon/back/331.png,https://raw.githubusercontent.com/PokeAPI/sprites/master/sprites/pokemon/back/shiny/331.png,https://raw.githubusercontent.com/PokeAPI/sprites/master/sprites/pokemon/other/official-artwork/331.png
332,cacturne,"grass, dark",https://raw.githubusercontent.com/PokeAPI/sprites/master/sprites/pokemon/332.png,https://raw.githubusercontent.com/PokeAPI/sprites/master/sprites/pokemon/shiny/332.png,https://raw.githubusercontent.com/PokeAPI/sprites/master/sprites/pokemon/back/332.png,https://raw.githubusercontent.com/PokeAPI/sprites/master/sprites/pokemon/back/shiny/332.png,https://raw.githubusercontent.com/PokeAPI/sprites/master/sprites/pokemon/other/official-artwork/332.png
333,swablu,"normal, flying",https://raw.githubusercontent.com/PokeAPI/sprites/master/sprites/pokemon/333.png,https://raw.githubusercontent.com/PokeAPI/sprites/master/sprites/pokemon/shiny/333.png,https://raw.githubusercontent.com/PokeAPI/sprites/master/sprites/pokemon/back/333.png,https://raw.githubusercontent.com/PokeAPI/sprites/master/sprites/pokemon/back/shiny/333.png,https://raw.githubusercontent.com/PokeAPI/sprites/master/sprites/pokemon/other/official-artwork/333.png
334,altaria,"dragon, flying",https://raw.githubusercontent.com/PokeAPI/sprites/master/sprites/pokemon/334.png,https://raw.githubusercontent.com/PokeAPI/sprites/master/sprites/pokemon/shiny/334.png,https://raw.githubusercontent.com/PokeAPI/sprites/master/sprites/pokemon/back/334.png,https://raw.githubusercontent.com/PokeAPI/sprites/master/sprites/pokemon/back/shiny/334.png,https://raw.githubusercontent.com/PokeAPI/sprites/master/sprites/pokemon/other/official-artwork/334.png
335,zangoose,normal,https://raw.githubusercontent.com/PokeAPI/sprites/master/sprites/pokemon/335.png,https://raw.githubusercontent.com/PokeAPI/sprites/master/sprites/pokemon/shiny/335.png,https://raw.githubusercontent.com/PokeAPI/sprites/master/sprites/pokemon/back/335.png,https://raw.githubusercontent.com/PokeAPI/sprites/master/sprites/pokemon/back/shiny/335.png,https://raw.githubusercontent.com/PokeAPI/sprites/master/sprites/pokemon/other/official-artwork/335.png
336,seviper,poison,https://raw.githubusercontent.com/PokeAPI/sprites/master/sprites/pokemon/336.png,https://raw.githubusercontent.com/PokeAPI/sprites/master/sprites/pokemon/shiny/336.png,https://raw.githubusercontent.com/PokeAPI/sprites/master/sprites/pokemon/back/336.png,https://raw.githubusercontent.com/PokeAPI/sprites/master/sprites/pokemon/back/shiny/336.png,https://raw.githubusercontent.com/PokeAPI/sprites/master/sprites/pokemon/other/official-artwork/336.png
337,lunatone,"rock, psychic",https://raw.githubusercontent.com/PokeAPI/sprites/master/sprites/pokemon/337.png,https://raw.githubusercontent.com/PokeAPI/sprites/master/sprites/pokemon/shiny/337.png,https://raw.githubusercontent.com/PokeAPI/sprites/master/sprites/pokemon/back/337.png,https://raw.githubusercontent.com/PokeAPI/sprites/master/sprites/pokemon/back/shiny/337.png,https://raw.githubusercontent.com/PokeAPI/sprites/master/sprites/pokemon/other/official-artwork/337.png
338,solrock,"rock, psychic",https://raw.githubusercontent.com/PokeAPI/sprites/master/sprites/pokemon/338.png,https://raw.githubusercontent.com/PokeAPI/sprites/master/sprites/pokemon/shiny/338.png,https://raw.githubusercontent.com/PokeAPI/sprites/master/sprites/pokemon/back/338.png,https://raw.githubusercontent.com/PokeAPI/sprites/master/sprites/pokemon/back/shiny/338.png,https://raw.githubusercontent.com/PokeAPI/sprites/master/sprites/pokemon/other/official-artwork/338.png
339,barboach,"water, ground",https://raw.githubusercontent.com/PokeAPI/sprites/master/sprites/pokemon/339.png,https://raw.githubusercontent.com/PokeAPI/sprites/master/sprites/pokemon/shiny/339.png,https://raw.githubusercontent.com/PokeAPI/sprites/master/sprites/pokemon/back/339.png,https://raw.githubusercontent.com/PokeAPI/sprites/master/sprites/pokemon/back/shiny/339.png,https://raw.githubusercontent.com/PokeAPI/sprites/master/sprites/pokemon/other/official-artwork/339.png
340,whiscash,"water, ground",https://raw.githubusercontent.com/PokeAPI/sprites/master/sprites/pokemon/340.png,https://raw.githubusercontent.com/PokeAPI/sprites/master/sprites/pokemon/shiny/340.png,https://raw.githubusercontent.com/PokeAPI/sprites/master/sprites/pokemon/back/340.png,https://raw.githubusercontent.com/PokeAPI/sprites/master/sprites/pokemon/back/shiny/340.png,https://raw.githubusercontent.com/PokeAPI/sprites/master/sprites/pokemon/other/official-artwork/340.png
341,corphish,water,https://raw.githubusercontent.com/PokeAPI/sprites/master/sprites/pokemon/341.png,https://raw.githubusercontent.com/PokeAPI/sprites/master/sprites/pokemon/shiny/341.png,https://raw.githubusercontent.com/PokeAPI/sprites/master/sprites/pokemon/back/341.png,https://raw.githubusercontent.com/PokeAPI/sprites/master/sprites/pokemon/back/shiny/341.png,https://raw.githubusercontent.com/PokeAPI/sprites/master/sprites/pokemon/other/official-artwork/341.png
342,crawdaunt,"water, dark",https://raw.githubusercontent.com/PokeAPI/sprites/master/sprites/pokemon/342.png,https://raw.githubusercontent.com/PokeAPI/sprites/master/sprites/pokemon/shiny/342.png,https://raw.githubusercontent.com/PokeAPI/sprites/master/sprites/pokemon/back/342.png,https://raw.githubusercontent.com/PokeAPI/sprites/master/sprites/pokemon/back/shiny/342.png,https://raw.githubusercontent.com/PokeAPI/sprites/master/sprites/pokemon/other/official-artwork/342.png
343,baltoy,"ground, psychic",https://raw.githubusercontent.com/PokeAPI/sprites/master/sprites/pokemon/343.png,https://raw.githubusercontent.com/PokeAPI/sprites/master/sprites/pokemon/shiny/343.png,https://raw.githubusercontent.com/PokeAPI/sprites/master/sprites/pokemon/back/343.png,https://raw.githubusercontent.com/PokeAPI/sprites/master/sprites/pokemon/back/shiny/343.png,https://raw.githubusercontent.com/PokeAPI/sprites/master/sprites/pokemon/other/official-artwork/343.png
344,claydol,"ground, psychic",https://raw.githubusercontent.com/PokeAPI/sprites/master/sprites/pokemon/344.png,https://raw.githubusercontent.com/PokeAPI/sprites/master/sprites/pokemon/shiny/344.png,https://raw.githubusercontent.com/PokeAPI/sprites/master/sprites/pokemon/back/344.png,https://raw.githubusercontent.com/PokeAPI/sprites/master/sprites/pokemon/back/shiny/344.png,https://raw.githubusercontent.com/PokeAPI/sprites/master/sprites/pokemon/other/official-artwork/344.png
345,lileep,"rock, grass",https://raw.githubusercontent.com/PokeAPI/sprites/master/sprites/pokemon/345.png,https://raw.githubusercontent.com/PokeAPI/sprites/master/sprites/pokemon/shiny/345.png,https://raw.githubusercontent.com/PokeAPI/sprites/master/sprites/pokemon/back/345.png,https://raw.githubusercontent.com/PokeAPI/sprites/master/sprites/pokemon/back/shiny/345.png,https://raw.githubusercontent.com/PokeAPI/sprites/master/sprites/pokemon/other/official-artwork/345.png
346,cradily,"rock, grass",https://raw.githubusercontent.com/PokeAPI/sprites/master/sprites/pokemon/346.png,https://raw.githubusercontent.com/PokeAPI/sprites/master/sprites/pokemon/shiny/346.png,https://raw.githubusercontent.com/PokeAPI/sprites/master/sprites/pokemon/back/346.png,https://raw.githubusercontent.com/PokeAPI/sprites/master/sprites/pokemon/back/shiny/346.png,https://raw.githubusercontent.com/PokeAPI/sprites/master/sprites/pokemon/other/official-artwork/346.png
347,anorith,"rock, bug",https://raw.githubusercontent.com/PokeAPI/sprites/master/sprites/pokemon/347.png,https://raw.githubusercontent.com/PokeAPI/sprites/master/sprites/pokemon/shiny/347.png,https://raw.githubusercontent.com/PokeAPI/sprites/master/sprites/pokemon/back/347.png,https://raw.githubusercontent.com/PokeAPI/sprites/master/sprites/pokemon/back/shiny/347.png,https://raw.githubusercontent.com/PokeAPI/sprites/master/sprites/pokemon/other/official-artwork/347.png
348,armaldo,"rock, bug",https://raw.githubusercontent.com/PokeAPI/sprites/master/sprites/pokemon/348.png,https://raw.githubusercontent.com/PokeAPI/sprites/master/sprites/pokemon/shiny/348.png,https://raw.githubusercontent.com/PokeAPI/sprites/master/sprites/pokemon/back/348.png,https://raw.githubusercontent.com/PokeAPI/sprites/master/sprites/pokemon/back/shiny/348.png,https://raw.githubusercontent.com/PokeAPI/sprites/master/sprites/pokemon/other/official-artwork/348.png
349,feebas,water,https://raw.githubusercontent.com/PokeAPI/sprites/master/sprites/pokemon/349.png,https://raw.githubusercontent.com/PokeAPI/sprites/master/sprites/pokemon/shiny/349.png,https://raw.githubusercontent.com/PokeAPI/sprites/master/sprites/pokemon/back/349.png,https://raw.githubusercontent.com/PokeAPI/sprites/master/sprites/pokemon/back/shiny/349.png,https://raw.githubusercontent.com/PokeAPI/sprites/master/sprites/pokemon/other/official-artwork/349.png
350,milotic,water,https://raw.githubusercontent.com/PokeAPI/sprites/master/sprites/pokemon/350.png,https://raw.githubusercontent.com/PokeAPI/sprites/master/sprites/pokemon/shiny/350.png,https://raw.githubusercontent.com/PokeAPI/sprites/master/sprites/pokemon/back/350.png,https://raw.githubusercontent.com/PokeAPI/sprites/master/sprites/pokemon/back/shiny/350.png,https://raw.githubusercontent.com/PokeAPI/sprites/master/sprites/pokemon/other/official-artwork/350.png
351,castform,normal,https://raw.githubusercontent.com/PokeAPI/sprites/master/sprites/pokemon/351.png,https://raw.githubusercontent.com/PokeAPI/sprites/master/sprites/pokemon/shiny/351.png,https://raw.githubusercontent.com/PokeAPI/sprites/master/sprites/pokemon/back/351.png,https://raw.githubusercontent.com/PokeAPI/sprites/master/sprites/pokemon/back/shiny/351.png,https://raw.githubusercontent.com/PokeAPI/sprites/master/sprites/pokemon/other/official-artwork/351.png
352,kecleon,normal,https://raw.githubusercontent.com/PokeAPI/sprites/master/sprites/pokemon/352.png,https://raw.githubusercontent.com/PokeAPI/sprites/master/sprites/pokemon/shiny/352.png,https://raw.githubusercontent.com/PokeAPI/sprites/master/sprites/pokemon/back/352.png,https://raw.githubusercontent.com/PokeAPI/sprites/master/sprites/pokemon/back/shiny/352.png,https://raw.githubusercontent.com/PokeAPI/sprites/master/sprites/pokemon/other/official-artwork/352.png
353,shuppet,ghost,https://raw.githubusercontent.com/PokeAPI/sprites/master/sprites/pokemon/353.png,https://raw.githubusercontent.com/PokeAPI/sprites/master/sprites/pokemon/shiny/353.png,https://raw.githubusercontent.com/PokeAPI/sprites/master/sprites/pokemon/back/353.png,https://raw.githubusercontent.com/PokeAPI/sprites/master/sprites/pokemon/back/shiny/353.png,https://raw.githubusercontent.com/PokeAPI/sprites/master/sprites/pokemon/other/official-artwork/353.png
354,banette,ghost,https://raw.githubusercontent.com/PokeAPI/sprites/master/sprites/pokemon/354.png,https://raw.githubusercontent.com/PokeAPI/sprites/master/sprites/pokemon/shiny/354.png,https://raw.githubusercontent.com/PokeAPI/sprites/master/sprites/pokemon/back/354.png,https://raw.githubusercontent.com/PokeAPI/sprites/master/sprites/pokemon/back/shiny/354.png,https://raw.githubusercontent.com/PokeAPI/sprites/master/sprites/pokemon/other/official-artwork/354.png
355,duskull,ghost,https://raw.githubusercontent.com/PokeAPI/sprites/master/sprites/pokemon/355.png,https://raw.githubusercontent.com/PokeAPI/sprites/master/sprites/pokemon/shiny/355.png,https://raw.githubusercontent.com/PokeAPI/sprites/master/sprites/pokemon/back/355.png,https://raw.githubusercontent.com/PokeAPI/sprites/master/sprites/pokemon/back/shiny/355.png,https://raw.githubusercontent.com/PokeAPI/sprites/master/sprites/pokemon/other/official-artwork/355.png
356,dusclops,ghost,https://raw.githubusercontent.com/PokeAPI/sprites/master/sprites/pokemon/356.png,https://raw.githubusercontent.com/PokeAPI/sprites/master/sprites/pokemon/shiny/356.png,https://raw.githubusercontent.com/PokeAPI/sprites/master/sprites/pokemon/back/356.png,https://raw.githubusercontent.com/PokeAPI/sprites/master/sprites/pokemon/back/shiny/356.png,https://raw.githubusercontent.com/PokeAPI/sprites/master/sprites/pokemon/other/official-artwork/356.png
357,tropius,"grass, flying",https://raw.githubusercontent.com/PokeAPI/sprites/master/sprites/pokemon/357.png,https://raw.githubusercontent.com/PokeAPI/sprites/master/sprites/pokemon/shiny/357.png,https://raw.githubusercontent.com/PokeAPI/sprites/master/sprites/pokemon/back/357.png,https://raw.githubusercontent.com/PokeAPI/sprites/master/sprites/pokemon/back/shiny/357.png,https://raw.githubusercontent.com/PokeAPI/sprites/master/sprites/pokemon/other/official-artwork/357.png
358,chimecho,psychic,https://raw.githubusercontent.com/PokeAPI/sprites/master/sprites/pokemon/358.png,https://raw.githubusercontent.com/PokeAPI/sprites/master/sprites/pokemon/shiny/358.png,https://raw.githubusercontent.com/PokeAPI/sprites/master/sprites/pokemon/back/358.png,https://raw.githubusercontent.com/PokeAPI/sprites/master/sprites/pokemon/back/shiny/358.png,https://raw.githubusercontent.com/PokeAPI/sprites/master/sprites/pokemon/other/official-artwork/358.png
359,absol,dark,https://raw.githubusercontent.com/PokeAPI/sprites/master/sprites/pokemon/359.png,https://raw.githubusercontent.com/PokeAPI/sprites/master/sprites/pokemon/shiny/359.png,https://raw.githubusercontent.com/PokeAPI/sprites/master/sprites/pokemon/back/359.png,https://raw.githubusercontent.com/PokeAPI/sprites/master/sprites/pokemon/back/shiny/359.png,https://raw.githubusercontent.com/PokeAPI/sprites/master/sprites/pokemon/other/official-artwork/359.png
360,wynaut,psychic,https://raw.githubusercontent.com/PokeAPI/sprites/master/sprites/pokemon/360.png,https://raw.githubusercontent.com/PokeAPI/sprites/master/sprites/pokemon/shiny/360.png,https://raw.githubusercontent.com/PokeAPI/sprites/master/sprites/pokemon/back/360.png,https://raw.githubusercontent.com/PokeAPI/sprites/master/sprites/pokemon/back/shiny/360.png,https://raw.githubusercontent.com/PokeAPI/sprites/master/sprites/pokemon/other/official-artwork/360.png
361,snorunt,ice,https://raw.githubusercontent.com/PokeAPI/sprites/master/sprites/pokemon/361.png,https://raw.githubusercontent.com/PokeAPI/sprites/master/sprites/pokemon/shiny/361.png,https://raw.githubusercontent.com/PokeAPI/sprites/master/sprites/pokemon/back/361.png,https://raw.githubusercontent.com/PokeAPI/sprites/master/sprites/pokemon/back/shiny/361.png,https://raw.githubusercontent.com/PokeAPI/sprites/master/sprites/pokemon/other/official-artwork/361.png
362,glalie,ice,https://raw.githubusercontent.com/PokeAPI/sprites/master/sprites/pokemon/362.png,https://raw.githubusercontent.com/PokeAPI/sprites/master/sprites/pokemon/shiny/362.png,https://raw.githubusercontent.com/PokeAPI/sprites/master/sprites/pokemon/back/362.png,https://raw.githubusercontent.com/PokeAPI/sprites/master/sprites/pokemon/back/shiny/362.png,https://raw.githubusercontent.com/PokeAPI/sprites/master/sprites/pokemon/other/official-artwork/362.png
363,spheal,"ice, water",https://raw.githubusercontent.com/PokeAPI/sprites/master/sprites/pokemon/363.png,https://raw.githubusercontent.com/PokeAPI/sprites/master/sprites/pokemon/shiny/363.png,https://raw.githubusercontent.com/PokeAPI/sprites/master/sprites/pokemon/back/363.png,https://raw.githubusercontent.com/PokeAPI/sprites/master/sprites/pokemon/back/shiny/363.png,https://raw.githubusercontent.com/PokeAPI/sprites/master/sprites/pokemon/other/official-artwork/363.png
364,sealeo,"ice, water",https://raw.githubusercontent.com/PokeAPI/sprites/master/sprites/pokemon/364.png,https://raw.githubusercontent.com/PokeAPI/sprites/master/sprites/pokemon/shiny/364.png,https://raw.githubusercontent.com/PokeAPI/sprites/master/sprites/pokemon/back/364.png,https://raw.githubusercontent.com/PokeAPI/sprites/master/sprites/pokemon/back/shiny/364.png,https://raw.githubusercontent.com/PokeAPI/sprites/master/sprites/pokemon/other/official-artwork/364.png
365,walrein,"ice, water",https://raw.githubusercontent.com/PokeAPI/sprites/master/sprites/pokemon/365.png,https://raw.githubusercontent.com/PokeAPI/sprites/master/sprites/pokemon/shiny/365.png,https://raw.githubusercontent.com/PokeAPI/sprites/master/sprites/pokemon/back/365.png,https://raw.githubusercontent.com/PokeAPI/sprites/master/sprites/pokemon/back/shiny/365.png,https://raw.githubusercontent.com/PokeAPI/sprites/master/sprites/pokemon/other/official-artwork/365.png
366,clamperl,water,https://raw.githubusercontent.com/PokeAPI/sprites/master/sprites/pokemon/366.png,https://raw.githubusercontent.com/PokeAPI/sprites/master/sprites/pokemon/shiny/366.png,https://raw.githubusercontent.com/PokeAPI/sprites/master/sprites/pokemon/back/366.png,https://raw.githubusercontent.com/PokeAPI/sprites/master/sprites/pokemon/back/shiny/366.png,https://raw.githubusercontent.com/PokeAPI/sprites/master/sprites/pokemon/other/official-artwork/366.png
367,huntail,water,https://raw.githubusercontent.com/PokeAPI/sprites/master/sprites/pokemon/367.png,https://raw.githubusercontent.com/PokeAPI/sprites/master/sprites/pokemon/shiny/367.png,https://raw.githubusercontent.com/PokeAPI/sprites/master/sprites/pokemon/back/367.png,https://raw.githubusercontent.com/PokeAPI/sprites/master/sprites/pokemon/back/shiny/367.png,https://raw.githubusercontent.com/PokeAPI/sprites/master/sprites/pokemon/other/official-artwork/367.png
368,gorebyss,water,https://raw.githubusercontent.com/PokeAPI/sprites/master/sprites/pokemon/368.png,https://raw.githubusercontent.com/PokeAPI/sprites/master/sprites/pokemon/shiny/368.png,https://raw.githubusercontent.com/PokeAPI/sprites/master/sprites/pokemon/back/368.png,https://raw.githubusercontent.com/PokeAPI/sprites/master/sprites/pokemon/back/shiny/368.png,https://raw.githubusercontent.com/PokeAPI/sprites/master/sprites/pokemon/other/official-artwork/368.png
369,relicanth,"water, rock",https://raw.githubusercontent.com/PokeAPI/sprites/master/sprites/pokemon/369.png,https://raw.githubusercontent.com/PokeAPI/sprites/master/sprites/pokemon/shiny/369.png,https://raw.githubusercontent.com/PokeAPI/sprites/master/sprites/pokemon/back/369.png,https://raw.githubusercontent.com/PokeAPI/sprites/master/sprites/pokemon/back/shiny/369.png,https://raw.githubusercontent.com/PokeAPI/sprites/master/sprites/pokemon/other/official-artwork/369.png
370,luvdisc,water,https://raw.githubusercontent.com/PokeAPI/sprites/master/sprites/pokemon/370.png,https://raw.githubusercontent.com/PokeAPI/sprites/master/sprites/pokemon/shiny/370.png,https://raw.githubusercontent.com/PokeAPI/sprites/master/sprites/pokemon/back/370.png,https://raw.githubusercontent.com/PokeAPI/sprites/master/sprites/pokemon/back/shiny/370.png,https://raw.githubusercontent.com/PokeAPI/sprites/master/sprites/pokemon/other/official-artwork/370.png
371,bagon,dragon,https://raw.githubusercontent.com/PokeAPI/sprites/master/sprites/pokemon/371.png,https://raw.githubusercontent.com/PokeAPI/sprites/master/sprites/pokemon/shiny/371.png,https://raw.githubusercontent.com/PokeAPI/sprites/master/sprites/pokemon/back/371.png,https://raw.githubusercontent.com/PokeAPI/sprites/master/sprites/pokemon/back/shiny/371.png,https://raw.githubusercontent.com/PokeAPI/sprites/master/sprites/pokemon/other/official-artwork/371.png
372,shelgon,dragon,https://raw.githubusercontent.com/PokeAPI/sprites/master/sprites/pokemon/372.png,https://raw.githubusercontent.com/PokeAPI/sprites/master/sprites/pokemon/shiny/372.png,https://raw.githubusercontent.com/PokeAPI/sprites/master/sprites/pokemon/back/372.png,https://raw.githubusercontent.com/PokeAPI/sprites/master/sprites/pokemon/back/shiny/372.png,https://raw.githubusercontent.com/PokeAPI/sprites/master/sprites/pokemon/other/official-artwork/372.png
373,salamence,"dragon, flying",https://raw.githubusercontent.com/PokeAPI/sprites/master/sprites/pokemon/373.png,https://raw.githubusercontent.com/PokeAPI/sprites/master/sprites/pokemon/shiny/373.png,https://raw.githubusercontent.com/PokeAPI/sprites/master/sprites/pokemon/back/373.png,https://raw.githubusercontent.com/PokeAPI/sprites/master/sprites/pokemon/back/shiny/373.png,https://raw.githubusercontent.com/PokeAPI/sprites/master/sprites/pokemon/other/official-artwork/373.png
374,beldum,"steel, psychic",https://raw.githubusercontent.com/PokeAPI/sprites/master/sprites/pokemon/374.png,https://raw.githubusercontent.com/PokeAPI/sprites/master/sprites/pokemon/shiny/374.png,https://raw.githubusercontent.com/PokeAPI/sprites/master/sprites/pokemon/back/374.png,https://raw.githubusercontent.com/PokeAPI/sprites/master/sprites/pokemon/back/shiny/374.png,https://raw.githubusercontent.com/PokeAPI/sprites/master/sprites/pokemon/other/official-artwork/374.png
375,metang,"steel, psychic",https://raw.githubusercontent.com/PokeAPI/sprites/master/sprites/pokemon/375.png,https://raw.githubusercontent.com/PokeAPI/sprites/master/sprites/pokemon/shiny/375.png,https://raw.githubusercontent.com/PokeAPI/sprites/master/sprites/pokemon/back/375.png,https://raw.githubusercontent.com/PokeAPI/sprites/master/sprites/pokemon/back/shiny/375.png,https://raw.githubusercontent.com/PokeAPI/sprites/master/sprites/pokemon/other/official-artwork/375.png
376,metagross,"steel, psychic",https://raw.githubusercontent.com/PokeAPI/sprites/master/sprites/pokemon/376.png,https://raw.githubusercontent.com/PokeAPI/sprites/master/sprites/pokemon/shiny/376.png,https://raw.githubusercontent.com/PokeAPI/sprites/master/sprites/pokemon/back/376.png,https://raw.githubusercontent.com/PokeAPI/sprites/master/sprites/pokemon/back/shiny/376.png,https://raw.githubusercontent.com/PokeAPI/sprites/master/sprites/pokemon/other/official-artwork/376.png
377,regirock,rock,https://raw.githubusercontent.com/PokeAPI/sprites/master/sprites/pokemon/377.png,https://raw.githubusercontent.com/PokeAPI/sprites/master/sprites/pokemon/shiny/377.png,https://raw.githubusercontent.com/PokeAPI/sprites/master/sprites/pokemon/back/377.png,https://raw.githubusercontent.com/PokeAPI/sprites/master/sprites/pokemon/back/shiny/377.png,https://raw.githubusercontent.com/PokeAPI/sprites/master/sprites/pokemon/other/official-artwork/377.png
378,regice,ice,https://raw.githubusercontent.com/PokeAPI/sprites/master/sprites/pokemon/378.png,https://raw.githubusercontent.com/PokeAPI/sprites/master/sprites/pokemon/shiny/378.png,https://raw.githubusercontent.com/PokeAPI/sprites/master/sprites/pokemon/back/378.png,https://raw.githubusercontent.com/PokeAPI/sprites/master/sprites/pokemon/back/shiny/378.png,https://raw.githubusercontent.com/PokeAPI/sprites/master/sprites/pokemon/other/official-artwork/378.png
379,registeel,steel,https://raw.githubusercontent.com/PokeAPI/sprites/master/sprites/pokemon/379.png,https://raw.githubusercontent.com/PokeAPI/sprites/master/sprites/pokemon/shiny/379.png,https://raw.githubusercontent.com/PokeAPI/sprites/master/sprites/pokemon/back/379.png,https://raw.githubusercontent.com/PokeAPI/sprites/master/sprites/pokemon/back/shiny/379.png,https://raw.githubusercontent.com/PokeAPI/sprites/master/sprites/pokemon/other/official-artwork/379.png
380,latias,"dragon, psychic",https://raw.githubusercontent.com/PokeAPI/sprites/master/sprites/pokemon/380.png,https://raw.githubusercontent.com/PokeAPI/sprites/master/sprites/pokemon/shiny/380.png,https://raw.githubusercontent.com/PokeAPI/sprites/master/sprites/pokemon/back/380.png,https://raw.githubusercontent.com/PokeAPI/sprites/master/sprites/pokemon/back/shiny/380.png,https://raw.githubusercontent.com/PokeAPI/sprites/master/sprites/pokemon/other/official-artwork/380.png
381,latios,"dragon, psychic",https://raw.githubusercontent.com/PokeAPI/sprites/master/sprites/pokemon/381.png,https://raw.githubusercontent.com/PokeAPI/sprites/master/sprites/pokemon/shiny/381.png,https://raw.githubusercontent.com/PokeAPI/sprites/master/sprites/pokemon/back/381.png,https://raw.githubusercontent.com/PokeAPI/sprites/master/sprites/pokemon/back/shiny/381.png,https://raw.githubusercontent.com/PokeAPI/sprites/master/sprites/pokemon/other/official-artwork/381.png
382,kyogre,water,https://raw.githubusercontent.com/PokeAPI/sprites/master/sprites/pokemon/382.png,https://raw.githubusercontent.com/PokeAPI/sprites/master/sprites/pokemon/shiny/382.png,https://raw.githubusercontent.com/PokeAPI/sprites/master/sprites/pokemon/back/382.png,https://raw.githubusercontent.com/PokeAPI/sprites/master/sprites/pokemon/back/shiny/382.png,https://raw.githubusercontent.com/PokeAPI/sprites/master/sprites/pokemon/other/official-artwork/382.png
383,groudon,ground,https://raw.githubusercontent.com/PokeAPI/sprites/master/sprites/pokemon/383.png,https://raw.githubusercontent.com/PokeAPI/sprites/master/sprites/pokemon/shiny/383.png,https://raw.githubusercontent.com/PokeAPI/sprites/master/sprites/pokemon/back/383.png,https://raw.githubusercontent.com/PokeAPI/sprites/master/sprites/pokemon/back/shiny/383.png,https://raw.githubusercontent.com/PokeAPI/sprites/master/sprites/pokemon/other/official-artwork/383.png
384,rayquaza,"dragon, flying",https://raw.githubusercontent.com/PokeAPI/sprites/master/sprites/pokemon/384.png,https://raw.githubusercontent.com/PokeAPI/sprites/master/sprites/pokemon/shiny/384.png,https://raw.githubusercontent.com/PokeAPI/sprites/master/sprites/pokemon/back/384.png,https://raw.githubusercontent.com/PokeAPI/sprites/master/sprites/pokemon/back/shiny/384.png,https://raw.githubusercontent.com/PokeAPI/sprites/master/sprites/pokemon/other/official-artwork/384.png
385,jirachi,"steel, psychic",https://raw.githubusercontent.com/PokeAPI/sprites/master/sprites/pokemon/385.png,https://raw.githubusercontent.com/PokeAPI/sprites/master/sprites/pokemon/shiny/385.png,https://raw.githubusercontent.com/PokeAPI/sprites/master/sprites/pokemon/back/385.png,https://raw.githubusercontent.com/PokeAPI/sprites/master/sprites/pokemon/back/shiny/385.png,https://raw.githubusercontent.com/PokeAPI/sprites/master/sprites/pokemon/other/official-artwork/385.png
386,deoxys-normal,psychic,https://raw.githubusercontent.com/PokeAPI/sprites/master/sprites/pokemon/386.png,https://raw.githubusercontent.com/PokeAPI/sprites/master/sprites/pokemon/shiny/386.png,https://raw.githubusercontent.com/PokeAPI/sprites/master/sprites/pokemon/back/386.png,https://raw.githubusercontent.com/PokeAPI/sprites/master/sprites/pokemon/back/shiny/386.png,https://raw.githubusercontent.com/PokeAPI/sprites/master/sprites/pokemon/other/official-artwork/386.png
387,turtwig,grass,https://raw.githubusercontent.com/PokeAPI/sprites/master/sprites/pokemon/387.png,https://raw.githubusercontent.com/PokeAPI/sprites/master/sprites/pokemon/shiny/387.png,https://raw.githubusercontent.com/PokeAPI/sprites/master/sprites/pokemon/back/387.png,https://raw.githubusercontent.com/PokeAPI/sprites/master/sprites/pokemon/back/shiny/387.png,https://raw.githubusercontent.com/PokeAPI/sprites/master/sprites/pokemon/other/official-artwork/387.png
388,grotle,grass,https://raw.githubusercontent.com/PokeAPI/sprites/master/sprites/pokemon/388.png,https://raw.githubusercontent.com/PokeAPI/sprites/master/sprites/pokemon/shiny/388.png,https://raw.githubusercontent.com/PokeAPI/sprites/master/sprites/pokemon/back/388.png,https://raw.githubusercontent.com/PokeAPI/sprites/master/sprites/pokemon/back/shiny/388.png,https://raw.githubusercontent.com/PokeAPI/sprites/master/sprites/pokemon/other/official-artwork/388.png
389,torterra,"grass, ground",https://raw.githubusercontent.com/PokeAPI/sprites/master/sprites/pokemon/389.png,https://raw.githubusercontent.com/PokeAPI/sprites/master/sprites/pokemon/shiny/389.png,https://raw.githubusercontent.com/PokeAPI/sprites/master/sprites/pokemon/back/389.png,https://raw.githubusercontent.com/PokeAPI/sprites/master/sprites/pokemon/back/shiny/389.png,https://raw.githubusercontent.com/PokeAPI/sprites/master/sprites/pokemon/other/official-artwork/389.png
390,chimchar,fire,https://raw.githubusercontent.com/PokeAPI/sprites/master/sprites/pokemon/390.png,https://raw.githubusercontent.com/PokeAPI/sprites/master/sprites/pokemon/shiny/390.png,https://raw.githubusercontent.com/PokeAPI/sprites/master/sprites/pokemon/back/390.png,https://raw.githubusercontent.com/PokeAPI/sprites/master/sprites/pokemon/back/shiny/390.png,https://raw.githubusercontent.com/PokeAPI/sprites/master/sprites/pokemon/other/official-artwork/390.png
391,monferno,"fire, fighting",https://raw.githubusercontent.com/PokeAPI/sprites/master/sprites/pokemon/391.png,https://raw.githubusercontent.com/PokeAPI/sprites/master/sprites/pokemon/shiny/391.png,https://raw.githubusercontent.com/PokeAPI/sprites/master/sprites/pokemon/back/391.png,https://raw.githubusercontent.com/PokeAPI/sprites/master/sprites/pokemon/back/shiny/391.png,https://raw.githubusercontent.com/PokeAPI/sprites/master/sprites/pokemon/other/official-artwork/391.png
392,infernape,"fire, fighting",https://raw.githubusercontent.com/PokeAPI/sprites/master/sprites/pokemon/392.png,https://raw.githubusercontent.com/PokeAPI/sprites/master/sprites/pokemon/shiny/392.png,https://raw.githubusercontent.com/PokeAPI/sprites/master/sprites/pokemon/back/392.png,https://raw.githubusercontent.com/PokeAPI/sprites/master/sprites/pokemon/back/shiny/392.png,https://raw.githubusercontent.com/PokeAPI/sprites/master/sprites/pokemon/other/official-artwork/392.png
393,piplup,water,https://raw.githubusercontent.com/PokeAPI/sprites/master/sprites/pokemon/393.png,https://raw.githubusercontent.com/PokeAPI/sprites/master/sprites/pokemon/shiny/393.png,https://raw.githubusercontent.com/PokeAPI/sprites/master/sprites/pokemon/back/393.png,https://raw.githubusercontent.com/PokeAPI/sprites/master/sprites/pokemon/back/shiny/393.png,https://raw.githubusercontent.com/PokeAPI/sprites/master/sprites/pokemon/other/official-artwork/393.png
394,prinplup,water,https://raw.githubusercontent.com/PokeAPI/sprites/master/sprites/pokemon/394.png,https://raw.githubusercontent.com/PokeAPI/sprites/master/sprites/pokemon/shiny/394.png,https://raw.githubusercontent.com/PokeAPI/sprites/master/sprites/pokemon/back/394.png,https://raw.githubusercontent.com/PokeAPI/sprites/master/sprites/pokemon/back/shiny/394.png,https://raw.githubusercontent.com/PokeAPI/sprites/master/sprites/pokemon/other/official-artwork/394.png
395,empoleon,"water, steel",https://raw.githubusercontent.com/PokeAPI/sprites/master/sprites/pokemon/395.png,https://raw.githubusercontent.com/PokeAPI/sprites/master/sprites/pokemon/shiny/395.png,https://raw.githubusercontent.com/PokeAPI/sprites/master/sprites/pokemon/back/395.png,https://raw.githubusercontent.com/PokeAPI/sprites/master/sprites/pokemon/back/shiny/395.png,https://raw.githubusercontent.com/PokeAPI/sprites/master/sprites/pokemon/other/official-artwork/395.png
396,starly,"normal, flying",https://raw.githubusercontent.com/PokeAPI/sprites/master/sprites/pokemon/396.png,https://raw.githubusercontent.com/PokeAPI/sprites/master/sprites/pokemon/shiny/396.png,https://raw.githubusercontent.com/PokeAPI/sprites/master/sprites/pokemon/back/396.png,https://raw.githubusercontent.com/PokeAPI/sprites/master/sprites/pokemon/back/shiny/396.png,https://raw.githubusercontent.com/PokeAPI/sprites/master/sprites/pokemon/other/official-artwork/396.png
397,staravia,"normal, flying",https://raw.githubusercontent.com/PokeAPI/sprites/master/sprites/pokemon/397.png,https://raw.githubusercontent.com/PokeAPI/sprites/master/sprites/pokemon/shiny/397.png,https://raw.githubusercontent.com/PokeAPI/sprites/master/sprites/pokemon/back/397.png,https://raw.githubusercontent.com/PokeAPI/sprites/master/sprites/pokemon/back/shiny/397.png,https://raw.githubusercontent.com/PokeAPI/sprites/master/sprites/pokemon/other/official-artwork/397.png
398,staraptor,"normal, flying",https://raw.githubusercontent.com/PokeAPI/sprites/master/sprites/pokemon/398.png,https://raw.githubusercontent.com/PokeAPI/sprites/master/sprites/pokemon/shiny/398.png,https://raw.githubusercontent.com/PokeAPI/sprites/master/sprites/pokemon/back/398.png,https://raw.githubusercontent.com/PokeAPI/sprites/master/sprites/pokemon/back/shiny/398.png,https://raw.githubusercontent.com/PokeAPI/sprites/master/sprites/pokemon/other/official-artwork/398.png
399,bidoof,normal,https://raw.githubusercontent.com/PokeAPI/sprites/master/sprites/pokemon/399.png,https://raw.githubusercontent.com/PokeAPI/sprites/master/sprites/pokemon/shiny/399.png,https://raw.githubusercontent.com/PokeAPI/sprites/master/sprites/pokemon/back/399.png,https://raw.githubusercontent.com/PokeAPI/sprites/master/sprites/pokemon/back/shiny/399.png,https://raw.githubusercontent.com/PokeAPI/sprites/master/sprites/pokemon/other/official-artwork/399.png
400,bibarel,"normal, water",https://raw.githubusercontent.com/PokeAPI/sprites/master/sprites/pokemon/400.png,https://raw.githubusercontent.com/PokeAPI/sprites/master/sprites/pokemon/shiny/400.png,https://raw.githubusercontent.com/PokeAPI/sprites/master/sprites/pokemon/back/400.png,https://raw.githubusercontent.com/PokeAPI/sprites/master/sprites/pokemon/back/shiny/400.png,https://raw.githubusercontent.com/PokeAPI/sprites/master/sprites/pokemon/other/official-artwork/400.png
401,kricketot,bug,https://raw.githubusercontent.com/PokeAPI/sprites/master/sprites/pokemon/401.png,https://raw.githubusercontent.com/PokeAPI/sprites/master/sprites/pokemon/shiny/401.png,https://raw.githubusercontent.com/PokeAPI/sprites/master/sprites/pokemon/back/401.png,https://raw.githubusercontent.com/PokeAPI/sprites/master/sprites/pokemon/back/shiny/401.png,https://raw.githubusercontent.com/PokeAPI/sprites/master/sprites/pokemon/other/official-artwork/401.png
402,kricketune,bug,https://raw.githubusercontent.com/PokeAPI/sprites/master/sprites/pokemon/402.png,https://raw.githubusercontent.com/PokeAPI/sprites/master/sprites/pokemon/shiny/402.png,https://raw.githubusercontent.com/PokeAPI/sprites/master/sprites/pokemon/back/402.png,https://raw.githubusercontent.com/PokeAPI/sprites/master/sprites/pokemon/back/shiny/402.png,https://raw.githubusercontent.com/PokeAPI/sprites/master/sprites/pokemon/other/official-artwork/402.png
403,shinx,electric,https://raw.githubusercontent.com/PokeAPI/sprites/master/sprites/pokemon/403.png,https://raw.githubusercontent.com/PokeAPI/sprites/master/sprites/pokemon/shiny/403.png,https://raw.githubusercontent.com/PokeAPI/sprites/master/sprites/pokemon/back/403.png,https://raw.githubusercontent.com/PokeAPI/sprites/master/sprites/pokemon/back/shiny/403.png,https://raw.githubusercontent.com/PokeAPI/sprites/master/sprites/pokemon/other/official-artwork/403.png
404,luxio,electric,https://raw.githubusercontent.com/PokeAPI/sprites/master/sprites/pokemon/404.png,https://raw.githubusercontent.com/PokeAPI/sprites/master/sprites/pokemon/shiny/404.png,https://raw.githubusercontent.com/PokeAPI/sprites/master/sprites/pokemon/back/404.png,https://raw.githubusercontent.com/PokeAPI/sprites/master/sprites/pokemon/back/shiny/404.png,https://raw.githubusercontent.com/PokeAPI/sprites/master/sprites/pokemon/other/official-artwork/404.png
405,luxray,electric,https://raw.githubusercontent.com/PokeAPI/sprites/master/sprites/pokemon/405.png,https://raw.githubusercontent.com/PokeAPI/sprites/master/sprites/pokemon/shiny/405.png,https://raw.githubusercontent.com/PokeAPI/sprites/master/sprites/pokemon/back/405.png,https://raw.githubusercontent.com/PokeAPI/sprites/master/sprites/pokemon/back/shiny/405.png,https://raw.githubusercontent.com/PokeAPI/sprites/master/sprites/pokemon/other/official-artwork/405.png
406,budew,"grass, poison",https://raw.githubusercontent.com/PokeAPI/sprites/master/sprites/pokemon/406.png,https://raw.githubusercontent.com/PokeAPI/sprites/master/sprites/pokemon/shiny/406.png,https://raw.githubusercontent.com/PokeAPI/sprites/master/sprites/pokemon/back/406.png,https://raw.githubusercontent.com/PokeAPI/sprites/master/sprites/pokemon/back/shiny/406.png,https://raw.githubusercontent.com/PokeAPI/sprites/master/sprites/pokemon/other/official-artwork/406.png
407,roserade,"grass, poison",https://raw.githubusercontent.com/PokeAPI/sprites/master/sprites/pokemon/407.png,https://raw.githubusercontent.com/PokeAPI/sprites/master/sprites/pokemon/shiny/407.png,https://raw.githubusercontent.com/PokeAPI/sprites/master/sprites/pokemon/back/407.png,https://raw.githubusercontent.com/PokeAPI/sprites/master/sprites/pokemon/back/shiny/407.png,https://raw.githubusercontent.com/PokeAPI/sprites/master/sprites/pokemon/other/official-artwork/407.png
408,cranidos,rock,https://raw.githubusercontent.com/PokeAPI/sprites/master/sprites/pokemon/408.png,https://raw.githubusercontent.com/PokeAPI/sprites/master/sprites/pokemon/shiny/408.png,https://raw.githubusercontent.com/PokeAPI/sprites/master/sprites/pokemon/back/408.png,https://raw.githubusercontent.com/PokeAPI/sprites/master/sprites/pokemon/back/shiny/408.png,https://raw.githubusercontent.com/PokeAPI/sprites/master/sprites/pokemon/other/official-artwork/408.png
409,rampardos,rock,https://raw.githubusercontent.com/PokeAPI/sprites/master/sprites/pokemon/409.png,https://raw.githubusercontent.com/PokeAPI/sprites/master/sprites/pokemon/shiny/409.png,https://raw.githubusercontent.com/PokeAPI/sprites/master/sprites/pokemon/back/409.png,https://raw.githubusercontent.com/PokeAPI/sprites/master/sprites/pokemon/back/shiny/409.png,https://raw.githubusercontent.com/PokeAPI/sprites/master/sprites/pokemon/other/official-artwork/409.png
410,shieldon,"rock, steel",https://raw.githubusercontent.com/PokeAPI/sprites/master/sprites/pokemon/410.png,https://raw.githubusercontent.com/PokeAPI/sprites/master/sprites/pokemon/shiny/410.png,https://raw.githubusercontent.com/PokeAPI/sprites/master/sprites/pokemon/back/410.png,https://raw.githubusercontent.com/PokeAPI/sprites/master/sprites/pokemon/back/shiny/410.png,https://raw.githubusercontent.com/PokeAPI/sprites/master/sprites/pokemon/other/official-artwork/410.png
411,bastiodon,"rock, steel",https://raw.githubusercontent.com/PokeAPI/sprites/master/sprites/pokemon/411.png,https://raw.githubusercontent.com/PokeAPI/sprites/master/sprites/pokemon/shiny/411.png,https://raw.githubusercontent.com/PokeAPI/sprites/master/sprites/pokemon/back/411.png,https://raw.githubusercontent.com/PokeAPI/sprites/master/sprites/pokemon/back/shiny/411.png,https://raw.githubusercontent.com/PokeAPI/sprites/master/sprites/pokemon/other/official-artwork/411.png
412,burmy,bug,https://raw.githubusercontent.com/PokeAPI/sprites/master/sprites/pokemon/412.png,https://raw.githubusercontent.com/PokeAPI/sprites/master/sprites/pokemon/shiny/412.png,https://raw.githubusercontent.com/PokeAPI/sprites/master/sprites/pokemon/back/412.png,https://raw.githubusercontent.com/PokeAPI/sprites/master/sprites/pokemon/back/shiny/412.png,https://raw.githubusercontent.com/PokeAPI/sprites/master/sprites/pokemon/other/official-artwork/412.png
413,wormadam-plant,"bug, grass",https://raw.githubusercontent.com/PokeAPI/sprites/master/sprites/pokemon/413.png,https://raw.githubusercontent.com/PokeAPI/sprites/master/sprites/pokemon/shiny/413.png,https://raw.githubusercontent.com/PokeAPI/sprites/master/sprites/pokemon/back/413.png,https://raw.githubusercontent.com/PokeAPI/sprites/master/sprites/pokemon/back/shiny/413.png,https://raw.githubusercontent.com/PokeAPI/sprites/master/sprites/pokemon/other/official-artwork/413.png
414,mothim,"bug, flying",https://raw.githubusercontent.com/PokeAPI/sprites/master/sprites/pokemon/414.png,https://raw.githubusercontent.com/PokeAPI/sprites/master/sprites/pokemon/shiny/414.png,https://raw.githubusercontent.com/PokeAPI/sprites/master/sprites/pokemon/back/414.png,https://raw.githubusercontent.com/PokeAPI/sprites/master/sprites/pokemon/back/shiny/414.png,https://raw.githubusercontent.com/PokeAPI/sprites/master/sprites/pokemon/other/official-artwork/414.png
415,combee,"bug, flying",https://raw.githubusercontent.com/PokeAPI/sprites/master/sprites/pokemon/415.png,https://raw.githubusercontent.com/PokeAPI/sprites/master/sprites/pokemon/shiny/415.png,https://raw.githubusercontent.com/PokeAPI/sprites/master/sprites/pokemon/back/415.png,https://raw.githubusercontent.com/PokeAPI/sprites/master/sprites/pokemon/back/shiny/415.png,https://raw.githubusercontent.com/PokeAPI/sprites/master/sprites/pokemon/other/official-artwork/415.png
416,vespiquen,"bug, flying",https://raw.githubusercontent.com/PokeAPI/sprites/master/sprites/pokemon/416.png,https://raw.githubusercontent.com/PokeAPI/sprites/master/sprites/pokemon/shiny/416.png,https://raw.githubusercontent.com/PokeAPI/sprites/master/sprites/pokemon/back/416.png,https://raw.githubusercontent.com/PokeAPI/sprites/master/sprites/pokemon/back/shiny/416.png,https://raw.githubusercontent.com/PokeAPI/sprites/master/sprites/pokemon/other/official-artwork/416.png
417,pachirisu,electric,https://raw.githubusercontent.com/PokeAPI/sprites/master/sprites/pokemon/417.png,https://raw.githubusercontent.com/PokeAPI/sprites/master/sprites/pokemon/shiny/417.png,https://raw.githubusercontent.com/PokeAPI/sprites/master/sprites/pokemon/back/417.png,https://raw.githubusercontent.com/PokeAPI/sprites/master/sprites/pokemon/back/shiny/417.png,https://raw.githubusercontent.com/PokeAPI/sprites/master/sprites/pokemon/other/official-artwork/417.png
418,buizel,water,https://raw.githubusercontent.com/PokeAPI/sprites/master/sprites/pokemon/418.png,https://raw.githubusercontent.com/PokeAPI/sprites/master/sprites/pokemon/shiny/418.png,https://raw.githubusercontent.com/PokeAPI/sprites/master/sprites/pokemon/back/418.png,https://raw.githubusercontent.com/PokeAPI/sprites/master/sprites/pokemon/back/shiny/418.png,https://raw.githubusercontent.com/PokeAPI/sprites/master/sprites/pokemon/other/official-artwork/418.png
419,floatzel,water,https://raw.githubusercontent.com/PokeAPI/sprites/master/sprites/pokemon/419.png,https://raw.githubusercontent.com/PokeAPI/sprites/master/sprites/pokemon/shiny/419.png,https://raw.githubusercontent.com/PokeAPI/sprites/master/sprites/pokemon/back/419.png,https://raw.githubusercontent.com/PokeAPI/sprites/master/sprites/pokemon/back/shiny/419.png,https://raw.githubusercontent.com/PokeAPI/sprites/master/sprites/pokemon/other/official-artwork/419.png
420,cherubi,grass,https://raw.githubusercontent.com/PokeAPI/sprites/master/sprites/pokemon/420.png,https://raw.githubusercontent.com/PokeAPI/sprites/master/sprites/pokemon/shiny/420.png,https://raw.githubusercontent.com/PokeAPI/sprites/master/sprites/pokemon/back/420.png,https://raw.githubusercontent.com/PokeAPI/sprites/master/sprites/pokemon/back/shiny/420.png,https://raw.githubusercontent.com/PokeAPI/sprites/master/sprites/pokemon/other/official-artwork/420.png
421,cherrim,grass,https://raw.githubusercontent.com/PokeAPI/sprites/master/sprites/pokemon/421.png,https://raw.githubusercontent.com/PokeAPI/sprites/master/sprites/pokemon/shiny/421.png,https://raw.githubusercontent.com/PokeAPI/sprites/master/sprites/pokemon/back/421.png,https://raw.githubusercontent.com/PokeAPI/sprites/master/sprites/pokemon/back/shiny/421.png,https://raw.githubusercontent.com/PokeAPI/sprites/master/sprites/pokemon/other/official-artwork/421.png
422,shellos,water,https://raw.githubusercontent.com/PokeAPI/sprites/master/sprites/pokemon/422.png,https://raw.githubusercontent.com/PokeAPI/sprites/master/sprites/pokemon/shiny/422.png,https://raw.githubusercontent.com/PokeAPI/sprites/master/sprites/pokemon/back/422.png,https://raw.githubusercontent.com/PokeAPI/sprites/master/sprites/pokemon/back/shiny/422.png,https://raw.githubusercontent.com/PokeAPI/sprites/master/sprites/pokemon/other/official-artwork/422.png
423,gastrodon,"water, ground",https://raw.githubusercontent.com/PokeAPI/sprites/master/sprites/pokemon/423.png,https://raw.githubusercontent.com/PokeAPI/sprites/master/sprites/pokemon/shiny/423.png,https://raw.githubusercontent.com/PokeAPI/sprites/master/sprites/pokemon/back/423.png,https://raw.githubusercontent.com/PokeAPI/sprites/master/sprites/pokemon/back/shiny/423.png,https://raw.githubusercontent.com/PokeAPI/sprites/master/sprites/pokemon/other/official-artwork/423.png
424,ambipom,normal,https://raw.githubusercontent.com/PokeAPI/sprites/master/sprites/pokemon/424.png,https://raw.githubusercontent.com/PokeAPI/sprites/master/sprites/pokemon/shiny/424.png,https://raw.githubusercontent.com/PokeAPI/sprites/master/sprites/pokemon/back/424.png,https://raw.githubusercontent.com/PokeAPI/sprites/master/sprites/pokemon/back/shiny/424.png,https://raw.githubusercontent.com/PokeAPI/sprites/master/sprites/pokemon/other/official-artwork/424.png
425,drifloon,"ghost, flying",https://raw.githubusercontent.com/PokeAPI/sprites/master/sprites/pokemon/425.png,https://raw.githubusercontent.com/PokeAPI/sprites/master/sprites/pokemon/shiny/425.png,https://raw.githubusercontent.com/PokeAPI/sprites/master/sprites/pokemon/back/425.png,https://raw.githubusercontent.com/PokeAPI/sprites/master/sprites/pokemon/back/shiny/425.png,https://raw.githubusercontent.com/PokeAPI/sprites/master/sprites/pokemon/other/official-artwork/425.png
426,drifblim,"ghost, flying",https://raw.githubusercontent.com/PokeAPI/sprites/master/sprites/pokemon/426.png,https://raw.githubusercontent.com/PokeAPI/sprites/master/sprites/pokemon/shiny/426.png,https://raw.githubusercontent.com/PokeAPI/sprites/master/sprites/pokemon/back/426.png,https://raw.githubusercontent.com/PokeAPI/sprites/master/sprites/pokemon/back/shiny/426.png,https://raw.githubusercontent.com/PokeAPI/sprites/master/sprites/pokemon/other/official-artwork/426.png
427,buneary,normal,https://raw.githubusercontent.com/PokeAPI/sprites/master/sprites/pokemon/427.png,https://raw.githubusercontent.com/PokeAPI/sprites/master/sprites/pokemon/shiny/427.png,https://raw.githubusercontent.com/PokeAPI/sprites/master/sprites/pokemon/back/427.png,https://raw.githubusercontent.com/PokeAPI/sprites/master/sprites/pokemon/back/shiny/427.png,https://raw.githubusercontent.com/PokeAPI/sprites/master/sprites/pokemon/other/official-artwork/427.png
428,lopunny,normal,https://raw.githubusercontent.com/PokeAPI/sprites/master/sprites/pokemon/428.png,https://raw.githubusercontent.com/PokeAPI/sprites/master/sprites/pokemon/shiny/428.png,https://raw.githubusercontent.com/PokeAPI/sprites/master/sprites/pokemon/back/428.png,https://raw.githubusercontent.com/PokeAPI/sprites/master/sprites/pokemon/back/shiny/428.png,https://raw.githubusercontent.com/PokeAPI/sprites/master/sprites/pokemon/other/official-artwork/428.png
429,mismagius,ghost,https://raw.githubusercontent.com/PokeAPI/sprites/master/sprites/pokemon/429.png,https://raw.githubusercontent.com/PokeAPI/sprites/master/sprites/pokemon/shiny/429.png,https://raw.githubusercontent.com/PokeAPI/sprites/master/sprites/pokemon/back/429.png,https://raw.githubusercontent.com/PokeAPI/sprites/master/sprites/pokemon/back/shiny/429.png,https://raw.githubusercontent.com/PokeAPI/sprites/master/sprites/pokemon/other/official-artwork/429.png
430,honchkrow,"dark, flying",https://raw.githubusercontent.com/PokeAPI/sprites/master/sprites/pokemon/430.png,https://raw.githubusercontent.com/PokeAPI/sprites/master/sprites/pokemon/shiny/430.png,https://raw.githubusercontent.com/PokeAPI/sprites/master/sprites/pokemon/back/430.png,https://raw.githubusercontent.com/PokeAPI/sprites/master/sprites/pokemon/back/shiny/430.png,https://raw.githubusercontent.com/PokeAPI/sprites/master/sprites/pokemon/other/official-artwork/430.png
431,glameow,normal,https://raw.githubusercontent.com/PokeAPI/sprites/master/sprites/pokemon/431.png,https://raw.githubusercontent.com/PokeAPI/sprites/master/sprites/pokemon/shiny/431.png,https://raw.githubusercontent.com/PokeAPI/sprites/master/sprites/pokemon/back/431.png,https://raw.githubusercontent.com/PokeAPI/sprites/master/sprites/pokemon/back/shiny/431.png,https://raw.githubusercontent.com/PokeAPI/sprites/master/sprites/pokemon/other/official-artwork/431.png
432,purugly,normal,https://raw.githubusercontent.com/PokeAPI/sprites/master/sprites/pokemon/432.png,https://raw.githubusercontent.com/PokeAPI/sprites/master/sprites/pokemon/shiny/432.png,https://raw.githubusercontent.com/PokeAPI/sprites/master/sprites/pokemon/back/432.png,https://raw.githubusercontent.com/PokeAPI/sprites/master/sprites/pokemon/back/shiny/432.png,https://raw.githubusercontent.com/PokeAPI/sprites/master/sprites/pokemon/other/official-artwork/432.png
433,chingling,psychic,https://raw.githubusercontent.com/PokeAPI/sprites/master/sprites/pokemon/433.png,https://raw.githubusercontent.com/PokeAPI/sprites/master/sprites/pokemon/shiny/433.png,https://raw.githubusercontent.com/PokeAPI/sprites/master/sprites/pokemon/back/433.png,https://raw.githubusercontent.com/PokeAPI/sprites/master/sprites/pokemon/back/shiny/433.png,https://raw.githubusercontent.com/PokeAPI/sprites/master/sprites/pokemon/other/official-artwork/433.png
434,stunky,"poison, dark",https://raw.githubusercontent.com/PokeAPI/sprites/master/sprites/pokemon/434.png,https://raw.githubusercontent.com/PokeAPI/sprites/master/sprites/pokemon/shiny/434.png,https://raw.githubusercontent.com/PokeAPI/sprites/master/sprites/pokemon/back/434.png,https://raw.githubusercontent.com/PokeAPI/sprites/master/sprites/pokemon/back/shiny/434.png,https://raw.githubusercontent.com/PokeAPI/sprites/master/sprites/pokemon/other/official-artwork/434.png
435,skuntank,"poison, dark",https://raw.githubusercontent.com/PokeAPI/sprites/master/sprites/pokemon/435.png,https://raw.githubusercontent.com/PokeAPI/sprites/master/sprites/pokemon/shiny/435.png,https://raw.githubusercontent.com/PokeAPI/sprites/master/sprites/pokemon/back/435.png,https://raw.githubusercontent.com/PokeAPI/sprites/master/sprites/pokemon/back/shiny/435.png,https://raw.githubusercontent.com/PokeAPI/sprites/master/sprites/pokemon/other/official-artwork/435.png
436,bronzor,"steel, psychic",https://raw.githubusercontent.com/PokeAPI/sprites/master/sprites/pokemon/436.png,https://raw.githubusercontent.com/PokeAPI/sprites/master/sprites/pokemon/shiny/436.png,https://raw.githubusercontent.com/PokeAPI/sprites/master/sprites/pokemon/back/436.png,https://raw.githubusercontent.com/PokeAPI/sprites/master/sprites/pokemon/back/shiny/436.png,https://raw.githubusercontent.com/PokeAPI/sprites/master/sprites/pokemon/other/official-artwork/436.png
437,bronzong,"steel, psychic",https://raw.githubusercontent.com/PokeAPI/sprites/master/sprites/pokemon/437.png,https://raw.githubusercontent.com/PokeAPI/sprites/master/sprites/pokemon/shiny/437.png,https://raw.githubusercontent.com/PokeAPI/sprites/master/sprites/pokemon/back/437.png,https://raw.githubusercontent.com/PokeAPI/sprites/master/sprites/pokemon/back/shiny/437.png,https://raw.githubusercontent.com/PokeAPI/sprites/master/sprites/pokemon/other/official-artwork/437.png
438,bonsly,rock,https://raw.githubusercontent.com/PokeAPI/sprites/master/sprites/pokemon/438.png,https://raw.githubusercontent.com/PokeAPI/sprites/master/sprites/pokemon/shiny/438.png,https://raw.githubusercontent.com/PokeAPI/sprites/master/sprites/pokemon/back/438.png,https://raw.githubusercontent.com/PokeAPI/sprites/master/sprites/pokemon/back/shiny/438.png,https://raw.githubusercontent.com/PokeAPI/sprites/master/sprites/pokemon/other/official-artwork/438.png
439,mime-jr,"psychic, fairy",https://raw.githubusercontent.com/PokeAPI/sprites/master/sprites/pokemon/439.png,https://raw.githubusercontent.com/PokeAPI/sprites/master/sprites/pokemon/shiny/439.png,https://raw.githubusercontent.com/PokeAPI/sprites/master/sprites/pokemon/back/439.png,https://raw.githubusercontent.com/PokeAPI/sprites/master/sprites/pokemon/back/shiny/439.png,https://raw.githubusercontent.com/PokeAPI/sprites/master/sprites/pokemon/other/official-artwork/439.png
440,happiny,normal,https://raw.githubusercontent.com/PokeAPI/sprites/master/sprites/pokemon/440.png,https://raw.githubusercontent.com/PokeAPI/sprites/master/sprites/pokemon/shiny/440.png,https://raw.githubusercontent.com/PokeAPI/sprites/master/sprites/pokemon/back/440.png,https://raw.githubusercontent.com/PokeAPI/sprites/master/sprites/pokemon/back/shiny/440.png,https://raw.githubusercontent.com/PokeAPI/sprites/master/sprites/pokemon/other/official-artwork/440.png
441,chatot,"normal, flying",https://raw.githubusercontent.com/PokeAPI/sprites/master/sprites/pokemon/441.png,https://raw.githubusercontent.com/PokeAPI/sprites/master/sprites/pokemon/shiny/441.png,https://raw.githubusercontent.com/PokeAPI/sprites/master/sprites/pokemon/back/441.png,https://raw.githubusercontent.com/PokeAPI/sprites/master/sprites/pokemon/back/shiny/441.png,https://raw.githubusercontent.com/PokeAPI/sprites/master/sprites/pokemon/other/official-artwork/441.png
442,spiritomb,"ghost, dark",https://raw.githubusercontent.com/PokeAPI/sprites/master/sprites/pokemon/442.png,https://raw.githubusercontent.com/PokeAPI/sprites/master/sprites/pokemon/shiny/442.png,https://raw.githubusercontent.com/PokeAPI/sprites/master/sprites/pokemon/back/442.png,https://raw.githubusercontent.com/PokeAPI/sprites/master/sprites/pokemon/back/shiny/442.png,https://raw.githubusercontent.com/PokeAPI/sprites/master/sprites/pokemon/other/official-artwork/442.png
443,gible,"dragon, ground",https://raw.githubusercontent.com/PokeAPI/sprites/master/sprites/pokemon/443.png,https://raw.githubusercontent.com/PokeAPI/sprites/master/sprites/pokemon/shiny/443.png,https://raw.githubusercontent.com/PokeAPI/sprites/master/sprites/pokemon/back/443.png,https://raw.githubusercontent.com/PokeAPI/sprites/master/sprites/pokemon/back/shiny/443.png,https://raw.githubusercontent.com/PokeAPI/sprites/master/sprites/pokemon/other/official-artwork/443.png
444,gabite,"dragon, ground",https://raw.githubusercontent.com/PokeAPI/sprites/master/sprites/pokemon/444.png,https://raw.githubusercontent.com/PokeAPI/sprites/master/sprites/pokemon/shiny/444.png,https://raw.githubusercontent.com/PokeAPI/sprites/master/sprites/pokemon/back/444.png,https://raw.githubusercontent.com/PokeAPI/sprites/master/sprites/pokemon/back/shiny/444.png,https://raw.githubusercontent.com/PokeAPI/sprites/master/sprites/pokemon/other/official-artwork/444.png
445,garchomp,"dragon, ground",https://raw.githubusercontent.com/PokeAPI/sprites/master/sprites/pokemon/445.png,https://raw.githubusercontent.com/PokeAPI/sprites/master/sprites/pokemon/shiny/445.png,https://raw.githubusercontent.com/PokeAPI/sprites/master/sprites/pokemon/back/445.png,https://raw.githubusercontent.com/PokeAPI/sprites/master/sprites/pokemon/back/shiny/445.png,https://raw.githubusercontent.com/PokeAPI/sprites/master/sprites/pokemon/other/official-artwork/445.png
446,munchlax,normal,https://raw.githubusercontent.com/PokeAPI/sprites/master/sprites/pokemon/446.png,https://raw.githubusercontent.com/PokeAPI/sprites/master/sprites/pokemon/shiny/446.png,https://raw.githubusercontent.com/PokeAPI/sprites/master/sprites/pokemon/back/446.png,https://raw.githubusercontent.com/PokeAPI/sprites/master/sprites/pokemon/back/shiny/446.png,https://raw.githubusercontent.com/PokeAPI/sprites/master/sprites/pokemon/other/official-artwork/446.png
447,riolu,fighting,https://raw.githubusercontent.com/PokeAPI/sprites/master/sprites/pokemon/447.png,https://raw.githubusercontent.com/PokeAPI/sprites/master/sprites/pokemon/shiny/447.png,https://raw.githubusercontent.com/PokeAPI/sprites/master/sprites/pokemon/back/447.png,https://raw.githubusercontent.com/PokeAPI/sprites/master/sprites/pokemon/back/shiny/447.png,https://raw.githubusercontent.com/PokeAPI/sprites/master/sprites/pokemon/other/official-artwork/447.png
448,lucario,"fighting, steel",https://raw.githubusercontent.com/PokeAPI/sprites/master/sprites/pokemon/448.png,https://raw.githubusercontent.com/PokeAPI/sprites/master/sprites/pokemon/shiny/448.png,https://raw.githubusercontent.com/PokeAPI/sprites/master/sprites/pokemon/back/448.png,https://raw.githubusercontent.com/PokeAPI/sprites/master/sprites/pokemon/back/shiny/448.png,https://raw.githubusercontent.com/PokeAPI/sprites/master/sprites/pokemon/other/official-artwork/448.png
449,hippopotas,ground,https://raw.githubusercontent.com/PokeAPI/sprites/master/sprites/pokemon/449.png,https://raw.githubusercontent.com/PokeAPI/sprites/master/sprites/pokemon/shiny/449.png,https://raw.githubusercontent.com/PokeAPI/sprites/master/sprites/pokemon/back/449.png,https://raw.githubusercontent.com/PokeAPI/sprites/master/sprites/pokemon/back/shiny/449.png,https://raw.githubusercontent.com/PokeAPI/sprites/master/sprites/pokemon/other/official-artwork/449.png
450,hippowdon,ground,https://raw.githubusercontent.com/PokeAPI/sprites/master/sprites/pokemon/450.png,https://raw.githubusercontent.com/PokeAPI/sprites/master/sprites/pokemon/shiny/450.png,https://raw.githubusercontent.com/PokeAPI/sprites/master/sprites/pokemon/back/450.png,https://raw.githubusercontent.com/PokeAPI/sprites/master/sprites/pokemon/back/shiny/450.png,https://raw.githubusercontent.com/PokeAPI/sprites/master/sprites/pokemon/other/official-artwork/450.png
451,skorupi,"poison, bug",https://raw.githubusercontent.com/PokeAPI/sprites/master/sprites/pokemon/451.png,https://raw.githubusercontent.com/PokeAPI/sprites/master/sprites/pokemon/shiny/451.png,https://raw.githubusercontent.com/PokeAPI/sprites/master/sprites/pokemon/back/451.png,https://raw.githubusercontent.com/PokeAPI/sprites/master/sprites/pokemon/back/shiny/451.png,https://raw.githubusercontent.com/PokeAPI/sprites/master/sprites/pokemon/other/official-artwork/451.png
452,drapion,"poison, dark",https://raw.githubusercontent.com/PokeAPI/sprites/master/sprites/pokemon/452.png,https://raw.githubusercontent.com/PokeAPI/sprites/master/sprites/pokemon/shiny/452.png,https://raw.githubusercontent.com/PokeAPI/sprites/master/sprites/pokemon/back/452.png,https://raw.githubusercontent.com/PokeAPI/sprites/master/sprites/pokemon/back/shiny/452.png,https://raw.githubusercontent.com/PokeAPI/sprites/master/sprites/pokemon/other/official-artwork/452.png
453,croagunk,"poison, fighting",https://raw.githubusercontent.com/PokeAPI/sprites/master/sprites/pokemon/453.png,https://raw.githubusercontent.com/PokeAPI/sprites/master/sprites/pokemon/shiny/453.png,https://raw.githubusercontent.com/PokeAPI/sprites/master/sprites/pokemon/back/453.png,https://raw.githubusercontent.com/PokeAPI/sprites/master/sprites/pokemon/back/shiny/453.png,https://raw.githubusercontent.com/PokeAPI/sprites/master/sprites/pokemon/other/official-artwork/453.png
454,toxicroak,"poison, fighting",https://raw.githubusercontent.com/PokeAPI/sprites/master/sprites/pokemon/454.png,https://raw.githubusercontent.com/PokeAPI/sprites/master/sprites/pokemon/shiny/454.png,https://raw.githubusercontent.com/PokeAPI/sprites/master/sprites/pokemon/back/454.png,https://raw.githubusercontent.com/PokeAPI/sprites/master/sprites/pokemon/back/shiny/454.png,https://raw.githubusercontent.com/PokeAPI/sprites/master/sprites/pokemon/other/official-artwork/454.png
455,carnivine,grass,https://raw.githubusercontent.com/PokeAPI/sprites/master/sprites/pokemon/455.png,https://raw.githubusercontent.com/PokeAPI/sprites/master/sprites/pokemon/shiny/455.png,https://raw.githubusercontent.com/PokeAPI/sprites/master/sprites/pokemon/back/455.png,https://raw.githubusercontent.com/PokeAPI/sprites/master/sprites/pokemon/back/shiny/455.png,https://raw.githubusercontent.com/PokeAPI/sprites/master/sprites/pokemon/other/official-artwork/455.png
456,finneon,water,https://raw.githubusercontent.com/PokeAPI/sprites/master/sprites/pokemon/456.png,https://raw.githubusercontent.com/PokeAPI/sprites/master/sprites/pokemon/shiny/456.png,https://raw.githubusercontent.com/PokeAPI/sprites/master/sprites/pokemon/back/456.png,https://raw.githubusercontent.com/PokeAPI/sprites/master/sprites/pokemon/back/shiny/456.png,https://raw.githubusercontent.com/PokeAPI/sprites/master/sprites/pokemon/other/official-artwork/456.png
457,lumineon,water,https://raw.githubusercontent.com/PokeAPI/sprites/master/sprites/pokemon/457.png,https://raw.githubusercontent.com/PokeAPI/sprites/master/sprites/pokemon/shiny/457.png,https://raw.githubusercontent.com/PokeAPI/sprites/master/sprites/pokemon/back/457.png,https://raw.githubusercontent.com/PokeAPI/sprites/master/sprites/pokemon/back/shiny/457.png,https://raw.githubusercontent.com/PokeAPI/sprites/master/sprites/pokemon/other/official-artwork/457.png
458,mantyke,"water, flying",https://raw.githubusercontent.com/PokeAPI/sprites/master/sprites/pokemon/458.png,https://raw.githubusercontent.com/PokeAPI/sprites/master/sprites/pokemon/shiny/458.png,https://raw.githubusercontent.com/PokeAPI/sprites/master/sprites/pokemon/back/458.png,https://raw.githubusercontent.com/PokeAPI/sprites/master/sprites/pokemon/back/shiny/458.png,https://raw.githubusercontent.com/PokeAPI/sprites/master/sprites/pokemon/other/official-artwork/458.png
459,snover,"grass, ice",https://raw.githubusercontent.com/PokeAPI/sprites/master/sprites/pokemon/459.png,https://raw.githubusercontent.com/PokeAPI/sprites/master/sprites/pokemon/shiny/459.png,https://raw.githubusercontent.com/PokeAPI/sprites/master/sprites/pokemon/back/459.png,https://raw.githubusercontent.com/PokeAPI/sprites/master/sprites/pokemon/back/shiny/459.png,https://raw.githubusercontent.com/PokeAPI/sprites/master/sprites/pokemon/other/official-artwork/459.png
460,abomasnow,"grass, ice",https://raw.githubusercontent.com/PokeAPI/sprites/master/sprites/pokemon/460.png,https://raw.githubusercontent.com/PokeAPI/sprites/master/sprites/pokemon/shiny/460.png,https://raw.githubusercontent.com/PokeAPI/sprites/master/sprites/pokemon/back/460.png,https://raw.githubusercontent.com/PokeAPI/sprites/master/sprites/pokemon/back/shiny/460.png,https://raw.githubusercontent.com/PokeAPI/sprites/master/sprites/pokemon/other/official-artwork/460.png
461,weavile,"dark, ice",https://raw.githubusercontent.com/PokeAPI/sprites/master/sprites/pokemon/461.png,https://raw.githubusercontent.com/PokeAPI/sprites/master/sprites/pokemon/shiny/461.png,https://raw.githubusercontent.com/PokeAPI/sprites/master/sprites/pokemon/back/461.png,https://raw.githubusercontent.com/PokeAPI/sprites/master/sprites/pokemon/back/shiny/461.png,https://raw.githubusercontent.com/PokeAPI/sprites/master/sprites/pokemon/other/official-artwork/461.png
462,magnezone,"electric, steel",https://raw.githubusercontent.com/PokeAPI/sprites/master/sprites/pokemon/462.png,https://raw.githubusercontent.com/PokeAPI/sprites/master/sprites/pokemon/shiny/462.png,https://raw.githubusercontent.com/PokeAPI/sprites/master/sprites/pokemon/back/462.png,https://raw.githubusercontent.com/PokeAPI/sprites/master/sprites/pokemon/back/shiny/462.png,https://raw.githubusercontent.com/PokeAPI/sprites/master/sprites/pokemon/other/official-artwork/462.png
463,lickilicky,normal,https://raw.githubusercontent.com/PokeAPI/sprites/master/sprites/pokemon/463.png,https://raw.githubusercontent.com/PokeAPI/sprites/master/sprites/pokemon/shiny/463.png,https://raw.githubusercontent.com/PokeAPI/sprites/master/sprites/pokemon/back/463.png,https://raw.githubusercontent.com/PokeAPI/sprites/master/sprites/pokemon/back/shiny/463.png,https://raw.githubusercontent.com/PokeAPI/sprites/master/sprites/pokemon/other/official-artwork/463.png
464,rhyperior,"ground, rock",https://raw.githubusercontent.com/PokeAPI/sprites/master/sprites/pokemon/464.png,https://raw.githubusercontent.com/PokeAPI/sprites/master/sprites/pokemon/shiny/464.png,https://raw.githubusercontent.com/PokeAPI/sprites/master/sprites/pokemon/back/464.png,https://raw.githubusercontent.com/PokeAPI/sprites/master/sprites/pokemon/back/shiny/464.png,https://raw.githubusercontent.com/PokeAPI/sprites/master/sprites/pokemon/other/official-artwork/464.png
465,tangrowth,grass,https://raw.githubusercontent.com/PokeAPI/sprites/master/sprites/pokemon/465.png,https://raw.githubusercontent.com/PokeAPI/sprites/master/sprites/pokemon/shiny/465.png,https://raw.githubusercontent.com/PokeAPI/sprites/master/sprites/pokemon/back/465.png,https://raw.githubusercontent.com/PokeAPI/sprites/master/sprites/pokemon/back/shiny/465.png,https://raw.githubusercontent.com/PokeAPI/sprites/master/sprites/pokemon/other/official-artwork/465.png
466,electivire,electric,https://raw.githubusercontent.com/PokeAPI/sprites/master/sprites/pokemon/466.png,https://raw.githubusercontent.com/PokeAPI/sprites/master/sprites/pokemon/shiny/466.png,https://raw.githubusercontent.com/PokeAPI/sprites/master/sprites/pokemon/back/466.png,https://raw.githubusercontent.com/PokeAPI/sprites/master/sprites/pokemon/back/shiny/466.png,https://raw.githubusercontent.com/PokeAPI/sprites/master/sprites/pokemon/other/official-artwork/466.png
467,magmortar,fire,https://raw.githubusercontent.com/PokeAPI/sprites/master/sprites/pokemon/467.png,https://raw.githubusercontent.com/PokeAPI/sprites/master/sprites/pokemon/shiny/467.png,https://raw.githubusercontent.com/PokeAPI/sprites/master/sprites/pokemon/back/467.png,https://raw.githubusercontent.com/PokeAPI/sprites/master/sprites/pokemon/back/shiny/467.png,https://raw.githubusercontent.com/PokeAPI/sprites/master/sprites/pokemon/other/official-artwork/467.png
468,togekiss,"fairy, flying",https://raw.githubusercontent.com/PokeAPI/sprites/master/sprites/pokemon/468.png,https://raw.githubusercontent.com/PokeAPI/sprites/master/sprites/pokemon/shiny/468.png,https://raw.githubusercontent.com/PokeAPI/sprites/master/sprites/pokemon/back/468.png,https://raw.githubusercontent.com/PokeAPI/sprites/master/sprites/pokemon/back/shiny/468.png,https://raw.githubusercontent.com/PokeAPI/sprites/master/sprites/pokemon/other/official-artwork/468.png
469,yanmega,"bug, flying",https://raw.githubusercontent.com/PokeAPI/sprites/master/sprites/pokemon/469.png,https://raw.githubusercontent.com/PokeAPI/sprites/master/sprites/pokemon/shiny/469.png,https://raw.githubusercontent.com/PokeAPI/sprites/master/sprites/pokemon/back/469.png,https://raw.githubusercontent.com/PokeAPI/sprites/master/sprites/pokemon/back/shiny/469.png,https://raw.githubusercontent.com/PokeAPI/sprites/master/sprites/pokemon/other/official-artwork/469.png
470,leafeon,grass,https://raw.githubusercontent.com/PokeAPI/sprites/master/sprites/pokemon/470.png,https://raw.githubusercontent.com/PokeAPI/sprites/master/sprites/pokemon/shiny/470.png,https://raw.githubusercontent.com/PokeAPI/sprites/master/sprites/pokemon/back/470.png,https://raw.githubusercontent.com/PokeAPI/sprites/master/sprites/pokemon/back/shiny/470.png,https://raw.githubusercontent.com/PokeAPI/sprites/master/sprites/pokemon/other/official-artwork/470.png
471,glaceon,ice,https://raw.githubusercontent.com/PokeAPI/sprites/master/sprites/pokemon/471.png,https://raw.githubusercontent.com/PokeAPI/sprites/master/sprites/pokemon/shiny/471.png,https://raw.githubusercontent.com/PokeAPI/sprites/master/sprites/pokemon/back/471.png,https://raw.githubusercontent.com/PokeAPI/sprites/master/sprites/pokemon/back/shiny/471.png,https://raw.githubusercontent.com/PokeAPI/sprites/master/sprites/pokemon/other/official-artwork/471.png
472,gliscor,"ground, flying",https://raw.githubusercontent.com/PokeAPI/sprites/master/sprites/pokemon/472.png,https://raw.githubusercontent.com/PokeAPI/sprites/master/sprites/pokemon/shiny/472.png,https://raw.githubusercontent.com/PokeAPI/sprites/master/sprites/pokemon/back/472.png,https://raw.githubusercontent.com/PokeAPI/sprites/master/sprites/pokemon/back/shiny/472.png,https://raw.githubusercontent.com/PokeAPI/sprites/master/sprites/pokemon/other/official-artwork/472.png
473,mamoswine,"ice, ground",https://raw.githubusercontent.com/PokeAPI/sprites/master/sprites/pokemon/473.png,https://raw.githubusercontent.com/PokeAPI/sprites/master/sprites/pokemon/shiny/473.png,https://raw.githubusercontent.com/PokeAPI/sprites/master/sprites/pokemon/back/473.png,https://raw.githubusercontent.com/PokeAPI/sprites/master/sprites/pokemon/back/shiny/473.png,https://raw.githubusercontent.com/PokeAPI/sprites/master/sprites/pokemon/other/official-artwork/473.png
474,porygon-z,normal,https://raw.githubusercontent.com/PokeAPI/sprites/master/sprites/pokemon/474.png,https://raw.githubusercontent.com/PokeAPI/sprites/master/sprites/pokemon/shiny/474.png,https://raw.githubusercontent.com/PokeAPI/sprites/master/sprites/pokemon/back/474.png,https://raw.githubusercontent.com/PokeAPI/sprites/master/sprites/pokemon/back/shiny/474.png,https://raw.githubusercontent.com/PokeAPI/sprites/master/sprites/pokemon/other/official-artwork/474.png
475,gallade,"psychic, fighting",https://raw.githubusercontent.com/PokeAPI/sprites/master/sprites/pokemon/475.png,https://raw.githubusercontent.com/PokeAPI/sprites/master/sprites/pokemon/shiny/475.png,https://raw.githubusercontent.com/PokeAPI/sprites/master/sprites/pokemon/back/475.png,https://raw.githubusercontent.com/PokeAPI/sprites/master/sprites/pokemon/back/shiny/475.png,https://raw.githubusercontent.com/PokeAPI/sprites/master/sprites/pokemon/other/official-artwork/475.png
476,probopass,"rock, steel",https://raw.githubusercontent.com/PokeAPI/sprites/master/sprites/pokemon/476.png,https://raw.githubusercontent.com/PokeAPI/sprites/master/sprites/pokemon/shiny/476.png,https://raw.githubusercontent.com/PokeAPI/sprites/master/sprites/pokemon/back/476.png,https://raw.githubusercontent.com/PokeAPI/sprites/master/sprites/pokemon/back/shiny/476.png,https://raw.githubusercontent.com/PokeAPI/sprites/master/sprites/pokemon/other/official-artwork/476.png
477,dusknoir,ghost,https://raw.githubusercontent.com/PokeAPI/sprites/master/sprites/pokemon/477.png,https://raw.githubusercontent.com/PokeAPI/sprites/master/sprites/pokemon/shiny/477.png,https://raw.githubusercontent.com/PokeAPI/sprites/master/sprites/pokemon/back/477.png,https://raw.githubusercontent.com/PokeAPI/sprites/master/sprites/pokemon/back/shiny/477.png,https://raw.githubusercontent.com/PokeAPI/sprites/master/sprites/pokemon/other/official-artwork/477.png
478,froslass,"ice, ghost",https://raw.githubusercontent.com/PokeAPI/sprites/master/sprites/pokemon/478.png,https://raw.githubusercontent.com/PokeAPI/sprites/master/sprites/pokemon/shiny/478.png,https://raw.githubusercontent.com/PokeAPI/sprites/master/sprites/pokemon/back/478.png,https://raw.githubusercontent.com/PokeAPI/sprites/master/sprites/pokemon/back/shiny/478.png,https://raw.githubusercontent.com/PokeAPI/sprites/master/sprites/pokemon/other/official-artwork/478.png
479,rotom,"electric, ghost",https://raw.githubusercontent.com/PokeAPI/sprites/master/sprites/pokemon/479.png,https://raw.githubusercontent.com/PokeAPI/sprites/master/sprites/pokemon/shiny/479.png,https://raw.githubusercontent.com/PokeAPI/sprites/master/sprites/pokemon/back/479.png,https://raw.githubusercontent.com/PokeAPI/sprites/master/sprites/pokemon/back/shiny/479.png,https://raw.githubusercontent.com/PokeAPI/sprites/master/sprites/pokemon/other/official-artwork/479.png
480,uxie,psychic,https://raw.githubusercontent.com/PokeAPI/sprites/master/sprites/pokemon/480.png,https://raw.githubusercontent.com/PokeAPI/sprites/master/sprites/pokemon/shiny/480.png,https://raw.githubusercontent.com/PokeAPI/sprites/master/sprites/pokemon/back/480.png,https://raw.githubusercontent.com/PokeAPI/sprites/master/sprites/pokemon/back/shiny/480.png,https://raw.githubusercontent.com/PokeAPI/sprites/master/sprites/pokemon/other/official-artwork/480.png
481,mesprit,psychic,https://raw.githubusercontent.com/PokeAPI/sprites/master/sprites/pokemon/481.png,https://raw.githubusercontent.com/PokeAPI/sprites/master/sprites/pokemon/shiny/481.png,https://raw.githubusercontent.com/PokeAPI/sprites/master/sprites/pokemon/back/481.png,https://raw.githubusercontent.com/PokeAPI/sprites/master/sprites/pokemon/back/shiny/481.png,https://raw.githubusercontent.com/PokeAPI/sprites/master/sprites/pokemon/other/official-artwork/481.png
482,azelf,psychic,https://raw.githubusercontent.com/PokeAPI/sprites/master/sprites/pokemon/482.png,https://raw.githubusercontent.com/PokeAPI/sprites/master/sprites/pokemon/shiny/482.png,https://raw.githubusercontent.com/PokeAPI/sprites/master/sprites/pokemon/back/482.png,https://raw.githubusercontent.com/PokeAPI/sprites/master/sprites/pokemon/back/shiny/482.png,https://raw.githubusercontent.com/PokeAPI/sprites/master/sprites/pokemon/other/official-artwork/482.png
483,dialga,"steel, dragon",https://raw.githubusercontent.com/PokeAPI/sprites/master/sprites/pokemon/483.png,https://raw.githubusercontent.com/PokeAPI/sprites/master/sprites/pokemon/shiny/483.png,https://raw.githubusercontent.com/PokeAPI/sprites/master/sprites/pokemon/back/483.png,https://raw.githubusercontent.com/PokeAPI/sprites/master/sprites/pokemon/back/shiny/483.png,https://raw.githubusercontent.com/PokeAPI/sprites/master/sprites/pokemon/other/official-artwork/483.png
484,palkia,"water, dragon",https://raw.githubusercontent.com/PokeAPI/sprites/master/sprites/pokemon/484.png,https://raw.githubusercontent.com/PokeAPI/sprites/master/sprites/pokemon/shiny/484.png,https://raw.githubusercontent.com/PokeAPI/sprites/master/sprites/pokemon/back/484.png,https://raw.githubusercontent.com/PokeAPI/sprites/master/sprites/pokemon/back/shiny/484.png,https://raw.githubusercontent.com/PokeAPI/sprites/master/sprites/pokemon/other/official-artwork/484.png
485,heatran,"fire, steel",https://raw.githubusercontent.com/PokeAPI/sprites/master/sprites/pokemon/485.png,https://raw.githubusercontent.com/PokeAPI/sprites/master/sprites/pokemon/shiny/485.png,https://raw.githubusercontent.com/PokeAPI/sprites/master/sprites/pokemon/back/485.png,https://raw.githubusercontent.com/PokeAPI/sprites/master/sprites/pokemon/back/shiny/485.png,https://raw.githubusercontent.com/PokeAPI/sprites/master/sprites/pokemon/other/official-artwork/485.png
486,regigigas,normal,https://raw.githubusercontent.com/PokeAPI/sprites/master/sprites/pokemon/486.png,https://raw.githubusercontent.com/PokeAPI/sprites/master/sprites/pokemon/shiny/486.png,https://raw.githubusercontent.com/PokeAPI/sprites/master/sprites/pokemon/back/486.png,https://raw.githubusercontent.com/PokeAPI/sprites/master/sprites/pokemon/back/shiny/486.png,https://raw.githubusercontent.com/PokeAPI/sprites/master/sprites/pokemon/other/official-artwork/486.png
487,giratina-altered,"ghost, dragon",https://raw.githubusercontent.com/PokeAPI/sprites/master/sprites/pokemon/487.png,https://raw.githubusercontent.com/PokeAPI/sprites/master/sprites/pokemon/shiny/487.png,https://raw.githubusercontent.com/PokeAPI/sprites/master/sprites/pokemon/back/487.png,https://raw.githubusercontent.com/PokeAPI/sprites/master/sprites/pokemon/back/shiny/487.png,https://raw.githubusercontent.com/PokeAPI/sprites/master/sprites/pokemon/other/official-artwork/487.png
488,cresselia,psychic,https://raw.githubusercontent.com/PokeAPI/sprites/master/sprites/pokemon/488.png,https://raw.githubusercontent.com/PokeAPI/sprites/master/sprites/pokemon/shiny/488.png,https://raw.githubusercontent.com/PokeAPI/sprites/master/sprites/pokemon/back/488.png,https://raw.githubusercontent.com/PokeAPI/sprites/master/sprites/pokemon/back/shiny/488.png,https://raw.githubusercontent.com/PokeAPI/sprites/master/sprites/pokemon/other/official-artwork/488.png
489,phione,water,https://raw.githubusercontent.com/PokeAPI/sprites/master/sprites/pokemon/489.png,https://raw.githubusercontent.com/PokeAPI/sprites/master/sprites/pokemon/shiny/489.png,https://raw.githubusercontent.com/PokeAPI/sprites/master/sprites/pokemon/back/489.png,https://raw.githubusercontent.com/PokeAPI/sprites/master/sprites/pokemon/back/shiny/489.png,https://raw.githubusercontent.com/PokeAPI/sprites/master/sprites/pokemon/other/official-artwork/489.png
490,manaphy,water,https://raw.githubusercontent.com/PokeAPI/sprites/master/sprites/pokemon/490.png,https://raw.githubusercontent.com/PokeAPI/sprites/master/sprites/pokemon/shiny/490.png,https://raw.githubusercontent.com/PokeAPI/sprites/master/sprites/pokemon/back/490.png,https://raw.githubusercontent.com/PokeAPI/sprites/master/sprites/pokemon/back/shiny/490.png,https://raw.githubusercontent.com/PokeAPI/sprites/master/sprites/pokemon/other/official-artwork/490.png
491,darkrai,dark,https://raw.githubusercontent.com/PokeAPI/sprites/master/sprites/pokemon/491.png,https://raw.githubusercontent.com/PokeAPI/sprites/master/sprites/pokemon/shiny/491.png,https://raw.githubusercontent.com/PokeAPI/sprites/master/sprites/pokemon/back/491.png,https://raw.githubusercontent.com/PokeAPI/sprites/master/sprites/pokemon/back/shiny/491.png,https://raw.githubusercontent.com/PokeAPI/sprites/master/sprites/pokemon/other/official-artwork/491.png
492,shaymin-land,grass,https://raw.githubusercontent.com/PokeAPI/sprites/master/sprites/pokemon/492.png,https://raw.githubusercontent.com/PokeAPI/sprites/master/sprites/pokemon/shiny/492.png,https://raw.githubusercontent.com/PokeAPI/sprites/master/sprites/pokemon/back/492.png,https://raw.githubusercontent.com/PokeAPI/sprites/master/sprites/pokemon/back/shiny/492.png,https://raw.githubusercontent.com/PokeAPI/sprites/master/sprites/pokemon/other/official-artwork/492.png
493,arceus,normal,https://raw.githubusercontent.com/PokeAPI/sprites/master/sprites/pokemon/493.png,https://raw.githubusercontent.com/PokeAPI/sprites/master/sprites/pokemon/shiny/493.png,https://raw.githubusercontent.com/PokeAPI/sprites/master/sprites/pokemon/back/493.png,https://raw.githubusercontent.com/PokeAPI/sprites/master/sprites/pokemon/back/shiny/493.png,https://raw.githubusercontent.com/PokeAPI/sprites/master/sprites/pokemon/other/official-artwork/493.png
494,victini,"psychic, fire",https://raw.githubusercontent.com/PokeAPI/sprites/master/sprites/pokemon/494.png,https://raw.githubusercontent.com/PokeAPI/sprites/master/sprites/pokemon/shiny/494.png,https://raw.githubusercontent.com/PokeAPI/sprites/master/sprites/pokemon/back/494.png,https://raw.githubusercontent.com/PokeAPI/sprites/master/sprites/pokemon/back/shiny/494.png,https://raw.githubusercontent.com/PokeAPI/sprites/master/sprites/pokemon/other/official-artwork/494.png
495,snivy,grass,https://raw.githubusercontent.com/PokeAPI/sprites/master/sprites/pokemon/495.png,https://raw.githubusercontent.com/PokeAPI/sprites/master/sprites/pokemon/shiny/495.png,https://raw.githubusercontent.com/PokeAPI/sprites/master/sprites/pokemon/back/495.png,https://raw.githubusercontent.com/PokeAPI/sprites/master/sprites/pokemon/back/shiny/495.png,https://raw.githubusercontent.com/PokeAPI/sprites/master/sprites/pokemon/other/official-artwork/495.png
496,servine,grass,https://raw.githubusercontent.com/PokeAPI/sprites/master/sprites/pokemon/496.png,https://raw.githubusercontent.com/PokeAPI/sprites/master/sprites/pokemon/shiny/496.png,https://raw.githubusercontent.com/PokeAPI/sprites/master/sprites/pokemon/back/496.png,https://raw.githubusercontent.com/PokeAPI/sprites/master/sprites/pokemon/back/shiny/496.png,https://raw.githubusercontent.com/PokeAPI/sprites/master/sprites/pokemon/other/official-artwork/496.png
497,serperior,grass,https://raw.githubusercontent.com/PokeAPI/sprites/master/sprites/pokemon/497.png,https://raw.githubusercontent.com/PokeAPI/sprites/master/sprites/pokemon/shiny/497.png,https://raw.githubusercontent.com/PokeAPI/sprites/master/sprites/pokemon/back/497.png,https://raw.githubusercontent.com/PokeAPI/sprites/master/sprites/pokemon/back/shiny/497.png,https://raw.githubusercontent.com/PokeAPI/sprites/master/sprites/pokemon/other/official-artwork/497.png
498,tepig,fire,https://raw.githubusercontent.com/PokeAPI/sprites/master/sprites/pokemon/498.png,https://raw.githubusercontent.com/PokeAPI/sprites/master/sprites/pokemon/shiny/498.png,https://raw.githubusercontent.com/PokeAPI/sprites/master/sprites/pokemon/back/498.png,https://raw.githubusercontent.com/PokeAPI/sprites/master/sprites/pokemon/back/shiny/498.png,https://raw.githubusercontent.com/PokeAPI/sprites/master/sprites/pokemon/other/official-artwork/498.png
499,pignite,"fire, fighting",https://raw.githubusercontent.com/PokeAPI/sprites/master/sprites/pokemon/499.png,https://raw.githubusercontent.com/PokeAPI/sprites/master/sprites/pokemon/shiny/499.png,https://raw.githubusercontent.com/PokeAPI/sprites/master/sprites/pokemon/back/499.png,https://raw.githubusercontent.com/PokeAPI/sprites/master/sprites/pokemon/back/shiny/499.png,https://raw.githubusercontent.com/PokeAPI/sprites/master/sprites/pokemon/other/official-artwork/499.png
500,emboar,"fire, fighting",https://raw.githubusercontent.com/PokeAPI/sprites/master/sprites/pokemon/500.png,https://raw.githubusercontent.com/PokeAPI/sprites/master/sprites/pokemon/shiny/500.png,https://raw.githubusercontent.com/PokeAPI/sprites/master/sprites/pokemon/back/500.png,https://raw.githubusercontent.com/PokeAPI/sprites/master/sprites/pokemon/back/shiny/500.png,https://raw.githubusercontent.com/PokeAPI/sprites/master/sprites/pokemon/other/official-artwork/500.png
501,oshawott,water,https://raw.githubusercontent.com/PokeAPI/sprites/master/sprites/pokemon/501.png,https://raw.githubusercontent.com/PokeAPI/sprites/master/sprites/pokemon/shiny/501.png,https://raw.githubusercontent.com/PokeAPI/sprites/master/sprites/pokemon/back/501.png,https://raw.githubusercontent.com/PokeAPI/sprites/master/sprites/pokemon/back/shiny/501.png,https://raw.githubusercontent.com/PokeAPI/sprites/master/sprites/pokemon/other/official-artwork/501.png
502,dewott,water,https://raw.githubusercontent.com/PokeAPI/sprites/master/sprites/pokemon/502.png,https://raw.githubusercontent.com/PokeAPI/sprites/master/sprites/pokemon/shiny/502.png,https://raw.githubusercontent.com/PokeAPI/sprites/master/sprites/pokemon/back/502.png,https://raw.githubusercontent.com/PokeAPI/sprites/master/sprites/pokemon/back/shiny/502.png,https://raw.githubusercontent.com/PokeAPI/sprites/master/sprites/pokemon/other/official-artwork/502.png
503,samurott,water,https://raw.githubusercontent.com/PokeAPI/sprites/master/sprites/pokemon/503.png,https://raw.githubusercontent.com/PokeAPI/sprites/master/sprites/pokemon/shiny/503.png,https://raw.githubusercontent.com/PokeAPI/sprites/master/sprites/pokemon/back/503.png,https://raw.githubusercontent.com/PokeAPI/sprites/master/sprites/pokemon/back/shiny/503.png,https://raw.githubusercontent.com/PokeAPI/sprites/master/sprites/pokemon/other/official-artwork/503.png
504,patrat,normal,https://raw.githubusercontent.com/PokeAPI/sprites/master/sprites/pokemon/504.png,https://raw.githubusercontent.com/PokeAPI/sprites/master/sprites/pokemon/shiny/504.png,https://raw.githubusercontent.com/PokeAPI/sprites/master/sprites/pokemon/back/504.png,https://raw.githubusercontent.com/PokeAPI/sprites/master/sprites/pokemon/back/shiny/504.png,https://raw.githubusercontent.com/PokeAPI/sprites/master/sprites/pokemon/other/official-artwork/504.png
505,watchog,normal,https://raw.githubusercontent.com/PokeAPI/sprites/master/sprites/pokemon/505.png,https://raw.githubusercontent.com/PokeAPI/sprites/master/sprites/pokemon/shiny/505.png,https://raw.githubusercontent.com/PokeAPI/sprites/master/sprites/pokemon/back/505.png,https://raw.githubusercontent.com/PokeAPI/sprites/master/sprites/pokemon/back/shiny/505.png,https://raw.githubusercontent.com/PokeAPI/sprites/master/sprites/pokemon/other/official-artwork/505.png
506,lillipup,normal,https://raw.githubusercontent.com/PokeAPI/sprites/master/sprites/pokemon/506.png,https://raw.githubusercontent.com/PokeAPI/sprites/master/sprites/pokemon/shiny/506.png,https://raw.githubusercontent.com/PokeAPI/sprites/master/sprites/pokemon/back/506.png,https://raw.githubusercontent.com/PokeAPI/sprites/master/sprites/pokemon/back/shiny/506.png,https://raw.githubusercontent.com/PokeAPI/sprites/master/sprites/pokemon/other/official-artwork/506.png
507,herdier,normal,https://raw.githubusercontent.com/PokeAPI/sprites/master/sprites/pokemon/507.png,https://raw.githubusercontent.com/PokeAPI/sprites/master/sprites/pokemon/shiny/507.png,https://raw.githubusercontent.com/PokeAPI/sprites/master/sprites/pokemon/back/507.png,https://raw.githubusercontent.com/PokeAPI/sprites/master/sprites/pokemon/back/shiny/507.png,https://raw.githubusercontent.com/PokeAPI/sprites/master/sprites/pokemon/other/official-artwork/507.png
508,stoutland,normal,https://raw.githubusercontent.com/PokeAPI/sprites/master/sprites/pokemon/508.png,https://raw.githubusercontent.com/PokeAPI/sprites/master/sprites/pokemon/shiny/508.png,https://raw.githubusercontent.com/PokeAPI/sprites/master/sprites/pokemon/back/508.png,https://raw.githubusercontent.com/PokeAPI/sprites/master/sprites/pokemon/back/shiny/508.png,https://raw.githubusercontent.com/PokeAPI/sprites/master/sprites/pokemon/other/official-artwork/508.png
509,purrloin,dark,https://raw.githubusercontent.com/PokeAPI/sprites/master/sprites/pokemon/509.png,https://raw.githubusercontent.com/PokeAPI/sprites/master/sprites/pokemon/shiny/509.png,https://raw.githubusercontent.com/PokeAPI/sprites/master/sprites/pokemon/back/509.png,https://raw.githubusercontent.com/PokeAPI/sprites/master/sprites/pokemon/back/shiny/509.png,https://raw.githubusercontent.com/PokeAPI/sprites/master/sprites/pokemon/other/official-artwork/509.png
510,liepard,dark,https://raw.githubusercontent.com/PokeAPI/sprites/master/sprites/pokemon/510.png,https://raw.githubusercontent.com/PokeAPI/sprites/master/sprites/pokemon/shiny/510.png,https://raw.githubusercontent.com/PokeAPI/sprites/master/sprites/pokemon/back/510.png,https://raw.githubusercontent.com/PokeAPI/sprites/master/sprites/pokemon/back/shiny/510.png,https://raw.githubusercontent.com/PokeAPI/sprites/master/sprites/pokemon/other/official-artwork/510.png
511,pansage,grass,https://raw.githubusercontent.com/PokeAPI/sprites/master/sprites/pokemon/511.png,https://raw.githubusercontent.com/PokeAPI/sprites/master/sprites/pokemon/shiny/511.png,https://raw.githubusercontent.com/PokeAPI/sprites/master/sprites/pokemon/back/511.png,https://raw.githubusercontent.com/PokeAPI/sprites/master/sprites/pokemon/back/shiny/511.png,https://raw.githubusercontent.com/PokeAPI/sprites/master/sprites/pokemon/other/official-artwork/511.png
512,simisage,grass,https://raw.githubusercontent.com/PokeAPI/sprites/master/sprites/pokemon/512.png,https://raw.githubusercontent.com/PokeAPI/sprites/master/sprites/pokemon/shiny/512.png,https://raw.githubusercontent.com/PokeAPI/sprites/master/sprites/pokemon/back/512.png,https://raw.githubusercontent.com/PokeAPI/sprites/master/sprites/pokemon/back/shiny/512.png,https://raw.githubusercontent.com/PokeAPI/sprites/master/sprites/pokemon/other/official-artwork/512.png
513,pansear,fire,https://raw.githubusercontent.com/PokeAPI/sprites/master/sprites/pokemon/513.png,https://raw.githubusercontent.com/PokeAPI/sprites/master/sprites/pokemon/shiny/513.png,https://raw.githubusercontent.com/PokeAPI/sprites/master/sprites/pokemon/back/513.png,https://raw.githubusercontent.com/PokeAPI/sprites/master/sprites/pokemon/back/shiny/513.png,https://raw.githubusercontent.com/PokeAPI/sprites/master/sprites/pokemon/other/official-artwork/513.png
514,simisear,fire,https://raw.githubusercontent.com/PokeAPI/sprites/master/sprites/pokemon/514.png,https://raw.githubusercontent.com/PokeAPI/sprites/master/sprites/pokemon/shiny/514.png,https://raw.githubusercontent.com/PokeAPI/sprites/master/sprites/pokemon/back/514.png,https://raw.githubusercontent.com/PokeAPI/sprites/master/sprites/pokemon/back/shiny/514.png,https://raw.githubusercontent.com/PokeAPI/sprites/master/sprites/pokemon/other/official-artwork/514.png
515,panpour,water,https://raw.githubusercontent.com/PokeAPI/sprites/master/sprites/pokemon/515.png,https://raw.githubusercontent.com/PokeAPI/sprites/master/sprites/pokemon/shiny/515.png,https://raw.githubusercontent.com/PokeAPI/sprites/master/sprites/pokemon/back/515.png,https://raw.githubusercontent.com/PokeAPI/sprites/master/sprites/pokemon/back/shiny/515.png,https://raw.githubusercontent.com/PokeAPI/sprites/master/sprites/pokemon/other/official-artwork/515.png
516,simipour,water,https://raw.githubusercontent.com/PokeAPI/sprites/master/sprites/pokemon/516.png,https://raw.githubusercontent.com/PokeAPI/sprites/master/sprites/pokemon/shiny/516.png,https://raw.githubusercontent.com/PokeAPI/sprites/master/sprites/pokemon/back/516.png,https://raw.githubusercontent.com/PokeAPI/sprites/master/sprites/pokemon/back/shiny/516.png,https://raw.githubusercontent.com/PokeAPI/sprites/master/sprites/pokemon/other/official-artwork/516.png
517,munna,psychic,https://raw.githubusercontent.com/PokeAPI/sprites/master/sprites/pokemon/517.png,https://raw.githubusercontent.com/PokeAPI/sprites/master/sprites/pokemon/shiny/517.png,https://raw.githubusercontent.com/PokeAPI/sprites/master/sprites/pokemon/back/517.png,https://raw.githubusercontent.com/PokeAPI/sprites/master/sprites/pokemon/back/shiny/517.png,https://raw.githubusercontent.com/PokeAPI/sprites/master/sprites/pokemon/other/official-artwork/517.png
518,musharna,psychic,https://raw.githubusercontent.com/PokeAPI/sprites/master/sprites/pokemon/518.png,https://raw.githubusercontent.com/PokeAPI/sprites/master/sprites/pokemon/shiny/518.png,https://raw.githubusercontent.com/PokeAPI/sprites/master/sprites/pokemon/back/518.png,https://raw.githubusercontent.com/PokeAPI/sprites/master/sprites/pokemon/back/shiny/518.png,https://raw.githubusercontent.com/PokeAPI/sprites/master/sprites/pokemon/other/official-artwork/518.png
519,pidove,"normal, flying",https://raw.githubusercontent.com/PokeAPI/sprites/master/sprites/pokemon/519.png,https://raw.githubusercontent.com/PokeAPI/sprites/master/sprites/pokemon/shiny/519.png,https://raw.githubusercontent.com/PokeAPI/sprites/master/sprites/pokemon/back/519.png,https://raw.githubusercontent.com/PokeAPI/sprites/master/sprites/pokemon/back/shiny/519.png,https://raw.githubusercontent.com/PokeAPI/sprites/master/sprites/pokemon/other/official-artwork/519.png
520,tranquill,"normal, flying",https://raw.githubusercontent.com/PokeAPI/sprites/master/sprites/pokemon/520.png,https://raw.githubusercontent.com/PokeAPI/sprites/master/sprites/pokemon/shiny/520.png,https://raw.githubusercontent.com/PokeAPI/sprites/master/sprites/pokemon/back/520.png,https://raw.githubusercontent.com/PokeAPI/sprites/master/sprites/pokemon/back/shiny/520.png,https://raw.githubusercontent.com/PokeAPI/sprites/master/sprites/pokemon/other/official-artwork/520.png
521,unfezant,"normal, flying",https://raw.githubusercontent.com/PokeAPI/sprites/master/sprites/pokemon/521.png,https://raw.githubusercontent.com/PokeAPI/sprites/master/sprites/pokemon/shiny/521.png,https://raw.githubusercontent.com/PokeAPI/sprites/master/sprites/pokemon/back/521.png,https://raw.githubusercontent.com/PokeAPI/sprites/master/sprites/pokemon/back/shiny/521.png,https://raw.githubusercontent.com/PokeAPI/sprites/master/sprites/pokemon/other/official-artwork/521.png
522,blitzle,electric,https://raw.githubusercontent.com/PokeAPI/sprites/master/sprites/pokemon/522.png,https://raw.githubusercontent.com/PokeAPI/sprites/master/sprites/pokemon/shiny/522.png,https://raw.githubusercontent.com/PokeAPI/sprites/master/sprites/pokemon/back/522.png,https://raw.githubusercontent.com/PokeAPI/sprites/master/sprites/pokemon/back/shiny/522.png,https://raw.githubusercontent.com/PokeAPI/sprites/master/sprites/pokemon/other/official-artwork/522.png
523,zebstrika,electric,https://raw.githubusercontent.com/PokeAPI/sprites/master/sprites/pokemon/523.png,https://raw.githubusercontent.com/PokeAPI/sprites/master/sprites/pokemon/shiny/523.png,https://raw.githubusercontent.com/PokeAPI/sprites/master/sprites/pokemon/back/523.png,https://raw.githubusercontent.com/PokeAPI/sprites/master/sprites/pokemon/back/shiny/523.png,https://raw.githubusercontent.com/PokeAPI/sprites/master/sprites/pokemon/other/official-artwork/523.png
524,roggenrola,rock,https://raw.githubusercontent.com/PokeAPI/sprites/master/sprites/pokemon/524.png,https://raw.githubusercontent.com/PokeAPI/sprites/master/sprites/pokemon/shiny/524.png,https://raw.githubusercontent.com/PokeAPI/sprites/master/sprites/pokemon/back/524.png,https://raw.githubusercontent.com/PokeAPI/sprites/master/sprites/pokemon/back/shiny/524.png,https://raw.githubusercontent.com/PokeAPI/sprites/master/sprites/pokemon/other/official-artwork/524.png
525,boldore,rock,https://raw.githubusercontent.com/PokeAPI/sprites/master/sprites/pokemon/525.png,https://raw.githubusercontent.com/PokeAPI/sprites/master/sprites/pokemon/shiny/525.png,https://raw.githubusercontent.com/PokeAPI/sprites/master/sprites/pokemon/back/525.png,https://raw.githubusercontent.com/PokeAPI/sprites/master/sprites/pokemon/back/shiny/525.png,https://raw.githubusercontent.com/PokeAPI/sprites/master/sprites/pokemon/other/official-artwork/525.png
526,gigalith,rock,https://raw.githubusercontent.com/PokeAPI/sprites/master/sprites/pokemon/526.png,https://raw.githubusercontent.com/PokeAPI/sprites/master/sprites/pokemon/shiny/526.png,https://raw.githubusercontent.com/PokeAPI/sprites/master/sprites/pokemon/back/526.png,https://raw.githubusercontent.com/PokeAPI/sprites/master/sprites/pokemon/back/shiny/526.png,https://raw.githubusercontent.com/PokeAPI/sprites/master/sprites/pokemon/other/official-artwork/526.png
527,woobat,"psychic, flying",https://raw.githubusercontent.com/PokeAPI/sprites/master/sprites/pokemon/527.png,https://raw.githubusercontent.com/PokeAPI/sprites/master/sprites/pokemon/shiny/527.png,https://raw.githubusercontent.com/PokeAPI/sprites/master/sprites/pokemon/back/527.png,https://raw.githubusercontent.com/PokeAPI/sprites/master/sprites/pokemon/back/shiny/527.png,https://raw.githubusercontent.com/PokeAPI/sprites/master/sprites/pokemon/other/official-artwork/527.png
528,swoobat,"psychic, flying",https://raw.githubusercontent.com/PokeAPI/sprites/master/sprites/pokemon/528.png,https://raw.githubusercontent.com/PokeAPI/sprites/master/sprites/pokemon/shiny/528.png,https://raw.githubusercontent.com/PokeAPI/sprites/master/sprites/pokemon/back/528.png,https://raw.githubusercontent.com/PokeAPI/sprites/master/sprites/pokemon/back/shiny/528.png,https://raw.githubusercontent.com/PokeAPI/sprites/master/sprites/pokemon/other/official-artwork/528.png
529,drilbur,ground,https://raw.githubusercontent.com/PokeAPI/sprites/master/sprites/pokemon/529.png,https://raw.githubusercontent.com/PokeAPI/sprites/master/sprites/pokemon/shiny/529.png,https://raw.githubusercontent.com/PokeAPI/sprites/master/sprites/pokemon/back/529.png,https://raw.githubusercontent.com/PokeAPI/sprites/master/sprites/pokemon/back/shiny/529.png,https://raw.githubusercontent.com/PokeAPI/sprites/master/sprites/pokemon/other/official-artwork/529.png
530,excadrill,"ground, steel",https://raw.githubusercontent.com/PokeAPI/sprites/master/sprites/pokemon/530.png,https://raw.githubusercontent.com/PokeAPI/sprites/master/sprites/pokemon/shiny/530.png,https://raw.githubusercontent.com/PokeAPI/sprites/master/sprites/pokemon/back/530.png,https://raw.githubusercontent.com/PokeAPI/sprites/master/sprites/pokemon/back/shiny/530.png,https://raw.githubusercontent.com/PokeAPI/sprites/master/sprites/pokemon/other/official-artwork/530.png
531,audino,normal,https://raw.githubusercontent.com/PokeAPI/sprites/master/sprites/pokemon/531.png,https://raw.githubusercontent.com/PokeAPI/sprites/master/sprites/pokemon/shiny/531.png,https://raw.githubusercontent.com/PokeAPI/sprites/master/sprites/pokemon/back/531.png,https://raw.githubusercontent.com/PokeAPI/sprites/master/sprites/pokemon/back/shiny/531.png,https://raw.githubusercontent.com/PokeAPI/sprites/master/sprites/pokemon/other/official-artwork/531.png
532,timburr,fighting,https://raw.githubusercontent.com/PokeAPI/sprites/master/sprites/pokemon/532.png,https://raw.githubusercontent.com/PokeAPI/sprites/master/sprites/pokemon/shiny/532.png,https://raw.githubusercontent.com/PokeAPI/sprites/master/sprites/pokemon/back/532.png,https://raw.githubusercontent.com/PokeAPI/sprites/master/sprites/pokemon/back/shiny/532.png,https://raw.githubusercontent.com/PokeAPI/sprites/master/sprites/pokemon/other/official-artwork/532.png
533,gurdurr,fighting,https://raw.githubusercontent.com/PokeAPI/sprites/master/sprites/pokemon/533.png,https://raw.githubusercontent.com/PokeAPI/sprites/master/sprites/pokemon/shiny/533.png,https://raw.githubusercontent.com/PokeAPI/sprites/master/sprites/pokemon/back/533.png,https://raw.githubusercontent.com/PokeAPI/sprites/master/sprites/pokemon/back/shiny/533.png,https://raw.githubusercontent.com/PokeAPI/sprites/master/sprites/pokemon/other/official-artwork/533.png
534,conkeldurr,fighting,https://raw.githubusercontent.com/PokeAPI/sprites/master/sprites/pokemon/534.png,https://raw.githubusercontent.com/PokeAPI/sprites/master/sprites/pokemon/shiny/534.png,https://raw.githubusercontent.com/PokeAPI/sprites/master/sprites/pokemon/back/534.png,https://raw.githubusercontent.com/PokeAPI/sprites/master/sprites/pokemon/back/shiny/534.png,https://raw.githubusercontent.com/PokeAPI/sprites/master/sprites/pokemon/other/official-artwork/534.png
535,tympole,water,https://raw.githubusercontent.com/PokeAPI/sprites/master/sprites/pokemon/535.png,https://raw.githubusercontent.com/PokeAPI/sprites/master/sprites/pokemon/shiny/535.png,https://raw.githubusercontent.com/PokeAPI/sprites/master/sprites/pokemon/back/535.png,https://raw.githubusercontent.com/PokeAPI/sprites/master/sprites/pokemon/back/shiny/535.png,https://raw.githubusercontent.com/PokeAPI/sprites/master/sprites/pokemon/other/official-artwork/535.png
536,palpitoad,"water, ground",https://raw.githubusercontent.com/PokeAPI/sprites/master/sprites/pokemon/536.png,https://raw.githubusercontent.com/PokeAPI/sprites/master/sprites/pokemon/shiny/536.png,https://raw.githubusercontent.com/PokeAPI/sprites/master/sprites/pokemon/back/536.png,https://raw.githubusercontent.com/PokeAPI/sprites/master/sprites/pokemon/back/shiny/536.png,https://raw.githubusercontent.com/PokeAPI/sprites/master/sprites/pokemon/other/official-artwork/536.png
537,seismitoad,"water, ground",https://raw.githubusercontent.com/PokeAPI/sprites/master/sprites/pokemon/537.png,https://raw.githubusercontent.com/PokeAPI/sprites/master/sprites/pokemon/shiny/537.png,https://raw.githubusercontent.com/PokeAPI/sprites/master/sprites/pokemon/back/537.png,https://raw.githubusercontent.com/PokeAPI/sprites/master/sprites/pokemon/back/shiny/537.png,https://raw.githubusercontent.com/PokeAPI/sprites/master/sprites/pokemon/other/official-artwork/537.png
538,throh,fighting,https://raw.githubusercontent.com/PokeAPI/sprites/master/sprites/pokemon/538.png,https://raw.githubusercontent.com/PokeAPI/sprites/master/sprites/pokemon/shiny/538.png,https://raw.githubusercontent.com/PokeAPI/sprites/master/sprites/pokemon/back/538.png,https://raw.githubusercontent.com/PokeAPI/sprites/master/sprites/pokemon/back/shiny/538.png,https://raw.githubusercontent.com/PokeAPI/sprites/master/sprites/pokemon/other/official-artwork/538.png
539,sawk,fighting,https://raw.githubusercontent.com/PokeAPI/sprites/master/sprites/pokemon/539.png,https://raw.githubusercontent.com/PokeAPI/sprites/master/sprites/pokemon/shiny/539.png,https://raw.githubusercontent.com/PokeAPI/sprites/master/sprites/pokemon/back/539.png,https://raw.githubusercontent.com/PokeAPI/sprites/master/sprites/pokemon/back/shiny/539.png,https://raw.githubusercontent.com/PokeAPI/sprites/master/sprites/pokemon/other/official-artwork/539.png
540,sewaddle,"bug, grass",https://raw.githubusercontent.com/PokeAPI/sprites/master/sprites/pokemon/540.png,https://raw.githubusercontent.com/PokeAPI/sprites/master/sprites/pokemon/shiny/540.png,https://raw.githubusercontent.com/PokeAPI/sprites/master/sprites/pokemon/back/540.png,https://raw.githubusercontent.com/PokeAPI/sprites/master/sprites/pokemon/back/shiny/540.png,https://raw.githubusercontent.com/PokeAPI/sprites/master/sprites/pokemon/other/official-artwork/540.png
541,swadloon,"bug, grass",https://raw.githubusercontent.com/PokeAPI/sprites/master/sprites/pokemon/541.png,https://raw.githubusercontent.com/PokeAPI/sprites/master/sprites/pokemon/shiny/541.png,https://raw.githubusercontent.com/PokeAPI/sprites/master/sprites/pokemon/back/541.png,https://raw.githubusercontent.com/PokeAPI/sprites/master/sprites/pokemon/back/shiny/541.png,https://raw.githubusercontent.com/PokeAPI/sprites/master/sprites/pokemon/other/official-artwork/541.png
542,leavanny,"bug, grass",https://raw.githubusercontent.com/PokeAPI/sprites/master/sprites/pokemon/542.png,https://raw.githubusercontent.com/PokeAPI/sprites/master/sprites/pokemon/shiny/542.png,https://raw.githubusercontent.com/PokeAPI/sprites/master/sprites/pokemon/back/542.png,https://raw.githubusercontent.com/PokeAPI/sprites/master/sprites/pokemon/back/shiny/542.png,https://raw.githubusercontent.com/PokeAPI/sprites/master/sprites/pokemon/other/official-artwork/542.png
543,venipede,"bug, poison",https://raw.githubusercontent.com/PokeAPI/sprites/master/sprites/pokemon/543.png,https://raw.githubusercontent.com/PokeAPI/sprites/master/sprites/pokemon/shiny/543.png,https://raw.githubusercontent.com/PokeAPI/sprites/master/sprites/pokemon/back/543.png,https://raw.githubusercontent.com/PokeAPI/sprites/master/sprites/pokemon/back/shiny/543.png,https://raw.githubusercontent.com/PokeAPI/sprites/master/sprites/pokemon/other/official-artwork/543.png
544,whirlipede,"bug, poison",https://raw.githubusercontent.com/PokeAPI/sprites/master/sprites/pokemon/544.png,https://raw.githubusercontent.com/PokeAPI/sprites/master/sprites/pokemon/shiny/544.png,https://raw.githubusercontent.com/PokeAPI/sprites/master/sprites/pokemon/back/544.png,https://raw.githubusercontent.com/PokeAPI/sprites/master/sprites/pokemon/back/shiny/544.png,https://raw.githubusercontent.com/PokeAPI/sprites/master/sprites/pokemon/other/official-artwork/544.png
545,scolipede,"bug, poison",https://raw.githubusercontent.com/PokeAPI/sprites/master/sprites/pokemon/545.png,https://raw.githubusercontent.com/PokeAPI/sprites/master/sprites/pokemon/shiny/545.png,https://raw.githubusercontent.com/PokeAPI/sprites/master/sprites/pokemon/back/545.png,https://raw.githubusercontent.com/PokeAPI/sprites/master/sprites/pokemon/back/shiny/545.png,https://raw.githubusercontent.com/PokeAPI/sprites/master/sprites/pokemon/other/official-artwork/545.png
546,cottonee,"grass, fairy",https://raw.githubusercontent.com/PokeAPI/sprites/master/sprites/pokemon/546.png,https://raw.githubusercontent.com/PokeAPI/sprites/master/sprites/pokemon/shiny/546.png,https://raw.githubusercontent.com/PokeAPI/sprites/master/sprites/pokemon/back/546.png,https://raw.githubusercontent.com/PokeAPI/sprites/master/sprites/pokemon/back/shiny/546.png,https://raw.githubusercontent.com/PokeAPI/sprites/master/sprites/pokemon/other/official-artwork/546.png
547,whimsicott,"grass, fairy",https://raw.githubusercontent.com/PokeAPI/sprites/master/sprites/pokemon/547.png,https://raw.githubusercontent.com/PokeAPI/sprites/master/sprites/pokemon/shiny/547.png,https://raw.githubusercontent.com/PokeAPI/sprites/master/sprites/pokemon/back/547.png,https://raw.githubusercontent.com/PokeAPI/sprites/master/sprites/pokemon/back/shiny/547.png,https://raw.githubusercontent.com/PokeAPI/sprites/master/sprites/pokemon/other/official-artwork/547.png
548,petilil,grass,https://raw.githubusercontent.com/PokeAPI/sprites/master/sprites/pokemon/548.png,https://raw.githubusercontent.com/PokeAPI/sprites/master/sprites/pokemon/shiny/548.png,https://raw.githubusercontent.com/PokeAPI/sprites/master/sprites/pokemon/back/548.png,https://raw.githubusercontent.com/PokeAPI/sprites/master/sprites/pokemon/back/shiny/548.png,https://raw.githubusercontent.com/PokeAPI/sprites/master/sprites/pokemon/other/official-artwork/548.png
549,lilligant,grass,https://raw.githubusercontent.com/PokeAPI/sprites/master/sprites/pokemon/549.png,https://raw.githubusercontent.com/PokeAPI/sprites/master/sprites/pokemon/shiny/549.png,https://raw.githubusercontent.com/PokeAPI/sprites/master/sprites/pokemon/back/549.png,https://raw.githubusercontent.com/PokeAPI/sprites/master/sprites/pokemon/back/shiny/549.png,https://raw.githubusercontent.com/PokeAPI/sprites/master/sprites/pokemon/other/official-artwork/549.png
550,basculin-red-striped,water,https://raw.githubusercontent.com/PokeAPI/sprites/master/sprites/pokemon/550.png,https://raw.githubusercontent.com/PokeAPI/sprites/master/sprites/pokemon/shiny/550.png,https://raw.githubusercontent.com/PokeAPI/sprites/master/sprites/pokemon/back/550.png,https://raw.githubusercontent.com/PokeAPI/sprites/master/sprites/pokemon/back/shiny/550.png,https://raw.githubusercontent.com/PokeAPI/sprites/master/sprites/pokemon/other/official-artwork/550.png
551,sandile,"ground, dark",https://raw.githubusercontent.com/PokeAPI/sprites/master/sprites/pokemon/551.png,https://raw.githubusercontent.com/PokeAPI/sprites/master/sprites/pokemon/shiny/551.png,https://raw.githubusercontent.com/PokeAPI/sprites/master/sprites/pokemon/back/551.png,https://raw.githubusercontent.com/PokeAPI/sprites/master/sprites/pokemon/back/shiny/551.png,https://raw.githubusercontent.com/PokeAPI/sprites/master/sprites/pokemon/other/official-artwork/551.png
552,krokorok,"ground, dark",https://raw.githubusercontent.com/PokeAPI/sprites/master/sprites/pokemon/552.png,https://raw.githubusercontent.com/PokeAPI/sprites/master/sprites/pokemon/shiny/552.png,https://raw.githubusercontent.com/PokeAPI/sprites/master/sprites/pokemon/back/552.png,https://raw.githubusercontent.com/PokeAPI/sprites/master/sprites/pokemon/back/shiny/552.png,https://raw.githubusercontent.com/PokeAPI/sprites/master/sprites/pokemon/other/official-artwork/552.png
553,krookodile,"ground, dark",https://raw.githubusercontent.com/PokeAPI/sprites/master/sprites/pokemon/553.png,https://raw.githubusercontent.com/PokeAPI/sprites/master/sprites/pokemon/shiny/553.png,https://raw.githubusercontent.com/PokeAPI/sprites/master/sprites/pokemon/back/553.png,https://raw.githubusercontent.com/PokeAPI/sprites/master/sprites/pokemon/back/shiny/553.png,https://raw.githubusercontent.com/PokeAPI/sprites/master/sprites/pokemon/other/official-artwork/553.png
554,darumaka,fire,https://raw.githubusercontent.com/PokeAPI/sprites/master/sprites/pokemon/554.png,https://raw.githubusercontent.com/PokeAPI/sprites/master/sprites/pokemon/shiny/554.png,https://raw.githubusercontent.com/PokeAPI/sprites/master/sprites/pokemon/back/554.png,https://raw.githubusercontent.com/PokeAPI/sprites/master/sprites/pokemon/back/shiny/554.png,https://raw.githubusercontent.com/PokeAPI/sprites/master/sprites/pokemon/other/official-artwork/554.png
555,darmanitan-standard,fire,https://raw.githubusercontent.com/PokeAPI/sprites/master/sprites/pokemon/555.png,https://raw.githubusercontent.com/PokeAPI/sprites/master/sprites/pokemon/shiny/555.png,https://raw.githubusercontent.com/PokeAPI/sprites/master/sprites/pokemon/back/555.png,https://raw.githubusercontent.com/PokeAPI/sprites/master/sprites/pokemon/back/shiny/555.png,https://raw.githubusercontent.com/PokeAPI/sprites/master/sprites/pokemon/other/official-artwork/555.png
556,maractus,grass,https://raw.githubusercontent.com/PokeAPI/sprites/master/sprites/pokemon/556.png,https://raw.githubusercontent.com/PokeAPI/sprites/master/sprites/pokemon/shiny/556.png,https://raw.githubusercontent.com/PokeAPI/sprites/master/sprites/pokemon/back/556.png,https://raw.githubusercontent.com/PokeAPI/sprites/master/sprites/pokemon/back/shiny/556.png,https://raw.githubusercontent.com/PokeAPI/sprites/master/sprites/pokemon/other/official-artwork/556.png
557,dwebble,"bug, rock",https://raw.githubusercontent.com/PokeAPI/sprites/master/sprites/pokemon/557.png,https://raw.githubusercontent.com/PokeAPI/sprites/master/sprites/pokemon/shiny/557.png,https://raw.githubusercontent.com/PokeAPI/sprites/master/sprites/pokemon/back/557.png,https://raw.githubusercontent.com/PokeAPI/sprites/master/sprites/pokemon/back/shiny/557.png,https://raw.githubusercontent.com/PokeAPI/sprites/master/sprites/pokemon/other/official-artwork/557.png
558,crustle,"bug, rock",https://raw.githubusercontent.com/PokeAPI/sprites/master/sprites/pokemon/558.png,https://raw.githubusercontent.com/PokeAPI/sprites/master/sprites/pokemon/shiny/558.png,https://raw.githubusercontent.com/PokeAPI/sprites/master/sprites/pokemon/back/558.png,https://raw.githubusercontent.com/PokeAPI/sprites/master/sprites/pokemon/back/shiny/558.png,https://raw.githubusercontent.com/PokeAPI/sprites/master/sprites/pokemon/other/official-artwork/558.png
559,scraggy,"dark, fighting",https://raw.githubusercontent.com/PokeAPI/sprites/master/sprites/pokemon/559.png,https://raw.githubusercontent.com/PokeAPI/sprites/master/sprites/pokemon/shiny/559.png,https://raw.githubusercontent.com/PokeAPI/sprites/master/sprites/pokemon/back/559.png,https://raw.githubusercontent.com/PokeAPI/sprites/master/sprites/pokemon/back/shiny/559.png,https://raw.githubusercontent.com/PokeAPI/sprites/master/sprites/pokemon/other/official-artwork/559.png
560,scrafty,"dark, fighting",https://raw.githubusercontent.com/PokeAPI/sprites/master/sprites/pokemon/560.png,https://raw.githubusercontent.com/PokeAPI/sprites/master/sprites/pokemon/shiny/560.png,https://raw.githubusercontent.com/PokeAPI/sprites/master/sprites/pokemon/back/560.png,https://raw.githubusercontent.com/PokeAPI/sprites/master/sprites/pokemon/back/shiny/560.png,https://raw.githubusercontent.com/PokeAPI/sprites/master/sprites/pokemon/other/official-artwork/560.png
561,sigilyph,"psychic, flying",https://raw.githubusercontent.com/PokeAPI/sprites/master/sprites/pokemon/561.png,https://raw.githubusercontent.com/PokeAPI/sprites/master/sprites/pokemon/shiny/561.png,https://raw.githubusercontent.com/PokeAPI/sprites/master/sprites/pokemon/back/561.png,https://raw.githubusercontent.com/PokeAPI/sprites/master/sprites/pokemon/back/shiny/561.png,https://raw.githubusercontent.com/PokeAPI/sprites/master/sprites/pokemon/other/official-artwork/561.png
562,yamask,ghost,https://raw.githubusercontent.com/PokeAPI/sprites/master/sprites/pokemon/562.png,https://raw.githubusercontent.com/PokeAPI/sprites/master/sprites/pokemon/shiny/562.png,https://raw.githubusercontent.com/PokeAPI/sprites/master/sprites/pokemon/back/562.png,https://raw.githubusercontent.com/PokeAPI/sprites/master/sprites/pokemon/back/shiny/562.png,https://raw.githubusercontent.com/PokeAPI/sprites/master/sprites/pokemon/other/official-artwork/562.png
563,cofagrigus,ghost,https://raw.githubusercontent.com/PokeAPI/sprites/master/sprites/pokemon/563.png,https://raw.githubusercontent.com/PokeAPI/sprites/master/sprites/pokemon/shiny/563.png,https://raw.githubusercontent.com/PokeAPI/sprites/master/sprites/pokemon/back/563.png,https://raw.githubusercontent.com/PokeAPI/sprites/master/sprites/pokemon/back/shiny/563.png,https://raw.githubusercontent.com/PokeAPI/sprites/master/sprites/pokemon/other/official-artwork/563.png
564,tirtouga,"water, rock",https://raw.githubusercontent.com/PokeAPI/sprites/master/sprites/pokemon/564.png,https://raw.githubusercontent.com/PokeAPI/sprites/master/sprites/pokemon/shiny/564.png,https://raw.githubusercontent.com/PokeAPI/sprites/master/sprites/pokemon/back/564.png,https://raw.githubusercontent.com/PokeAPI/sprites/master/sprites/pokemon/back/shiny/564.png,https://raw.githubusercontent.com/PokeAPI/sprites/master/sprites/pokemon/other/official-artwork/564.png
565,carracosta,"water, rock",https://raw.githubusercontent.com/PokeAPI/sprites/master/sprites/pokemon/565.png,https://raw.githubusercontent.com/PokeAPI/sprites/master/sprites/pokemon/shiny/565.png,https://raw.githubusercontent.com/PokeAPI/sprites/master/sprites/pokemon/back/565.png,https://raw.githubusercontent.com/PokeAPI/sprites/master/sprites/pokemon/back/shiny/565.png,https://raw.githubusercontent.com/PokeAPI/sprites/master/sprites/pokemon/other/official-artwork/565.png
566,archen,"rock, flying",https://raw.githubusercontent.com/PokeAPI/sprites/master/sprites/pokemon/566.png,https://raw.githubusercontent.com/PokeAPI/sprites/master/sprites/pokemon/shiny/566.png,https://raw.githubusercontent.com/PokeAPI/sprites/master/sprites/pokemon/back/566.png,https://raw.githubusercontent.com/PokeAPI/sprites/master/sprites/pokemon/back/shiny/566.png,https://raw.githubusercontent.com/PokeAPI/sprites/master/sprites/pokemon/other/official-artwork/566.png
567,archeops,"rock, flying",https://raw.githubusercontent.com/PokeAPI/sprites/master/sprites/pokemon/567.png,https://raw.githubusercontent.com/PokeAPI/sprites/master/sprites/pokemon/shiny/567.png,https://raw.githubusercontent.com/PokeAPI/sprites/master/sprites/pokemon/back/567.png,https://raw.githubusercontent.com/PokeAPI/sprites/master/sprites/pokemon/back/shiny/567.png,https://raw.githubusercontent.com/PokeAPI/sprites/master/sprites/pokemon/other/official-artwork/567.png
568,trubbish,poison,https://raw.githubusercontent.com/PokeAPI/sprites/master/sprites/pokemon/568.png,https://raw.githubusercontent.com/PokeAPI/sprites/master/sprites/pokemon/shiny/568.png,https://raw.githubusercontent.com/PokeAPI/sprites/master/sprites/pokemon/back/568.png,https://raw.githubusercontent.com/PokeAPI/sprites/master/sprites/pokemon/back/shiny/568.png,https://raw.githubusercontent.com/PokeAPI/sprites/master/sprites/pokemon/other/official-artwork/568.png
569,garbodor,poison,https://raw.githubusercontent.com/PokeAPI/sprites/master/sprites/pokemon/569.png,https://raw.githubusercontent.com/PokeAPI/sprites/master/sprites/pokemon/shiny/569.png,https://raw.githubusercontent.com/PokeAPI/sprites/master/sprites/pokemon/back/569.png,https://raw.githubusercontent.com/PokeAPI/sprites/master/sprites/pokemon/back/shiny/569.png,https://raw.githubusercontent.com/PokeAPI/sprites/master/sprites/pokemon/other/official-artwork/569.png
570,zorua,dark,https://raw.githubusercontent.com/PokeAPI/sprites/master/sprites/pokemon/570.png,https://raw.githubusercontent.com/PokeAPI/sprites/master/sprites/pokemon/shiny/570.png,https://raw.githubusercontent.com/PokeAPI/sprites/master/sprites/pokemon/back/570.png,https://raw.githubusercontent.com/PokeAPI/sprites/master/sprites/pokemon/back/shiny/570.png,https://raw.githubusercontent.com/PokeAPI/sprites/master/sprites/pokemon/other/official-artwork/570.png
571,zoroark,dark,https://raw.githubusercontent.com/PokeAPI/sprites/master/sprites/pokemon/571.png,https://raw.githubusercontent.com/PokeAPI/sprites/master/sprites/pokemon/shiny/571.png,https://raw.githubusercontent.com/PokeAPI/sprites/master/sprites/pokemon/back/571.png,https://raw.githubusercontent.com/PokeAPI/sprites/master/sprites/pokemon/back/shiny/571.png,https://raw.githubusercontent.com/PokeAPI/sprites/master/sprites/pokemon/other/official-artwork/571.png
572,minccino,normal,https://raw.githubusercontent.com/PokeAPI/sprites/master/sprites/pokemon/572.png,https://raw.githubusercontent.com/PokeAPI/sprites/master/sprites/pokemon/shiny/572.png,https://raw.githubusercontent.com/PokeAPI/sprites/master/sprites/pokemon/back/572.png,https://raw.githubusercontent.com/PokeAPI/sprites/master/sprites/pokemon/back/shiny/572.png,https://raw.githubusercontent.com/PokeAPI/sprites/master/sprites/pokemon/other/official-artwork/572.png
573,cinccino,normal,https://raw.githubusercontent.com/PokeAPI/sprites/master/sprites/pokemon/573.png,https://raw.githubusercontent.com/PokeAPI/sprites/master/sprites/pokemon/shiny/573.png,https://raw.githubusercontent.com/PokeAPI/sprites/master/sprites/pokemon/back/573.png,https://raw.githubusercontent.com/PokeAPI/sprites/master/sprites/pokemon/back/shiny/573.png,https://raw.githubusercontent.com/PokeAPI/sprites/master/sprites/pokemon/other/official-artwork/573.png
574,gothita,psychic,https://raw.githubusercontent.com/PokeAPI/sprites/master/sprites/pokemon/574.png,https://raw.githubusercontent.com/PokeAPI/sprites/master/sprites/pokemon/shiny/574.png,https://raw.githubusercontent.com/PokeAPI/sprites/master/sprites/pokemon/back/574.png,https://raw.githubusercontent.com/PokeAPI/sprites/master/sprites/pokemon/back/shiny/574.png,https://raw.githubusercontent.com/PokeAPI/sprites/master/sprites/pokemon/other/official-artwork/574.png
575,gothorita,psychic,https://raw.githubusercontent.com/PokeAPI/sprites/master/sprites/pokemon/575.png,https://raw.githubusercontent.com/PokeAPI/sprites/master/sprites/pokemon/shiny/575.png,https://raw.githubusercontent.com/PokeAPI/sprites/master/sprites/pokemon/back/575.png,https://raw.githubusercontent.com/PokeAPI/sprites/master/sprites/pokemon/back/shiny/575.png,https://raw.githubusercontent.com/PokeAPI/sprites/master/sprites/pokemon/other/official-artwork/575.png
576,gothitelle,psychic,https://raw.githubusercontent.com/PokeAPI/sprites/master/sprites/pokemon/576.png,https://raw.githubusercontent.com/PokeAPI/sprites/master/sprites/pokemon/shiny/576.png,https://raw.githubusercontent.com/PokeAPI/sprites/master/sprites/pokemon/back/576.png,https://raw.githubusercontent.com/PokeAPI/sprites/master/sprites/pokemon/back/shiny/576.png,https://raw.githubusercontent.com/PokeAPI/sprites/master/sprites/pokemon/other/official-artwork/576.png
577,solosis,psychic,https://raw.githubusercontent.com/PokeAPI/sprites/master/sprites/pokemon/577.png,https://raw.githubusercontent.com/PokeAPI/sprites/master/sprites/pokemon/shiny/577.png,https://raw.githubusercontent.com/PokeAPI/sprites/master/sprites/pokemon/back/577.png,https://raw.githubusercontent.com/PokeAPI/sprites/master/sprites/pokemon/back/shiny/577.png,https://raw.githubusercontent.com/PokeAPI/sprites/master/sprites/pokemon/other/official-artwork/577.png
578,duosion,psychic,https://raw.githubusercontent.com/PokeAPI/sprites/master/sprites/pokemon/578.png,https://raw.githubusercontent.com/PokeAPI/sprites/master/sprites/pokemon/shiny/578.png,https://raw.githubusercontent.com/PokeAPI/sprites/master/sprites/pokemon/back/578.png,https://raw.githubusercontent.com/PokeAPI/sprites/master/sprites/pokemon/back/shiny/578.png,https://raw.githubusercontent.com/PokeAPI/sprites/master/sprites/pokemon/other/official-artwork/578.png
579,reuniclus,psychic,https://raw.githubusercontent.com/PokeAPI/sprites/master/sprites/pokemon/579.png,https://raw.githubusercontent.com/PokeAPI/sprites/master/sprites/pokemon/shiny/579.png,https://raw.githubusercontent.com/PokeAPI/sprites/master/sprites/pokemon/back/579.png,https://raw.githubusercontent.com/PokeAPI/sprites/master/sprites/pokemon/back/shiny/579.png,https://raw.githubusercontent.com/PokeAPI/sprites/master/sprites/pokemon/other/official-artwork/579.png
580,ducklett,"water, flying",https://raw.githubusercontent.com/PokeAPI/sprites/master/sprites/pokemon/580.png,https://raw.githubusercontent.com/PokeAPI/sprites/master/sprites/pokemon/shiny/580.png,https://raw.githubusercontent.com/PokeAPI/sprites/master/sprites/pokemon/back/580.png,https://raw.githubusercontent.com/PokeAPI/sprites/master/sprites/pokemon/back/shiny/580.png,https://raw.githubusercontent.com/PokeAPI/sprites/master/sprites/pokemon/other/official-artwork/580.png
581,swanna,"water, flying",https://raw.githubusercontent.com/PokeAPI/sprites/master/sprites/pokemon/581.png,https://raw.githubusercontent.com/PokeAPI/sprites/master/sprites/pokemon/shiny/581.png,https://raw.githubusercontent.com/PokeAPI/sprites/master/sprites/pokemon/back/581.png,https://raw.githubusercontent.com/PokeAPI/sprites/master/sprites/pokemon/back/shiny/581.png,https://raw.githubusercontent.com/PokeAPI/sprites/master/sprites/pokemon/other/official-artwork/581.png
582,vanillite,ice,https://raw.githubusercontent.com/PokeAPI/sprites/master/sprites/pokemon/582.png,https://raw.githubusercontent.com/PokeAPI/sprites/master/sprites/pokemon/shiny/582.png,https://raw.githubusercontent.com/PokeAPI/sprites/master/sprites/pokemon/back/582.png,https://raw.githubusercontent.com/PokeAPI/sprites/master/sprites/pokemon/back/shiny/582.png,https://raw.githubusercontent.com/PokeAPI/sprites/master/sprites/pokemon/other/official-artwork/582.png
583,vanillish,ice,https://raw.githubusercontent.com/PokeAPI/sprites/master/sprites/pokemon/583.png,https://raw.githubusercontent.com/PokeAPI/sprites/master/sprites/pokemon/shiny/583.png,https://raw.githubusercontent.com/PokeAPI/sprites/master/sprites/pokemon/back/583.png,https://raw.githubusercontent.com/PokeAPI/sprites/master/sprites/pokemon/back/shiny/583.png,https://raw.githubusercontent.com/PokeAPI/sprites/master/sprites/pokemon/other/official-artwork/583.png
584,vanilluxe,ice,https://raw.githubusercontent.com/PokeAPI/sprites/master/sprites/pokemon/584.png,https://raw.githubusercontent.com/PokeAPI/sprites/master/sprites/pokemon/shiny/584.png,https://raw.githubusercontent.com/PokeAPI/sprites/master/sprites/pokemon/back/584.png,https://raw.githubusercontent.com/PokeAPI/sprites/master/sprites/pokemon/back/shiny/584.png,https://raw.githubusercontent.com/PokeAPI/sprites/master/sprites/pokemon/other/official-artwork/584.png
585,deerling,"normal, grass",https://raw.githubusercontent.com/PokeAPI/sprites/master/sprites/pokemon/585.png,https://raw.githubusercontent.com/PokeAPI/sprites/master/sprites/pokemon/shiny/585.png,https://raw.githubusercontent.com/PokeAPI/sprites/master/sprites/pokemon/back/585.png,https://raw.githubusercontent.com/PokeAPI/sprites/master/sprites/pokemon/back/shiny/585.png,https://raw.githubusercontent.com/PokeAPI/sprites/master/sprites/pokemon/other/official-artwork/585.png
586,sawsbuck,"normal, grass",https://raw.githubusercontent.com/PokeAPI/sprites/master/sprites/pokemon/586.png,https://raw.githubusercontent.com/PokeAPI/sprites/master/sprites/pokemon/shiny/586.png,https://raw.githubusercontent.com/PokeAPI/sprites/master/sprites/pokemon/back/586.png,https://raw.githubusercontent.com/PokeAPI/sprites/master/sprites/pokemon/back/shiny/586.png,https://raw.githubusercontent.com/PokeAPI/sprites/master/sprites/pokemon/other/official-artwork/586.png
587,emolga,"electric, flying",https://raw.githubusercontent.com/PokeAPI/sprites/master/sprites/pokemon/587.png,https://raw.githubusercontent.com/PokeAPI/sprites/master/sprites/pokemon/shiny/587.png,https://raw.githubusercontent.com/PokeAPI/sprites/master/sprites/pokemon/back/587.png,https://raw.githubusercontent.com/PokeAPI/sprites/master/sprites/pokemon/back/shiny/587.png,https://raw.githubusercontent.com/PokeAPI/sprites/master/sprites/pokemon/other/official-artwork/587.png
588,karrablast,bug,https://raw.githubusercontent.com/PokeAPI/sprites/master/sprites/pokemon/588.png,https://raw.githubusercontent.com/PokeAPI/sprites/master/sprites/pokemon/shiny/588.png,https://raw.githubusercontent.com/PokeAPI/sprites/master/sprites/pokemon/back/588.png,https://raw.githubusercontent.com/PokeAPI/sprites/master/sprites/pokemon/back/shiny/588.png,https://raw.githubusercontent.com/PokeAPI/sprites/master/sprites/pokemon/other/official-artwork/588.png
589,escavalier,"bug, steel",https://raw.githubusercontent.com/PokeAPI/sprites/master/sprites/pokemon/589.png,https://raw.githubusercontent.com/PokeAPI/sprites/master/sprites/pokemon/shiny/589.png,https://raw.githubusercontent.com/PokeAPI/sprites/master/sprites/pokemon/back/589.png,https://raw.githubusercontent.com/PokeAPI/sprites/master/sprites/pokemon/back/shiny/589.png,https://raw.githubusercontent.com/PokeAPI/sprites/master/sprites/pokemon/other/official-artwork/589.png
590,foongus,"grass, poison",https://raw.githubusercontent.com/PokeAPI/sprites/master/sprites/pokemon/590.png,https://raw.githubusercontent.com/PokeAPI/sprites/master/sprites/pokemon/shiny/590.png,https://raw.githubusercontent.com/PokeAPI/sprites/master/sprites/pokemon/back/590.png,https://raw.githubusercontent.com/PokeAPI/sprites/master/sprites/pokemon/back/shiny/590.png,https://raw.githubusercontent.com/PokeAPI/sprites/master/sprites/pokemon/other/official-artwork/590.png
591,amoonguss,"grass, poison",https://raw.githubusercontent.com/PokeAPI/sprites/master/sprites/pokemon/591.png,https://raw.githubusercontent.com/PokeAPI/sprites/master/sprites/pokemon/shiny/591.png,https://raw.githubusercontent.com/PokeAPI/sprites/master/sprites/pokemon/back/591.png,https://raw.githubusercontent.com/PokeAPI/sprites/master/sprites/pokemon/back/shiny/591.png,https://raw.githubusercontent.com/PokeAPI/sprites/master/sprites/pokemon/other/official-artwork/591.png
592,frillish,"water, ghost",https://raw.githubusercontent.com/PokeAPI/sprites/master/sprites/pokemon/592.png,https://raw.githubusercontent.com/PokeAPI/sprites/master/sprites/pokemon/shiny/592.png,https://raw.githubusercontent.com/PokeAPI/sprites/master/sprites/pokemon/back/592.png,https://raw.githubusercontent.com/PokeAPI/sprites/master/sprites/pokemon/back/shiny/592.png,https://raw.githubusercontent.com/PokeAPI/sprites/master/sprites/pokemon/other/official-artwork/592.png
593,jellicent,"water, ghost",https://raw.githubusercontent.com/PokeAPI/sprites/master/sprites/pokemon/593.png,https://raw.githubusercontent.com/PokeAPI/sprites/master/sprites/pokemon/shiny/593.png,https://raw.githubusercontent.com/PokeAPI/sprites/master/sprites/pokemon/back/593.png,https://raw.githubusercontent.com/PokeAPI/sprites/master/sprites/pokemon/back/shiny/593.png,https://raw.githubusercontent.com/PokeAPI/sprites/master/sprites/pokemon/other/official-artwork/593.png
594,alomomola,water,https://raw.githubusercontent.com/PokeAPI/sprites/master/sprites/pokemon/594.png,https://raw.githubusercontent.com/PokeAPI/sprites/master/sprites/pokemon/shiny/594.png,https://raw.githubusercontent.com/PokeAPI/sprites/master/sprites/pokemon/back/594.png,https://raw.githubusercontent.com/PokeAPI/sprites/master/sprites/pokemon/back/shiny/594.png,https://raw.githubusercontent.com/PokeAPI/sprites/master/sprites/pokemon/other/official-artwork/594.png
595,joltik,"bug, electric",https://raw.githubusercontent.com/PokeAPI/sprites/master/sprites/pokemon/595.png,https://raw.githubusercontent.com/PokeAPI/sprites/master/sprites/pokemon/shiny/595.png,https://raw.githubusercontent.com/PokeAPI/sprites/master/sprites/pokemon/back/595.png,https://raw.githubusercontent.com/PokeAPI/sprites/master/sprites/pokemon/back/shiny/595.png,https://raw.githubusercontent.com/PokeAPI/sprites/master/sprites/pokemon/other/official-artwork/595.png
596,galvantula,"bug, electric",https://raw.githubusercontent.com/PokeAPI/sprites/master/sprites/pokemon/596.png,https://raw.githubusercontent.com/PokeAPI/sprites/master/sprites/pokemon/shiny/596.png,https://raw.githubusercontent.com/PokeAPI/sprites/master/sprites/pokemon/back/596.png,https://raw.githubusercontent.com/PokeAPI/sprites/master/sprites/pokemon/back/shiny/596.png,https://raw.githubusercontent.com/PokeAPI/sprites/master/sprites/pokemon/other/official-artwork/596.png
597,ferroseed,"grass, steel",https://raw.githubusercontent.com/PokeAPI/sprites/master/sprites/pokemon/597.png,https://raw.githubusercontent.com/PokeAPI/sprites/master/sprites/pokemon/shiny/597.png,https://raw.githubusercontent.com/PokeAPI/sprites/master/sprites/pokemon/back/597.png,https://raw.githubusercontent.com/PokeAPI/sprites/master/sprites/pokemon/back/shiny/597.png,https://raw.githubusercontent.com/PokeAPI/sprites/master/sprites/pokemon/other/official-artwork/597.png
598,ferrothorn,"grass, steel",https://raw.githubusercontent.com/PokeAPI/sprites/master/sprites/pokemon/598.png,https://raw.githubusercontent.com/PokeAPI/sprites/master/sprites/pokemon/shiny/598.png,https://raw.githubusercontent.com/PokeAPI/sprites/master/sprites/pokemon/back/598.png,https://raw.githubusercontent.com/PokeAPI/sprites/master/sprites/pokemon/back/shiny/598.png,https://raw.githubusercontent.com/PokeAPI/sprites/master/sprites/pokemon/other/official-artwork/598.png
599,klink,steel,https://raw.githubusercontent.com/PokeAPI/sprites/master/sprites/pokemon/599.png,https://raw.githubusercontent.com/PokeAPI/sprites/master/sprites/pokemon/shiny/599.png,https://raw.githubusercontent.com/PokeAPI/sprites/master/sprites/pokemon/back/599.png,https://raw.githubusercontent.com/PokeAPI/sprites/master/sprites/pokemon/back/shiny/599.png,https://raw.githubusercontent.com/PokeAPI/sprites/master/sprites/pokemon/other/official-artwork/599.png
600,klang,steel,https://raw.githubusercontent.com/PokeAPI/sprites/master/sprites/pokemon/600.png,https://raw.githubusercontent.com/PokeAPI/sprites/master/sprites/pokemon/shiny/600.png,https://raw.githubusercontent.com/PokeAPI/sprites/master/sprites/pokemon/back/600.png,https://raw.githubusercontent.com/PokeAPI/sprites/master/sprites/pokemon/back/shiny/600.png,https://raw.githubusercontent.com/PokeAPI/sprites/master/sprites/pokemon/other/official-artwork/600.png
601,klinklang,steel,https://raw.githubusercontent.com/PokeAPI/sprites/master/sprites/pokemon/601.png,https://raw.githubusercontent.com/PokeAPI/sprites/master/sprites/pokemon/shiny/601.png,https://raw.githubusercontent.com/PokeAPI/sprites/master/sprites/pokemon/back/601.png,https://raw.githubusercontent.com/PokeAPI/sprites/master/sprites/pokemon/back/shiny/601.png,https://raw.githubusercontent.com/PokeAPI/sprites/master/sprites/pokemon/other/official-artwork/601.png
602,tynamo,electric,https://raw.githubusercontent.com/PokeAPI/sprites/master/sprites/pokemon/602.png,https://raw.githubusercontent.com/PokeAPI/sprites/master/sprites/pokemon/shiny/602.png,https://raw.githubusercontent.com/PokeAPI/sprites/master/sprites/pokemon/back/602.png,https://raw.githubusercontent.com/PokeAPI/sprites/master/sprites/pokemon/back/shiny/602.png,https://raw.githubusercontent.com/PokeAPI/sprites/master/sprites/pokemon/other/official-artwork/602.png
603,eelektrik,electric,https://raw.githubusercontent.com/PokeAPI/sprites/master/sprites/pokemon/603.png,https://raw.githubusercontent.com/PokeAPI/sprites/master/sprites/pokemon/shiny/603.png,https://raw.githubusercontent.com/PokeAPI/sprites/master/sprites/pokemon/back/603.png,https://raw.githubusercontent.com/PokeAPI/sprites/master/sprites/pokemon/back/shiny/603.png,https://raw.githubusercontent.com/PokeAPI/sprites/master/sprites/pokemon/other/official-artwork/603.png
604,eelektross,electric,https://raw.githubusercontent.com/PokeAPI/sprites/master/sprites/pokemon/604.png,https://raw.githubusercontent.com/PokeAPI/sprites/master/sprites/pokemon/shiny/604.png,https://raw.githubusercontent.com/PokeAPI/sprites/master/sprites/pokemon/back/604.png,https://raw.githubusercontent.com/PokeAPI/sprites/master/sprites/pokemon/back/shiny/604.png,https://raw.githubusercontent.com/PokeAPI/sprites/master/sprites/pokemon/other/official-artwork/604.png
605,elgyem,psychic,https://raw.githubusercontent.com/PokeAPI/sprites/master/sprites/pokemon/605.png,https://raw.githubusercontent.com/PokeAPI/sprites/master/sprites/pokemon/shiny/605.png,https://raw.githubusercontent.com/PokeAPI/sprites/master/sprites/pokemon/back/605.png,https://raw.githubusercontent.com/PokeAPI/sprites/master/sprites/pokemon/back/shiny/605.png,https://raw.githubusercontent.com/PokeAPI/sprites/master/sprites/pokemon/other/official-artwork/605.png
606,beheeyem,psychic,https://raw.githubusercontent.com/PokeAPI/sprites/master/sprites/pokemon/606.png,https://raw.githubusercontent.com/PokeAPI/sprites/master/sprites/pokemon/shiny/606.png,https://raw.githubusercontent.com/PokeAPI/sprites/master/sprites/pokemon/back/606.png,https://raw.githubusercontent.com/PokeAPI/sprites/master/sprites/pokemon/back/shiny/606.png,https://raw.githubusercontent.com/PokeAPI/sprites/master/sprites/pokemon/other/official-artwork/606.png
607,litwick,"ghost, fire",https://raw.githubusercontent.com/PokeAPI/sprites/master/sprites/pokemon/607.png,https://raw.githubusercontent.com/PokeAPI/sprites/master/sprites/pokemon/shiny/607.png,https://raw.githubusercontent.com/PokeAPI/sprites/master/sprites/pokemon/back/607.png,https://raw.githubusercontent.com/PokeAPI/sprites/master/sprites/pokemon/back/shiny/607.png,https://raw.githubusercontent.com/PokeAPI/sprites/master/sprites/pokemon/other/official-artwork/607.png
608,lampent,"ghost, fire",https://raw.githubusercontent.com/PokeAPI/sprites/master/sprites/pokemon/608.png,https://raw.githubusercontent.com/PokeAPI/sprites/master/sprites/pokemon/shiny/608.png,https://raw.githubusercontent.com/PokeAPI/sprites/master/sprites/pokemon/back/608.png,https://raw.githubusercontent.com/PokeAPI/sprites/master/sprites/pokemon/back/shiny/608.png,https://raw.githubusercontent.com/PokeAPI/sprites/master/sprites/pokemon/other/official-artwork/608.png
609,chandelure,"ghost, fire",https://raw.githubusercontent.com/PokeAPI/sprites/master/sprites/pokemon/609.png,https://raw.githubusercontent.com/PokeAPI/sprites/master/sprites/pokemon/shiny/609.png,https://raw.githubusercontent.com/PokeAPI/sprites/master/sprites/pokemon/back/609.png,https://raw.githubusercontent.com/PokeAPI/sprites/master/sprites/pokemon/back/shiny/609.png,https://raw.githubusercontent.com/PokeAPI/sprites/master/sprites/pokemon/other/official-artwork/609.png
610,axew,dragon,https://raw.githubusercontent.com/PokeAPI/sprites/master/sprites/pokemon/610.png,https://raw.githubusercontent.com/PokeAPI/sprites/master/sprites/pokemon/shiny/610.png,https://raw.githubusercontent.com/PokeAPI/sprites/master/sprites/pokemon/back/610.png,https://raw.githubusercontent.com/PokeAPI/sprites/master/sprites/pokemon/back/shiny/610.png,https://raw.githubusercontent.com/PokeAPI/sprites/master/sprites/pokemon/other/official-artwork/610.png
611,fraxure,dragon,https://raw.githubusercontent.com/PokeAPI/sprites/master/sprites/pokemon/611.png,https://raw.githubusercontent.com/PokeAPI/sprites/master/sprites/pokemon/shiny/611.png,https://raw.githubusercontent.com/PokeAPI/sprites/master/sprites/pokemon/back/611.png,https://raw.githubusercontent.com/PokeAPI/sprites/master/sprites/pokemon/back/shiny/611.png,https://raw.githubusercontent.com/PokeAPI/sprites/master/sprites/pokemon/other/official-artwork/611.png
612,haxorus,dragon,https://raw.githubusercontent.com/PokeAPI/sprites/master/sprites/pokemon/612.png,https://raw.githubusercontent.com/PokeAPI/sprites/master/sprites/pokemon/shiny/612.png,https://raw.githubusercontent.com/PokeAPI/sprites/master/sprites/pokemon/back/612.png,https://raw.githubusercontent.com/PokeAPI/sprites/master/sprites/pokemon/back/shiny/612.png,https://raw.githubusercontent.com/PokeAPI/sprites/master/sprites/pokemon/other/official-artwork/612.png
613,cubchoo,ice,https://raw.githubusercontent.com/PokeAPI/sprites/master/sprites/pokemon/613.png,https://raw.githubusercontent.com/PokeAPI/sprites/master/sprites/pokemon/shiny/613.png,https://raw.githubusercontent.com/PokeAPI/sprites/master/sprites/pokemon/back/613.png,https://raw.githubusercontent.com/PokeAPI/sprites/master/sprites/pokemon/back/shiny/613.png,https://raw.githubusercontent.com/PokeAPI/sprites/master/sprites/pokemon/other/official-artwork/613.png
614,beartic,ice,https://raw.githubusercontent.com/PokeAPI/sprites/master/sprites/pokemon/614.png,https://raw.githubusercontent.com/PokeAPI/sprites/master/sprites/pokemon/shiny/614.png,https://raw.githubusercontent.com/PokeAPI/sprites/master/sprites/pokemon/back/614.png,https://raw.githubusercontent.com/PokeAPI/sprites/master/sprites/pokemon/back/shiny/614.png,https://raw.githubusercontent.com/PokeAPI/sprites/master/sprites/pokemon/other/official-artwork/614.png
615,cryogonal,ice,https://raw.githubusercontent.com/PokeAPI/sprites/master/sprites/pokemon/615.png,https://raw.githubusercontent.com/PokeAPI/sprites/master/sprites/pokemon/shiny/615.png,https://raw.githubusercontent.com/PokeAPI/sprites/master/sprites/pokemon/back/615.png,https://raw.githubusercontent.com/PokeAPI/sprites/master/sprites/pokemon/back/shiny/615.png,https://raw.githubusercontent.com/PokeAPI/sprites/master/sprites/pokemon/other/official-artwork/615.png
616,shelmet,bug,https://raw.githubusercontent.com/PokeAPI/sprites/master/sprites/pokemon/616.png,https://raw.githubusercontent.com/PokeAPI/sprites/master/sprites/pokemon/shiny/616.png,https://raw.githubusercontent.com/PokeAPI/sprites/master/sprites/pokemon/back/616.png,https://raw.githubusercontent.com/PokeAPI/sprites/master/sprites/pokemon/back/shiny/616.png,https://raw.githubusercontent.com/PokeAPI/sprites/master/sprites/pokemon/other/official-artwork/616.png
617,accelgor,bug,https://raw.githubusercontent.com/PokeAPI/sprites/master/sprites/pokemon/617.png,https://raw.githubusercontent.com/PokeAPI/sprites/master/sprites/pokemon/shiny/617.png,https://raw.githubusercontent.com/PokeAPI/sprites/master/sprites/pokemon/back/617.png,https://raw.githubusercontent.com/PokeAPI/sprites/master/sprites/pokemon/back/shiny/617.png,https://raw.githubusercontent.com/PokeAPI/sprites/master/sprites/pokemon/other/official-artwork/617.png
618,stunfisk,"ground, electric",https://raw.githubusercontent.com/PokeAPI/sprites/master/sprites/pokemon/618.png,https://raw.githubusercontent.com/PokeAPI/sprites/master/sprites/pokemon/shiny/618.png,https://raw.githubusercontent.com/PokeAPI/sprites/master/sprites/pokemon/back/618.png,https://raw.githubusercontent.com/PokeAPI/sprites/master/sprites/pokemon/back/shiny/618.png,https://raw.githubusercontent.com/PokeAPI/sprites/master/sprites/pokemon/other/official-artwork/618.png
619,mienfoo,fighting,https://raw.githubusercontent.com/PokeAPI/sprites/master/sprites/pokemon/619.png,https://raw.githubusercontent.com/PokeAPI/sprites/master/sprites/pokemon/shiny/619.png,https://raw.githubusercontent.com/PokeAPI/sprites/master/sprites/pokemon/back/619.png,https://raw.githubusercontent.com/PokeAPI/sprites/master/sprites/pokemon/back/shiny/619.png,https://raw.githubusercontent.com/PokeAPI/sprites/master/sprites/pokemon/other/official-artwork/619.png
620,mienshao,fighting,https://raw.githubusercontent.com/PokeAPI/sprites/master/sprites/pokemon/620.png,https://raw.githubusercontent.com/PokeAPI/sprites/master/sprites/pokemon/shiny/620.png,https://raw.githubusercontent.com/PokeAPI/sprites/master/sprites/pokemon/back/620.png,https://raw.githubusercontent.com/PokeAPI/sprites/master/sprites/pokemon/back/shiny/620.png,https://raw.githubusercontent.com/PokeAPI/sprites/master/sprites/pokemon/other/official-artwork/620.png
621,druddigon,dragon,https://raw.githubusercontent.com/PokeAPI/sprites/master/sprites/pokemon/621.png,https://raw.githubusercontent.com/PokeAPI/sprites/master/sprites/pokemon/shiny/621.png,https://raw.githubusercontent.com/PokeAPI/sprites/master/sprites/pokemon/back/621.png,https://raw.githubusercontent.com/PokeAPI/sprites/master/sprites/pokemon/back/shiny/621.png,https://raw.githubusercontent.com/PokeAPI/sprites/master/sprites/pokemon/other/official-artwork/621.png
622,golett,"ground, ghost",https://raw.githubusercontent.com/PokeAPI/sprites/master/sprites/pokemon/622.png,https://raw.githubusercontent.com/PokeAPI/sprites/master/sprites/pokemon/shiny/622.png,https://raw.githubusercontent.com/PokeAPI/sprites/master/sprites/pokemon/back/622.png,https://raw.githubusercontent.com/PokeAPI/sprites/master/sprites/pokemon/back/shiny/622.png,https://raw.githubusercontent.com/PokeAPI/sprites/master/sprites/pokemon/other/official-artwork/622.png
623,golurk,"ground, ghost",https://raw.githubusercontent.com/PokeAPI/sprites/master/sprites/pokemon/623.png,https://raw.githubusercontent.com/PokeAPI/sprites/master/sprites/pokemon/shiny/623.png,https://raw.githubusercontent.com/PokeAPI/sprites/master/sprites/pokemon/back/623.png,https://raw.githubusercontent.com/PokeAPI/sprites/master/sprites/pokemon/back/shiny/623.png,https://raw.githubusercontent.com/PokeAPI/sprites/master/sprites/pokemon/other/official-artwork/623.png
624,pawniard,"dark, steel",https://raw.githubusercontent.com/PokeAPI/sprites/master/sprites/pokemon/624.png,https://raw.githubusercontent.com/PokeAPI/sprites/master/sprites/pokemon/shiny/624.png,https://raw.githubusercontent.com/PokeAPI/sprites/master/sprites/pokemon/back/624.png,https://raw.githubusercontent.com/PokeAPI/sprites/master/sprites/pokemon/back/shiny/624.png,https://raw.githubusercontent.com/PokeAPI/sprites/master/sprites/pokemon/other/official-artwork/624.png
625,bisharp,"dark, steel",https://raw.githubusercontent.com/PokeAPI/sprites/master/sprites/pokemon/625.png,https://raw.githubusercontent.com/PokeAPI/sprites/master/sprites/pokemon/shiny/625.png,https://raw.githubusercontent.com/PokeAPI/sprites/master/sprites/pokemon/back/625.png,https://raw.githubusercontent.com/PokeAPI/sprites/master/sprites/pokemon/back/shiny/625.png,https://raw.githubusercontent.com/PokeAPI/sprites/master/sprites/pokemon/other/official-artwork/625.png
626,bouffalant,normal,https://raw.githubusercontent.com/PokeAPI/sprites/master/sprites/pokemon/626.png,https://raw.githubusercontent.com/PokeAPI/sprites/master/sprites/pokemon/shiny/626.png,https://raw.githubusercontent.com/PokeAPI/sprites/master/sprites/pokemon/back/626.png,https://raw.githubusercontent.com/PokeAPI/sprites/master/sprites/pokemon/back/shiny/626.png,https://raw.githubusercontent.com/PokeAPI/sprites/master/sprites/pokemon/other/official-artwork/626.png
627,rufflet,"normal, flying",https://raw.githubusercontent.com/PokeAPI/sprites/master/sprites/pokemon/627.png,https://raw.githubusercontent.com/PokeAPI/sprites/master/sprites/pokemon/shiny/627.png,https://raw.githubusercontent.com/PokeAPI/sprites/master/sprites/pokemon/back/627.png,https://raw.githubusercontent.com/PokeAPI/sprites/master/sprites/pokemon/back/shiny/627.png,https://raw.githubusercontent.com/PokeAPI/sprites/master/sprites/pokemon/other/official-artwork/627.png
628,braviary,"normal, flying",https://raw.githubusercontent.com/PokeAPI/sprites/master/sprites/pokemon/628.png,https://raw.githubusercontent.com/PokeAPI/sprites/master/sprites/pokemon/shiny/628.png,https://raw.githubusercontent.com/PokeAPI/sprites/master/sprites/pokemon/back/628.png,https://raw.githubusercontent.com/PokeAPI/sprites/master/sprites/pokemon/back/shiny/628.png,https://raw.githubusercontent.com/PokeAPI/sprites/master/sprites/pokemon/other/official-artwork/628.png
629,vullaby,"dark, flying",https://raw.githubusercontent.com/PokeAPI/sprites/master/sprites/pokemon/629.png,https://raw.githubusercontent.com/PokeAPI/sprites/master/sprites/pokemon/shiny/629.png,https://raw.githubusercontent.com/PokeAPI/sprites/master/sprites/pokemon/back/629.png,https://raw.githubusercontent.com/PokeAPI/sprites/master/sprites/pokemon/back/shiny/629.png,https://raw.githubusercontent.com/PokeAPI/sprites/master/sprites/pokemon/other/official-artwork/629.png
630,mandibuzz,"dark, flying",https://raw.githubusercontent.com/PokeAPI/sprites/master/sprites/pokemon/630.png,https://raw.githubusercontent.com/PokeAPI/sprites/master/sprites/pokemon/shiny/630.png,https://raw.githubusercontent.com/PokeAPI/sprites/master/sprites/pokemon/back/630.png,https://raw.githubusercontent.com/PokeAPI/sprites/master/sprites/pokemon/back/shiny/630.png,https://raw.githubusercontent.com/PokeAPI/sprites/master/sprites/pokemon/other/official-artwork/630.png
631,heatmor,fire,https://raw.githubusercontent.com/PokeAPI/sprites/master/sprites/pokemon/631.png,https://raw.githubusercontent.com/PokeAPI/sprites/master/sprites/pokemon/shiny/631.png,https://raw.githubusercontent.com/PokeAPI/sprites/master/sprites/pokemon/back/631.png,https://raw.githubusercontent.com/PokeAPI/sprites/master/sprites/pokemon/back/shiny/631.png,https://raw.githubusercontent.com/PokeAPI/sprites/master/sprites/pokemon/other/official-artwork/631.png
632,durant,"bug, steel",https://raw.githubusercontent.com/PokeAPI/sprites/master/sprites/pokemon/632.png,https://raw.githubusercontent.com/PokeAPI/sprites/master/sprites/pokemon/shiny/632.png,https://raw.githubusercontent.com/PokeAPI/sprites/master/sprites/pokemon/back/632.png,https://raw.githubusercontent.com/PokeAPI/sprites/master/sprites/pokemon/back/shiny/632.png,https://raw.githubusercontent.com/PokeAPI/sprites/master/sprites/pokemon/other/official-artwork/632.png
633,deino,"dark, dragon",https://raw.githubusercontent.com/PokeAPI/sprites/master/sprites/pokemon/633.png,https://raw.githubusercontent.com/PokeAPI/sprites/master/sprites/pokemon/shiny/633.png,https://raw.githubusercontent.com/PokeAPI/sprites/master/sprites/pokemon/back/633.png,https://raw.githubusercontent.com/PokeAPI/sprites/master/sprites/pokemon/back/shiny/633.png,https://raw.githubusercontent.com/PokeAPI/sprites/master/sprites/pokemon/other/official-artwork/633.png
634,zweilous,"dark, dragon",https://raw.githubusercontent.com/PokeAPI/sprites/master/sprites/pokemon/634.png,https://raw.githubusercontent.com/PokeAPI/sprites/master/sprites/pokemon/shiny/634.png,https://raw.githubusercontent.com/PokeAPI/sprites/master/sprites/pokemon/back/634.png,https://raw.githubusercontent.com/PokeAPI/sprites/master/sprites/pokemon/back/shiny/634.png,https://raw.githubusercontent.com/PokeAPI/sprites/master/sprites/pokemon/other/official-artwork/634.png
635,hydreigon,"dark, dragon",https://raw.githubusercontent.com/PokeAPI/sprites/master/sprites/pokemon/635.png,https://raw.githubusercontent.com/PokeAPI/sprites/master/sprites/pokemon/shiny/635.png,https://raw.githubusercontent.com/PokeAPI/sprites/master/sprites/pokemon/back/635.png,https://raw.githubusercontent.com/PokeAPI/sprites/master/sprites/pokemon/back/shiny/635.png,https://raw.githubusercontent.com/PokeAPI/sprites/master/sprites/pokemon/other/official-artwork/635.png
636,larvesta,"bug, fire",https://raw.githubusercontent.com/PokeAPI/sprites/master/sprites/pokemon/636.png,https://raw.githubusercontent.com/PokeAPI/sprites/master/sprites/pokemon/shiny/636.png,https://raw.githubusercontent.com/PokeAPI/sprites/master/sprites/pokemon/back/636.png,https://raw.githubusercontent.com/PokeAPI/sprites/master/sprites/pokemon/back/shiny/636.png,https://raw.githubusercontent.com/PokeAPI/sprites/master/sprites/pokemon/other/official-artwork/636.png
637,volcarona,"bug, fire",https://raw.githubusercontent.com/PokeAPI/sprites/master/sprites/pokemon/637.png,https://raw.githubusercontent.com/PokeAPI/sprites/master/sprites/pokemon/shiny/637.png,https://raw.githubusercontent.com/PokeAPI/sprites/master/sprites/pokemon/back/637.png,https://raw.githubusercontent.com/PokeAPI/sprites/master/sprites/pokemon/back/shiny/637.png,https://raw.githubusercontent.com/PokeAPI/sprites/master/sprites/pokemon/other/official-artwork/637.png
638,cobalion,"steel, fighting",https://raw.githubusercontent.com/PokeAPI/sprites/master/sprites/pokemon/638.png,https://raw.githubusercontent.com/PokeAPI/sprites/master/sprites/pokemon/shiny/638.png,https://raw.githubusercontent.com/PokeAPI/sprites/master/sprites/pokemon/back/638.png,https://raw.githubusercontent.com/PokeAPI/sprites/master/sprites/pokemon/back/shiny/638.png,https://raw.githubusercontent.com/PokeAPI/sprites/master/sprites/pokemon/other/official-artwork/638.png
639,terrakion,"rock, fighting",https://raw.githubusercontent.com/PokeAPI/sprites/master/sprites/pokemon/639.png,https://raw.githubusercontent.com/PokeAPI/sprites/master/sprites/pokemon/shiny/639.png,https://raw.githubusercontent.com/PokeAPI/sprites/master/sprites/pokemon/back/639.png,https://raw.githubusercontent.com/PokeAPI/sprites/master/sprites/pokemon/back/shiny/639.png,https://raw.githubusercontent.com/PokeAPI/sprites/master/sprites/pokemon/other/official-artwork/639.png
640,virizion,"grass, fighting",https://raw.githubusercontent.com/PokeAPI/sprites/master/sprites/pokemon/640.png,https://raw.githubusercontent.com/PokeAPI/sprites/master/sprites/pokemon/shiny/640.png,https://raw.githubusercontent.com/PokeAPI/sprites/master/sprites/pokemon/back/640.png,https://raw.githubusercontent.com/PokeAPI/sprites/master/sprites/pokemon/back/shiny/640.png,https://raw.githubusercontent.com/PokeAPI/sprites/master/sprites/pokemon/other/official-artwork/640.png
641,tornadus-incarnate,flying,https://raw.githubusercontent.com/PokeAPI/sprites/master/sprites/pokemon/641.png,https://raw.githubusercontent.com/PokeAPI/sprites/master/sprites/pokemon/shiny/641.png,https://raw.githubusercontent.com/PokeAPI/sprites/master/sprites/pokemon/back/641.png,https://raw.githubusercontent.com/PokeAPI/sprites/master/sprites/pokemon/back/shiny/641.png,https://raw.githubusercontent.com/PokeAPI/sprites/master/sprites/pokemon/other/official-artwork/641.png
642,thundurus-incarnate,"electric, flying",https://raw.githubusercontent.com/PokeAPI/sprites/master/sprites/pokemon/642.png,https://raw.githubusercontent.com/PokeAPI/sprites/master/sprites/pokemon/shiny/642.png,https://raw.githubusercontent.com/PokeAPI/sprites/master/sprites/pokemon/back/642.png,https://raw.githubusercontent.com/PokeAPI/sprites/master/sprites/pokemon/back/shiny/642.png,https://raw.githubusercontent.com/PokeAPI/sprites/master/sprites/pokemon/other/official-artwork/642.png
643,reshiram,"dragon, fire",https://raw.githubusercontent.com/PokeAPI/sprites/master/sprites/pokemon/643.png,https://raw.githubusercontent.com/PokeAPI/sprites/master/sprites/pokemon/shiny/643.png,https://raw.githubusercontent.com/PokeAPI/sprites/master/sprites/pokemon/back/643.png,https://raw.githubusercontent.com/PokeAPI/sprites/master/sprites/pokemon/back/shiny/643.png,https://raw.githubusercontent.com/PokeAPI/sprites/master/sprites/pokemon/other/official-artwork/643.png
644,zekrom,"dragon, electric",https://raw.githubusercontent.com/PokeAPI/sprites/master/sprites/pokemon/644.png,https://raw.githubusercontent.com/PokeAPI/sprites/master/sprites/pokemon/shiny/644.png,https://raw.githubusercontent.com/PokeAPI/sprites/master/sprites/pokemon/back/644.png,https://raw.githubusercontent.com/PokeAPI/sprites/master/sprites/pokemon/back/shiny/644.png,https://raw.githubusercontent.com/PokeAPI/sprites/master/sprites/pokemon/other/official-artwork/644.png
645,landorus-incarnate,"ground, flying",https://raw.githubusercontent.com/PokeAPI/sprites/master/sprites/pokemon/645.png,https://raw.githubusercontent.com/PokeAPI/sprites/master/sprites/pokemon/shiny/645.png,https://raw.githubusercontent.com/PokeAPI/sprites/master/sprites/pokemon/back/645.png,https://raw.githubusercontent.com/PokeAPI/sprites/master/sprites/pokemon/back/shiny/645.png,https://raw.githubusercontent.com/PokeAPI/sprites/master/sprites/pokemon/other/official-artwork/645.png
646,kyurem,"dragon, ice",https://raw.githubusercontent.com/PokeAPI/sprites/master/sprites/pokemon/646.png,https://raw.githubusercontent.com/PokeAPI/sprites/master/sprites/pokemon/shiny/646.png,https://raw.githubusercontent.com/PokeAPI/sprites/master/sprites/pokemon/back/646.png,https://raw.githubusercontent.com/PokeAPI/sprites/master/sprites/pokemon/back/shiny/646.png,https://raw.githubusercontent.com/PokeAPI/sprites/master/sprites/pokemon/other/official-artwork/646.png
647,keldeo-ordinary,"water, fighting",https://raw.githubusercontent.com/PokeAPI/sprites/master/sprites/pokemon/647.png,https://raw.githubusercontent.com/PokeAPI/sprites/master/sprites/pokemon/shiny/647.png,https://raw.githubusercontent.com/PokeAPI/sprites/master/sprites/pokemon/back/647.png,https://raw.githubusercontent.com/PokeAPI/sprites/master/sprites/pokemon/back/shiny/647.png,https://raw.githubusercontent.com/PokeAPI/sprites/master/sprites/pokemon/other/official-artwork/647.png
648,meloetta-aria,"normal, psychic",https://raw.githubusercontent.com/PokeAPI/sprites/master/sprites/pokemon/648.png,https://raw.githubusercontent.com/PokeAPI/sprites/master/sprites/pokemon/shiny/648.png,https://raw.githubusercontent.com/PokeAPI/sprites/master/sprites/pokemon/back/648.png,https://raw.githubusercontent.com/PokeAPI/sprites/master/sprites/pokemon/back/shiny/648.png,https://raw.githubusercontent.com/PokeAPI/sprites/master/sprites/pokemon/other/official-artwork/648.png
649,genesect,"bug, steel",https://raw.githubusercontent.com/PokeAPI/sprites/master/sprites/pokemon/649.png,https://raw.githubusercontent.com/PokeAPI/sprites/master/sprites/pokemon/shiny/649.png,https://raw.githubusercontent.com/PokeAPI/sprites/master/sprites/pokemon/back/649.png,https://raw.githubusercontent.com/PokeAPI/sprites/master/sprites/pokemon/back/shiny/649.png,https://raw.githubusercontent.com/PokeAPI/sprites/master/sprites/pokemon/other/official-artwork/649.png
650,chespin,grass,https://raw.githubusercontent.com/PokeAPI/sprites/master/sprites/pokemon/650.png,https://raw.githubusercontent.com/PokeAPI/sprites/master/sprites/pokemon/shiny/650.png,https://raw.githubusercontent.com/PokeAPI/sprites/master/sprites/pokemon/back/650.png,https://raw.githubusercontent.com/PokeAPI/sprites/master/sprites/pokemon/back/shiny/650.png,https://raw.githubusercontent.com/PokeAPI/sprites/master/sprites/pokemon/other/official-artwork/650.png
651,quilladin,grass,https://raw.githubusercontent.com/PokeAPI/sprites/master/sprites/pokemon/651.png,https://raw.githubusercontent.com/PokeAPI/sprites/master/sprites/pokemon/shiny/651.png,https://raw.githubusercontent.com/PokeAPI/sprites/master/sprites/pokemon/back/651.png,https://raw.githubusercontent.com/PokeAPI/sprites/master/sprites/pokemon/back/shiny/651.png,https://raw.githubusercontent.com/PokeAPI/sprites/master/sprites/pokemon/other/official-artwork/651.png
652,chesnaught,"grass, fighting",https://raw.githubusercontent.com/PokeAPI/sprites/master/sprites/pokemon/652.png,https://raw.githubusercontent.com/PokeAPI/sprites/master/sprites/pokemon/shiny/652.png,https://raw.githubusercontent.com/PokeAPI/sprites/master/sprites/pokemon/back/652.png,https://raw.githubusercontent.com/PokeAPI/sprites/master/sprites/pokemon/back/shiny/652.png,https://raw.githubusercontent.com/PokeAPI/sprites/master/sprites/pokemon/other/official-artwork/652.png
653,fennekin,fire,https://raw.githubusercontent.com/PokeAPI/sprites/master/sprites/pokemon/653.png,https://raw.githubusercontent.com/PokeAPI/sprites/master/sprites/pokemon/shiny/653.png,https://raw.githubusercontent.com/PokeAPI/sprites/master/sprites/pokemon/back/653.png,https://raw.githubusercontent.com/PokeAPI/sprites/master/sprites/pokemon/back/shiny/653.png,https://raw.githubusercontent.com/PokeAPI/sprites/master/sprites/pokemon/other/official-artwork/653.png
654,braixen,fire,https://raw.githubusercontent.com/PokeAPI/sprites/master/sprites/pokemon/654.png,https://raw.githubusercontent.com/PokeAPI/sprites/master/sprites/pokemon/shiny/654.png,https://raw.githubusercontent.com/PokeAPI/sprites/master/sprites/pokemon/back/654.png,https://raw.githubusercontent.com/PokeAPI/sprites/master/sprites/pokemon/back/shiny/654.png,https://raw.githubusercontent.com/PokeAPI/sprites/master/sprites/pokemon/other/official-artwork/654.png
655,delphox,"fire, psychic",https://raw.githubusercontent.com/PokeAPI/sprites/master/sprites/pokemon/655.png,https://raw.githubusercontent.com/PokeAPI/sprites/master/sprites/pokemon/shiny/655.png,https://raw.githubusercontent.com/PokeAPI/sprites/master/sprites/pokemon/back/655.png,https://raw.githubusercontent.com/PokeAPI/sprites/master/sprites/pokemon/back/shiny/655.png,https://raw.githubusercontent.com/PokeAPI/sprites/master/sprites/pokemon/other/official-artwork/655.png
656,froakie,water,https://raw.githubusercontent.com/PokeAPI/sprites/master/sprites/pokemon/656.png,https://raw.githubusercontent.com/PokeAPI/sprites/master/sprites/pokemon/shiny/656.png,https://raw.githubusercontent.com/PokeAPI/sprites/master/sprites/pokemon/back/656.png,https://raw.githubusercontent.com/PokeAPI/sprites/master/sprites/pokemon/back/shiny/656.png,https://raw.githubusercontent.com/PokeAPI/sprites/master/sprites/pokemon/other/official-artwork/656.png
657,frogadier,water,https://raw.githubusercontent.com/PokeAPI/sprites/master/sprites/pokemon/657.png,https://raw.githubusercontent.com/PokeAPI/sprites/master/sprites/pokemon/shiny/657.png,,,https://raw.githubusercontent.com/PokeAPI/sprites/master/sprites/pokemon/other/official-artwork/657.png
658,greninja,"water, dark",https://raw.githubusercontent.com/PokeAPI/sprites/master/sprites/pokemon/658.png,https://raw.githubusercontent.com/PokeAPI/sprites/master/sprites/pokemon/shiny/658.png,https://raw.githubusercontent.com/PokeAPI/sprites/master/sprites/pokemon/back/658.png,https://raw.githubusercontent.com/PokeAPI/sprites/master/sprites/pokemon/back/shiny/658.png,https://raw.githubusercontent.com/PokeAPI/sprites/master/sprites/pokemon/other/official-artwork/658.png
659,bunnelby,normal,https://raw.githubusercontent.com/PokeAPI/sprites/master/sprites/pokemon/659.png,https://raw.githubusercontent.com/PokeAPI/sprites/master/sprites/pokemon/shiny/659.png,https://raw.githubusercontent.com/PokeAPI/sprites/master/sprites/pokemon/back/659.png,https://raw.githubusercontent.com/PokeAPI/sprites/master/sprites/pokemon/back/shiny/659.png,https://raw.githubusercontent.com/PokeAPI/sprites/master/sprites/pokemon/other/official-artwork/659.png
660,diggersby,"normal, ground",https://raw.githubusercontent.com/PokeAPI/sprites/master/sprites/pokemon/660.png,https://raw.githubusercontent.com/PokeAPI/sprites/master/sprites/pokemon/shiny/660.png,,,https://raw.githubusercontent.com/PokeAPI/sprites/master/sprites/pokemon/other/official-artwork/660.png
661,fletchling,"normal, flying",https://raw.githubusercontent.com/PokeAPI/sprites/master/sprites/pokemon/661.png,https://raw.githubusercontent.com/PokeAPI/sprites/master/sprites/pokemon/shiny/661.png,,,https://raw.githubusercontent.com/PokeAPI/sprites/master/sprites/pokemon/other/official-artwork/661.png
662,fletchinder,"fire, flying",https://raw.githubusercontent.com/PokeAPI/sprites/master/sprites/pokemon/662.png,https://raw.githubusercontent.com/PokeAPI/sprites/master/sprites/pokemon/shiny/662.png,,,https://raw.githubusercontent.com/PokeAPI/sprites/master/sprites/pokemon/other/official-artwork/662.png
663,talonflame,"fire, flying",https://raw.githubusercontent.com/PokeAPI/sprites/master/sprites/pokemon/663.png,https://raw.githubusercontent.com/PokeAPI/sprites/master/sprites/pokemon/shiny/663.png,https://raw.githubusercontent.com/PokeAPI/sprites/master/sprites/pokemon/back/663.png,https://raw.githubusercontent.com/PokeAPI/sprites/master/sprites/pokemon/back/shiny/663.png,https://raw.githubusercontent.com/PokeAPI/sprites/master/sprites/pokemon/other/official-artwork/663.png
664,scatterbug,bug,https://raw.githubusercontent.com/PokeAPI/sprites/master/sprites/pokemon/664.png,https://raw.githubusercontent.com/PokeAPI/sprites/master/sprites/pokemon/shiny/664.png,,,https://raw.githubusercontent.com/PokeAPI/sprites/master/sprites/pokemon/other/official-artwork/664.png
665,spewpa,bug,https://raw.githubusercontent.com/PokeAPI/sprites/master/sprites/pokemon/665.png,https://raw.githubusercontent.com/PokeAPI/sprites/master/sprites/pokemon/shiny/665.png,https://raw.githubusercontent.com/PokeAPI/sprites/master/sprites/pokemon/back/665.png,https://raw.githubusercontent.com/PokeAPI/sprites/master/sprites/pokemon/back/shiny/665.png,https://raw.githubusercontent.com/PokeAPI/sprites/master/sprites/pokemon/other/official-artwork/665.png
666,vivillon,"bug, flying",https://raw.githubusercontent.com/PokeAPI/sprites/master/sprites/pokemon/666.png,https://raw.githubusercontent.com/PokeAPI/sprites/master/sprites/pokemon/shiny/666.png,,,https://raw.githubusercontent.com/PokeAPI/sprites/master/sprites/pokemon/other/official-artwork/666.png
667,litleo,"fire, normal",https://raw.githubusercontent.com/PokeAPI/sprites/master/sprites/pokemon/667.png,https://raw.githubusercontent.com/PokeAPI/sprites/master/sprites/pokemon/shiny/667.png,https://raw.githubusercontent.com/PokeAPI/sprites/master/sprites/pokemon/back/667.png,https://raw.githubusercontent.com/PokeAPI/sprites/master/sprites/pokemon/back/shiny/667.png,https://raw.githubusercontent.com/PokeAPI/sprites/master/sprites/pokemon/other/official-artwork/667.png
668,pyroar,"fire, normal",https://raw.githubusercontent.com/PokeAPI/sprites/master/sprites/pokemon/668.png,https://raw.githubusercontent.com/PokeAPI/sprites/master/sprites/pokemon/shiny/668.png,,,https://raw.githubusercontent.com/PokeAPI/sprites/master/sprites/pokemon/other/official-artwork/668.png
669,flabebe,fairy,https://raw.githubusercontent.com/PokeAPI/sprites/master/sprites/pokemon/669.png,https://raw.githubusercontent.com/PokeAPI/sprites/master/sprites/pokemon/shiny/669.png,,,https://raw.githubusercontent.com/PokeAPI/sprites/master/sprites/pokemon/other/official-artwork/669.png
670,floette,fairy,https://raw.githubusercontent.com/PokeAPI/sprites/master/sprites/pokemon/670.png,https://raw.githubusercontent.com/PokeAPI/sprites/master/sprites/pokemon/shiny/670.png,,,https://raw.githubusercontent.com/PokeAPI/sprites/master/sprites/pokemon/other/official-artwork/670.png
671,florges,fairy,https://raw.githubusercontent.com/PokeAPI/sprites/master/sprites/pokemon/671.png,https://raw.githubusercontent.com/PokeAPI/sprites/master/sprites/pokemon/shiny/671.png,,,https://raw.githubusercontent.com/PokeAPI/sprites/master/sprites/pokemon/other/official-artwork/671.png
672,skiddo,grass,https://raw.githubusercontent.com/PokeAPI/sprites/master/sprites/pokemon/672.png,https://raw.githubusercontent.com/PokeAPI/sprites/master/sprites/pokemon/shiny/672.png,https://raw.githubusercontent.com/PokeAPI/sprites/master/sprites/pokemon/back/672.png,https://raw.githubusercontent.com/PokeAPI/sprites/master/sprites/pokemon/back/shiny/672.png,https://raw.githubusercontent.com/PokeAPI/sprites/master/sprites/pokemon/other/official-artwork/672.png
673,gogoat,grass,https://raw.githubusercontent.com/PokeAPI/sprites/master/sprites/pokemon/673.png,https://raw.githubusercontent.com/PokeAPI/sprites/master/sprites/pokemon/shiny/673.png,,,https://raw.githubusercontent.com/PokeAPI/sprites/master/sprites/pokemon/other/official-artwork/673.png
674,pancham,fighting,https://raw.githubusercontent.com/PokeAPI/sprites/master/sprites/pokemon/674.png,https://raw.githubusercontent.com/PokeAPI/sprites/master/sprites/pokemon/shiny/674.png,https://raw.githubusercontent.com/PokeAPI/sprites/master/sprites/pokemon/back/674.png,https://raw.githubusercontent.com/PokeAPI/sprites/master/sprites/pokemon/back/shiny/674.png,https://raw.githubusercontent.com/PokeAPI/sprites/master/sprites/pokemon/other/official-artwork/674.png
675,pangoro,"fighting, dark",https://raw.githubusercontent.com/PokeAPI/sprites/master/sprites/pokemon/675.png,https://raw.githubusercontent.com/PokeAPI/sprites/master/sprites/pokemon/shiny/675.png,https://raw.githubusercontent.com/PokeAPI/sprites/master/sprites/pokemon/back/675.png,https://raw.githubusercontent.com/PokeAPI/sprites/master/sprites/pokemon/back/shiny/675.png,https://raw.githubusercontent.com/PokeAPI/sprites/master/sprites/pokemon/other/official-artwork/675.png
676,furfrou,normal,https://raw.githubusercontent.com/PokeAPI/sprites/master/sprites/pokemon/676.png,https://raw.githubusercontent.com/PokeAPI/sprites/master/sprites/pokemon/shiny/676.png,,,https://raw.githubusercontent.com/PokeAPI/sprites/master/sprites/pokemon/other/official-artwork/676.png
677,espurr,psychic,https://raw.githubusercontent.com/PokeAPI/sprites/master/sprites/pokemon/677.png,https://raw.githubusercontent.com/PokeAPI/sprites/master/sprites/pokemon/shiny/677.png,https://raw.githubusercontent.com/PokeAPI/sprites/master/sprites/pokemon/back/677.png,https://raw.githubusercontent.com/PokeAPI/sprites/master/sprites/pokemon/back/shiny/677.png,https://raw.githubusercontent.com/PokeAPI/sprites/master/sprites/pokemon/other/official-artwork/677.png
678,meowstic-male,psychic,https://raw.githubusercontent.com/PokeAPI/sprites/master/sprites/pokemon/678.png,https://raw.githubusercontent.com/PokeAPI/sprites/master/sprites/pokemon/shiny/678.png,https://raw.githubusercontent.com/PokeAPI/sprites/master/sprites/pokemon/back/678.png,https://raw.githubusercontent.com/PokeAPI/sprites/master/sprites/pokemon/back/shiny/678.png,https://raw.githubusercontent.com/PokeAPI/sprites/master/sprites/pokemon/other/official-artwork/678.png
679,honedge,"steel, ghost",https://raw.githubusercontent.com/PokeAPI/sprites/master/sprites/pokemon/679.png,https://raw.githubusercontent.com/PokeAPI/sprites/master/sprites/pokemon/shiny/679.png,,,https://raw.githubusercontent.com/PokeAPI/sprites/master/sprites/pokemon/other/official-artwork/679.png
680,doublade,"steel, ghost",https://raw.githubusercontent.com/PokeAPI/sprites/master/sprites/pokemon/680.png,https://raw.githubusercontent.com/PokeAPI/sprites/master/sprites/pokemon/shiny/680.png,,,https://raw.githubusercontent.com/PokeAPI/sprites/master/sprites/pokemon/other/official-artwork/680.png
681,aegislash-shield,"steel, ghost",https://raw.githubusercontent.com/PokeAPI/sprites/master/sprites/pokemon/681.png,https://raw.githubusercontent.com/PokeAPI/sprites/master/sprites/pokemon/shiny/681.png,,,https://raw.githubusercontent.com/PokeAPI/sprites/master/sprites/pokemon/other/official-artwork/681.png
682,spritzee,fairy,https://raw.githubusercontent.com/PokeAPI/sprites/master/sprites/pokemon/682.png,https://raw.githubusercontent.com/PokeAPI/sprites/master/sprites/pokemon/shiny/682.png,https://raw.githubusercontent.com/PokeAPI/sprites/master/sprites/pokemon/back/682.png,https://raw.githubusercontent.com/PokeAPI/sprites/master/sprites/pokemon/back/shiny/682.png,https://raw.githubusercontent.com/PokeAPI/sprites/master/sprites/pokemon/other/official-artwork/682.png
683,aromatisse,fairy,https://raw.githubusercontent.com/PokeAPI/sprites/master/sprites/pokemon/683.png,https://raw.githubusercontent.com/PokeAPI/sprites/master/sprites/pokemon/shiny/683.png,https://raw.githubusercontent.com/PokeAPI/sprites/master/sprites/pokemon/back/683.png,https://raw.githubusercontent.com/PokeAPI/sprites/master/sprites/pokemon/back/shiny/683.png,https://raw.githubusercontent.com/PokeAPI/sprites/master/sprites/pokemon/other/official-artwork/683.png
684,swirlix,fairy,https://raw.githubusercontent.com/PokeAPI/sprites/master/sprites/pokemon/684.png,https://raw.githubusercontent.com/PokeAPI/sprites/master/sprites/pokemon/shiny/684.png,https://raw.githubusercontent.com/PokeAPI/sprites/master/sprites/pokemon/back/684.png,https://raw.githubusercontent.com/PokeAPI/sprites/master/sprites/pokemon/back/shiny/684.png,https://raw.githubusercontent.com/PokeAPI/sprites/master/sprites/pokemon/other/official-artwork/684.png
685,slurpuff,fairy,https://raw.githubusercontent.com/PokeAPI/sprites/master/sprites/pokemon/685.png,https://raw.githubusercontent.com/PokeAPI/sprites/master/sprites/pokemon/shiny/685.png,https://raw.githubusercontent.com/PokeAPI/sprites/master/sprites/pokemon/back/685.png,https://raw.githubusercontent.com/PokeAPI/sprites/master/sprites/pokemon/back/shiny/685.png,https://raw.githubusercontent.com/PokeAPI/sprites/master/sprites/pokemon/other/official-artwork/685.png
686,inkay,"dark, psychic",https://raw.githubusercontent.com/PokeAPI/sprites/master/sprites/pokemon/686.png,https://raw.githubusercontent.com/PokeAPI/sprites/master/sprites/pokemon/shiny/686.png,https://raw.githubusercontent.com/PokeAPI/sprites/master/sprites/pokemon/back/686.png,https://raw.githubusercontent.com/PokeAPI/sprites/master/sprites/pokemon/back/shiny/686.png,https://raw.githubusercontent.com/PokeAPI/sprites/master/sprites/pokemon/other/official-artwork/686.png
687,malamar,"dark, psychic",https://raw.githubusercontent.com/PokeAPI/sprites/master/sprites/pokemon/687.png,https://raw.githubusercontent.com/PokeAPI/sprites/master/sprites/pokemon/shiny/687.png,,,https://raw.githubusercontent.com/PokeAPI/sprites/master/sprites/pokemon/other/official-artwork/687.png
688,binacle,"rock, water",https://raw.githubusercontent.com/PokeAPI/sprites/master/sprites/pokemon/688.png,https://raw.githubusercontent.com/PokeAPI/sprites/master/sprites/pokemon/shiny/688.png,https://raw.githubusercontent.com/PokeAPI/sprites/master/sprites/pokemon/back/688.png,https://raw.githubusercontent.com/PokeAPI/sprites/master/sprites/pokemon/back/shiny/688.png,https://raw.githubusercontent.com/PokeAPI/sprites/master/sprites/pokemon/other/official-artwork/688.png
689,barbaracle,"rock, water",https://raw.githubusercontent.com/PokeAPI/sprites/master/sprites/pokemon/689.png,https://raw.githubusercontent.com/PokeAPI/sprites/master/sprites/pokemon/shiny/689.png,,,https://raw.githubusercontent.com/PokeAPI/sprites/master/sprites/pokemon/other/official-artwork/689.png
690,skrelp,"poison, water",https://raw.githubusercontent.com/PokeAPI/sprites/master/sprites/pokemon/690.png,https://raw.githubusercontent.com/PokeAPI/sprites/master/sprites/pokemon/shiny/690.png,https://raw.githubusercontent.com/PokeAPI/sprites/master/sprites/pokemon/back/690.png,https://raw.githubusercontent.com/PokeAPI/sprites/master/sprites/pokemon/back/shiny/690.png,https://raw.githubusercontent.com/PokeAPI/sprites/master/sprites/pokemon/other/official-artwork/690.png
691,dragalge,"poison, dragon",https://raw.githubusercontent.com/PokeAPI/sprites/master/sprites/pokemon/691.png,https://raw.githubusercontent.com/PokeAPI/sprites/master/sprites/pokemon/shiny/691.png,,,https://raw.githubusercontent.com/PokeAPI/sprites/master/sprites/pokemon/other/official-artwork/691.png
692,clauncher,water,https://raw.githubusercontent.com/PokeAPI/sprites/master/sprites/pokemon/692.png,https://raw.githubusercontent.com/PokeAPI/sprites/master/sprites/pokemon/shiny/692.png,https://raw.githubusercontent.com/PokeAPI/sprites/master/sprites/pokemon/back/692.png,https://raw.githubusercontent.com/PokeAPI/sprites/master/sprites/pokemon/back/shiny/692.png,https://raw.githubusercontent.com/PokeAPI/sprites/master/sprites/pokemon/other/official-artwork/692.png
693,clawitzer,water,https://raw.githubusercontent.com/PokeAPI/sprites/master/sprites/pokemon/693.png,https://raw.githubusercontent.com/PokeAPI/sprites/master/sprites/pokemon/shiny/693.png,,,https://raw.githubusercontent.com/PokeAPI/sprites/master/sprites/pokemon/other/official-artwork/693.png
694,helioptile,"electric, normal",https://raw.githubusercontent.com/PokeAPI/sprites/master/sprites/pokemon/694.png,https://raw.githubusercontent.com/PokeAPI/sprites/master/sprites/pokemon/shiny/694.png,https://raw.githubusercontent.com/PokeAPI/sprites/master/sprites/pokemon/back/694.png,https://raw.githubusercontent.com/PokeAPI/sprites/master/sprites/pokemon/back/shiny/694.png,https://raw.githubusercontent.com/PokeAPI/sprites/master/sprites/pokemon/other/official-artwork/694.png
695,heliolisk,"electric, normal",https://raw.githubusercontent.com/PokeAPI/sprites/master/sprites/pokemon/695.png,https://raw.githubusercontent.com/PokeAPI/sprites/master/sprites/pokemon/shiny/695.png,,,https://raw.githubusercontent.com/PokeAPI/sprites/master/sprites/pokemon/other/official-artwork/695.png
696,tyrunt,"rock, dragon",https://raw.githubusercontent.com/PokeAPI/sprites/master/sprites/pokemon/696.png,https://raw.githubusercontent.com/PokeAPI/sprites/master/sprites/pokemon/shiny/696.png,,,https://raw.githubusercontent.com/PokeAPI/sprites/master/sprites/pokemon/other/official-artwork/696.png
697,tyrantrum,"rock, dragon",https://raw.githubusercontent.com/PokeAPI/sprites/master/sprites/pokemon/697.png,https://raw.githubusercontent.com/PokeAPI/sprites/master/sprites/pokemon/shiny/697.png,https://raw.githubusercontent.com/PokeAPI/sprites/master/sprites/pokemon/back/697.png,https://raw.githubusercontent.com/PokeAPI/sprites/master/sprites/pokemon/back/shiny/697.png,https://raw.githubusercontent.com/PokeAPI/sprites/master/sprites/pokemon/other/official-artwork/697.png
698,amaura,"rock, ice",https://raw.githubusercontent.com/PokeAPI/sprites/master/sprites/pokemon/698.png,https://raw.githubusercontent.com/PokeAPI/sprites/master/sprites/pokemon/shiny/698.png,,,https://raw.githubusercontent.com/PokeAPI/sprites/master/sprites/pokemon/other/official-artwork/698.png
699,aurorus,"rock, ice",https://raw.githubusercontent.com/PokeAPI/sprites/master/sprites/pokemon/699.png,https://raw.githubusercontent.com/PokeAPI/sprites/master/sprites/pokemon/shiny/699.png,,,https://raw.githubusercontent.com/PokeAPI/sprites/master/sprites/pokemon/other/official-artwork/699.png
700,sylveon,fairy,https://raw.githubusercontent.com/PokeAPI/sprites/master/sprites/pokemon/700.png,https://raw.githubusercontent.com/PokeAPI/sprites/master/sprites/pokemon/shiny/700.png,,,https://raw.githubusercontent.com/PokeAPI/sprites/master/sprites/pokemon/other/official-artwork/700.png
701,hawlucha,"fighting, flying",https://raw.githubusercontent.com/PokeAPI/sprites/master/sprites/pokemon/701.png,https://raw.githubusercontent.com/PokeAPI/sprites/master/sprites/pokemon/shiny/701.png,https://raw.githubusercontent.com/PokeAPI/sprites/master/sprites/pokemon/back/701.png,https://raw.githubusercontent.com/PokeAPI/sprites/master/sprites/pokemon/back/shiny/701.png,https://raw.githubusercontent.com/PokeAPI/sprites/master/sprites/pokemon/other/official-artwork/701.png
702,dedenne,"electric, fairy",https://raw.githubusercontent.com/PokeAPI/sprites/master/sprites/pokemon/702.png,https://raw.githubusercontent.com/PokeAPI/sprites/master/sprites/pokemon/shiny/702.png,https://raw.githubusercontent.com/PokeAPI/sprites/master/sprites/pokemon/back/702.png,https://raw.githubusercontent.com/PokeAPI/sprites/master/sprites/pokemon/back/shiny/702.png,https://raw.githubusercontent.com/PokeAPI/sprites/master/sprites/pokemon/other/official-artwork/702.png
703,carbink,"rock, fairy",https://raw.githubusercontent.com/PokeAPI/sprites/master/sprites/pokemon/703.png,https://raw.githubusercontent.com/PokeAPI/sprites/master/sprites/pokemon/shiny/703.png,https://raw.githubusercontent.com/PokeAPI/sprites/master/sprites/pokemon/back/703.png,https://raw.githubusercontent.com/PokeAPI/sprites/master/sprites/pokemon/back/shiny/703.png,https://raw.githubusercontent.com/PokeAPI/sprites/master/sprites/pokemon/other/official-artwork/703.png
704,goomy,dragon,https://raw.githubusercontent.com/PokeAPI/sprites/master/sprites/pokemon/704.png,https://raw.githubusercontent.com/PokeAPI/sprites/master/sprites/pokemon/shiny/704.png,https://raw.githubusercontent.com/PokeAPI/sprites/master/sprites/pokemon/back/704.png,https://raw.githubusercontent.com/PokeAPI/sprites/master/sprites/pokemon/back/shiny/704.png,https://raw.githubusercontent.com/PokeAPI/sprites/master/sprites/pokemon/other/official-artwork/704.png
705,sliggoo,dragon,https://raw.githubusercontent.com/PokeAPI/sprites/master/sprites/pokemon/705.png,https://raw.githubusercontent.com/PokeAPI/sprites/master/sprites/pokemon/shiny/705.png,,,https://raw.githubusercontent.com/PokeAPI/sprites/master/sprites/pokemon/other/official-artwork/705.png
706,goodra,dragon,https://raw.githubusercontent.com/PokeAPI/sprites/master/sprites/pokemon/706.png,https://raw.githubusercontent.com/PokeAPI/sprites/master/sprites/pokemon/shiny/706.png,,,https://raw.githubusercontent.com/PokeAPI/sprites/master/sprites/pokemon/other/official-artwork/706.png
707,klefki,"steel, fairy",https://raw.githubusercontent.com/PokeAPI/sprites/master/sprites/pokemon/707.png,https://raw.githubusercontent.com/PokeAPI/sprites/master/sprites/pokemon/shiny/707.png,https://raw.githubusercontent.com/PokeAPI/sprites/master/sprites/pokemon/back/707.png,https://raw.githubusercontent.com/PokeAPI/sprites/master/sprites/pokemon/back/shiny/707.png,https://raw.githubusercontent.com/PokeAPI/sprites/master/sprites/pokemon/other/official-artwork/707.png
708,phantump,"ghost, grass",https://raw.githubusercontent.com/PokeAPI/sprites/master/sprites/pokemon/708.png,https://raw.githubusercontent.com/PokeAPI/sprites/master/sprites/pokemon/shiny/708.png,https://raw.githubusercontent.com/PokeAPI/sprites/master/sprites/pokemon/back/708.png,https://raw.githubusercontent.com/PokeAPI/sprites/master/sprites/pokemon/back/shiny/708.png,https://raw.githubusercontent.com/PokeAPI/sprites/master/sprites/pokemon/other/official-artwork/708.png
709,trevenant,"ghost, grass",https://raw.githubusercontent.com/PokeAPI/sprites/master/sprites/pokemon/709.png,https://raw.githubusercontent.com/PokeAPI/sprites/master/sprites/pokemon/shiny/709.png,,,https://raw.githubusercontent.com/PokeAPI/sprites/master/sprites/pokemon/other/official-artwork/709.png
710,pumpkaboo-average,"ghost, grass",https://raw.githubusercontent.com/PokeAPI/sprites/master/sprites/pokemon/710.png,https://raw.githubusercontent.com/PokeAPI/sprites/master/sprites/pokemon/shiny/710.png,https://raw.githubusercontent.com/PokeAPI/sprites/master/sprites/pokemon/back/710.png,https://raw.githubusercontent.com/PokeAPI/sprites/master/sprites/pokemon/back/shiny/710.png,https://raw.githubusercontent.com/PokeAPI/sprites/master/sprites/pokemon/other/official-artwork/710.png
711,gourgeist-average,"ghost, grass",https://raw.githubusercontent.com/PokeAPI/sprites/master/sprites/pokemon/711.png,https://raw.githubusercontent.com/PokeAPI/sprites/master/sprites/pokemon/shiny/711.png,,,https://raw.githubusercontent.com/PokeAPI/sprites/master/sprites/pokemon/other/official-artwork/711.png
712,bergmite,ice,https://raw.githubusercontent.com/PokeAPI/sprites/master/sprites/pokemon/712.png,https://raw.githubusercontent.com/PokeAPI/sprites/master/sprites/pokemon/shiny/712.png,https://raw.githubusercontent.com/PokeAPI/sprites/master/sprites/pokemon/back/712.png,https://raw.githubusercontent.com/PokeAPI/sprites/master/sprites/pokemon/back/shiny/712.png,https://raw.githubusercontent.com/PokeAPI/sprites/master/sprites/pokemon/other/official-artwork/712.png
713,avalugg,ice,https://raw.githubusercontent.com/PokeAPI/sprites/master/sprites/pokemon/713.png,https://raw.githubusercontent.com/PokeAPI/sprites/master/sprites/pokemon/shiny/713.png,,,https://raw.githubusercontent.com/PokeAPI/sprites/master/sprites/pokemon/other/official-artwork/713.png
714,noibat,"flying, dragon",https://raw.githubusercontent.com/PokeAPI/sprites/master/sprites/pokemon/714.png,https://raw.githubusercontent.com/PokeAPI/sprites/master/sprites/pokemon/shiny/714.png,,,https://raw.githubusercontent.com/PokeAPI/sprites/master/sprites/pokemon/other/official-artwork/714.png
715,noivern,"flying, dragon",https://raw.githubusercontent.com/PokeAPI/sprites/master/sprites/pokemon/715.png,https://raw.githubusercontent.com/PokeAPI/sprites/master/sprites/pokemon/shiny/715.png,,,https://raw.githubusercontent.com/PokeAPI/sprites/master/sprites/pokemon/other/official-artwork/715.png
716,xerneas,fairy,https://raw.githubusercontent.com/PokeAPI/sprites/master/sprites/pokemon/716.png,https://raw.githubusercontent.com/PokeAPI/sprites/master/sprites/pokemon/shiny/716.png,,,https://raw.githubusercontent.com/PokeAPI/sprites/master/sprites/pokemon/other/official-artwork/716.png
717,yveltal,"dark, flying",https://raw.githubusercontent.com/PokeAPI/sprites/master/sprites/pokemon/717.png,https://raw.githubusercontent.com/PokeAPI/sprites/master/sprites/pokemon/shiny/717.png,,,https://raw.githubusercontent.com/PokeAPI/sprites/master/sprites/pokemon/other/official-artwork/717.png
718,zygarde-50,"dragon, ground",https://raw.githubusercontent.com/PokeAPI/sprites/master/sprites/pokemon/718.png,https://raw.githubusercontent.com/PokeAPI/sprites/master/sprites/pokemon/shiny/718.png,,,https://raw.githubusercontent.com/PokeAPI/sprites/master/sprites/pokemon/other/official-artwork/718.png
719,diancie,"rock, fairy",https://raw.githubusercontent.com/PokeAPI/sprites/master/sprites/pokemon/719.png,https://raw.githubusercontent.com/PokeAPI/sprites/master/sprites/pokemon/shiny/719.png,,,https://raw.githubusercontent.com/PokeAPI/sprites/master/sprites/pokemon/other/official-artwork/719.png
720,hoopa,"psychic, ghost",https://raw.githubusercontent.com/PokeAPI/sprites/master/sprites/pokemon/720.png,https://raw.githubusercontent.com/PokeAPI/sprites/master/sprites/pokemon/shiny/720.png,https://raw.githubusercontent.com/PokeAPI/sprites/master/sprites/pokemon/back/720.png,https://raw.githubusercontent.com/PokeAPI/sprites/master/sprites/pokemon/back/shiny/720.png,https://raw.githubusercontent.com/PokeAPI/sprites/master/sprites/pokemon/other/official-artwork/720.png
721,volcanion,"fire, water",https://raw.githubusercontent.com/PokeAPI/sprites/master/sprites/pokemon/721.png,https://raw.githubusercontent.com/PokeAPI/sprites/master/sprites/pokemon/shiny/721.png,,,https://raw.githubusercontent.com/PokeAPI/sprites/master/sprites/pokemon/other/official-artwork/721.png
722,rowlet,"grass, flying",https://raw.githubusercontent.com/PokeAPI/sprites/master/sprites/pokemon/722.png,https://raw.githubusercontent.com/PokeAPI/sprites/master/sprites/pokemon/shiny/722.png,https://raw.githubusercontent.com/PokeAPI/sprites/master/sprites/pokemon/back/722.png,https://raw.githubusercontent.com/PokeAPI/sprites/master/sprites/pokemon/back/shiny/722.png,https://raw.githubusercontent.com/PokeAPI/sprites/master/sprites/pokemon/other/official-artwork/722.png
723,dartrix,"grass, flying",https://raw.githubusercontent.com/PokeAPI/sprites/master/sprites/pokemon/723.png,https://raw.githubusercontent.com/PokeAPI/sprites/master/sprites/pokemon/shiny/723.png,https://raw.githubusercontent.com/PokeAPI/sprites/master/sprites/pokemon/back/723.png,https://raw.githubusercontent.com/PokeAPI/sprites/master/sprites/pokemon/back/shiny/723.png,https://raw.githubusercontent.com/PokeAPI/sprites/master/sprites/pokemon/other/official-artwork/723.png
724,decidueye,"grass, ghost",https://raw.githubusercontent.com/PokeAPI/sprites/master/sprites/pokemon/724.png,https://raw.githubusercontent.com/PokeAPI/sprites/master/sprites/pokemon/shiny/724.png,https://raw.githubusercontent.com/PokeAPI/sprites/master/sprites/pokemon/back/724.png,https://raw.githubusercontent.com/PokeAPI/sprites/master/sprites/pokemon/back/shiny/724.png,https://raw.githubusercontent.com/PokeAPI/sprites/master/sprites/pokemon/other/official-artwork/724.png
725,litten,fire,https://raw.githubusercontent.com/PokeAPI/sprites/master/sprites/pokemon/725.png,https://raw.githubusercontent.com/PokeAPI/sprites/master/sprites/pokemon/shiny/725.png,https://raw.githubusercontent.com/PokeAPI/sprites/master/sprites/pokemon/back/725.png,https://raw.githubusercontent.com/PokeAPI/sprites/master/sprites/pokemon/back/shiny/725.png,https://raw.githubusercontent.com/PokeAPI/sprites/master/sprites/pokemon/other/official-artwork/725.png
726,torracat,fire,https://raw.githubusercontent.com/PokeAPI/sprites/master/sprites/pokemon/726.png,https://raw.githubusercontent.com/PokeAPI/sprites/master/sprites/pokemon/shiny/726.png,https://raw.githubusercontent.com/PokeAPI/sprites/master/sprites/pokemon/back/726.png,https://raw.githubusercontent.com/PokeAPI/sprites/master/sprites/pokemon/back/shiny/726.png,https://raw.githubusercontent.com/PokeAPI/sprites/master/sprites/pokemon/other/official-artwork/726.png
727,incineroar,"fire, dark",https://raw.githubusercontent.com/PokeAPI/sprites/master/sprites/pokemon/727.png,https://raw.githubusercontent.com/PokeAPI/sprites/master/sprites/pokemon/shiny/727.png,https://raw.githubusercontent.com/PokeAPI/sprites/master/sprites/pokemon/back/727.png,https://raw.githubusercontent.com/PokeAPI/sprites/master/sprites/pokemon/back/shiny/727.png,https://raw.githubusercontent.com/PokeAPI/sprites/master/sprites/pokemon/other/official-artwork/727.png
728,popplio,water,https://raw.githubusercontent.com/PokeAPI/sprites/master/sprites/pokemon/728.png,https://raw.githubusercontent.com/PokeAPI/sprites/master/sprites/pokemon/shiny/728.png,https://raw.githubusercontent.com/PokeAPI/sprites/master/sprites/pokemon/back/728.png,https://raw.githubusercontent.com/PokeAPI/sprites/master/sprites/pokemon/back/shiny/728.png,https://raw.githubusercontent.com/PokeAPI/sprites/master/sprites/pokemon/other/official-artwork/728.png
729,brionne,water,https://raw.githubusercontent.com/PokeAPI/sprites/master/sprites/pokemon/729.png,https://raw.githubusercontent.com/PokeAPI/sprites/master/sprites/pokemon/shiny/729.png,https://raw.githubusercontent.com/PokeAPI/sprites/master/sprites/pokemon/back/729.png,https://raw.githubusercontent.com/PokeAPI/sprites/master/sprites/pokemon/back/shiny/729.png,https://raw.githubusercontent.com/PokeAPI/sprites/master/sprites/pokemon/other/official-artwork/729.png
730,primarina,"water, fairy",https://raw.githubusercontent.com/PokeAPI/sprites/master/sprites/pokemon/730.png,https://raw.githubusercontent.com/PokeAPI/sprites/master/sprites/pokemon/shiny/730.png,https://raw.githubusercontent.com/PokeAPI/sprites/master/sprites/pokemon/back/730.png,https://raw.githubusercontent.com/PokeAPI/sprites/master/sprites/pokemon/back/shiny/730.png,https://raw.githubusercontent.com/PokeAPI/sprites/master/sprites/pokemon/other/official-artwork/730.png
731,pikipek,"normal, flying",https://raw.githubusercontent.com/PokeAPI/sprites/master/sprites/pokemon/731.png,https://raw.githubusercontent.com/PokeAPI/sprites/master/sprites/pokemon/shiny/731.png,https://raw.githubusercontent.com/PokeAPI/sprites/master/sprites/pokemon/back/731.png,https://raw.githubusercontent.com/PokeAPI/sprites/master/sprites/pokemon/back/shiny/731.png,https://raw.githubusercontent.com/PokeAPI/sprites/master/sprites/pokemon/other/official-artwork/731.png
732,trumbeak,"normal, flying",https://raw.githubusercontent.com/PokeAPI/sprites/master/sprites/pokemon/732.png,https://raw.githubusercontent.com/PokeAPI/sprites/master/sprites/pokemon/shiny/732.png,https://raw.githubusercontent.com/PokeAPI/sprites/master/sprites/pokemon/back/732.png,https://raw.githubusercontent.com/PokeAPI/sprites/master/sprites/pokemon/back/shiny/732.png,https://raw.githubusercontent.com/PokeAPI/sprites/master/sprites/pokemon/other/official-artwork/732.png
733,toucannon,"normal, flying",https://raw.githubusercontent.com/PokeAPI/sprites/master/sprites/pokemon/733.png,https://raw.githubusercontent.com/PokeAPI/sprites/master/sprites/pokemon/shiny/733.png,https://raw.githubusercontent.com/PokeAPI/sprites/master/sprites/pokemon/back/733.png,https://raw.githubusercontent.com/PokeAPI/sprites/master/sprites/pokemon/back/shiny/733.png,https://raw.githubusercontent.com/PokeAPI/sprites/master/sprites/pokemon/other/official-artwork/733.png
734,yungoos,normal,https://raw.githubusercontent.com/PokeAPI/sprites/master/sprites/pokemon/734.png,https://raw.githubusercontent.com/PokeAPI/sprites/master/sprites/pokemon/shiny/734.png,https://raw.githubusercontent.com/PokeAPI/sprites/master/sprites/pokemon/back/734.png,https://raw.githubusercontent.com/PokeAPI/sprites/master/sprites/pokemon/back/shiny/734.png,https://raw.githubusercontent.com/PokeAPI/sprites/master/sprites/pokemon/other/official-artwork/734.png
735,gumshoos,normal,https://raw.githubusercontent.com/PokeAPI/sprites/master/sprites/pokemon/735.png,https://raw.githubusercontent.com/PokeAPI/sprites/master/sprites/pokemon/shiny/735.png,https://raw.githubusercontent.com/PokeAPI/sprites/master/sprites/pokemon/back/735.png,https://raw.githubusercontent.com/PokeAPI/sprites/master/sprites/pokemon/back/shiny/735.png,https://raw.githubusercontent.com/PokeAPI/sprites/master/sprites/pokemon/other/official-artwork/735.png
736,grubbin,bug,https://raw.githubusercontent.com/PokeAPI/sprites/master/sprites/pokemon/736.png,https://raw.githubusercontent.com/PokeAPI/sprites/master/sprites/pokemon/shiny/736.png,https://raw.githubusercontent.com/PokeAPI/sprites/master/sprites/pokemon/back/736.png,https://raw.githubusercontent.com/PokeAPI/sprites/master/sprites/pokemon/back/shiny/736.png,https://raw.githubusercontent.com/PokeAPI/sprites/master/sprites/pokemon/other/official-artwork/736.png
737,charjabug,"bug, electric",https://raw.githubusercontent.com/PokeAPI/sprites/master/sprites/pokemon/737.png,https://raw.githubusercontent.com/PokeAPI/sprites/master/sprites/pokemon/shiny/737.png,https://raw.githubusercontent.com/PokeAPI/sprites/master/sprites/pokemon/back/737.png,https://raw.githubusercontent.com/PokeAPI/sprites/master/sprites/pokemon/back/shiny/737.png,https://raw.githubusercontent.com/PokeAPI/sprites/master/sprites/pokemon/other/official-artwork/737.png
738,vikavolt,"bug, electric",https://raw.githubusercontent.com/PokeAPI/sprites/master/sprites/pokemon/738.png,https://raw.githubusercontent.com/PokeAPI/sprites/master/sprites/pokemon/shiny/738.png,https://raw.githubusercontent.com/PokeAPI/sprites/master/sprites/pokemon/back/738.png,https://raw.githubusercontent.com/PokeAPI/sprites/master/sprites/pokemon/back/shiny/738.png,https://raw.githubusercontent.com/PokeAPI/sprites/master/sprites/pokemon/other/official-artwork/738.png
739,crabrawler,fighting,https://raw.githubusercontent.com/PokeAPI/sprites/master/sprites/pokemon/739.png,https://raw.githubusercontent.com/PokeAPI/sprites/master/sprites/pokemon/shiny/739.png,https://raw.githubusercontent.com/PokeAPI/sprites/master/sprites/pokemon/back/739.png,https://raw.githubusercontent.com/PokeAPI/sprites/master/sprites/pokemon/back/shiny/739.png,https://raw.githubusercontent.com/PokeAPI/sprites/master/sprites/pokemon/other/official-artwork/739.png
740,crabominable,"fighting, ice",https://raw.githubusercontent.com/PokeAPI/sprites/master/sprites/pokemon/740.png,https://raw.githubusercontent.com/PokeAPI/sprites/master/sprites/pokemon/shiny/740.png,https://raw.githubusercontent.com/PokeAPI/sprites/master/sprites/pokemon/back/740.png,https://raw.githubusercontent.com/PokeAPI/sprites/master/sprites/pokemon/back/shiny/740.png,https://raw.githubusercontent.com/PokeAPI/sprites/master/sprites/pokemon/other/official-artwork/740.png
741,oricorio-baile,"fire, flying",https://raw.githubusercontent.com/PokeAPI/sprites/master/sprites/pokemon/741.png,https://raw.githubusercontent.com/PokeAPI/sprites/master/sprites/pokemon/shiny/741.png,https://raw.githubusercontent.com/PokeAPI/sprites/master/sprites/pokemon/back/741.png,https://raw.githubusercontent.com/PokeAPI/sprites/master/sprites/pokemon/back/shiny/741.png,https://raw.githubusercontent.com/PokeAPI/sprites/master/sprites/pokemon/other/official-artwork/741.png
742,cutiefly,"bug, fairy",https://raw.githubusercontent.com/PokeAPI/sprites/master/sprites/pokemon/742.png,https://raw.githubusercontent.com/PokeAPI/sprites/master/sprites/pokemon/shiny/742.png,https://raw.githubusercontent.com/PokeAPI/sprites/master/sprites/pokemon/back/742.png,https://raw.githubusercontent.com/PokeAPI/sprites/master/sprites/pokemon/back/shiny/742.png,https://raw.githubusercontent.com/PokeAPI/sprites/master/sprites/pokemon/other/official-artwork/742.png
743,ribombee,"bug, fairy",https://raw.githubusercontent.com/PokeAPI/sprites/master/sprites/pokemon/743.png,https://raw.githubusercontent.com/PokeAPI/sprites/master/sprites/pokemon/shiny/743.png,https://raw.githubusercontent.com/PokeAPI/sprites/master/sprites/pokemon/back/743.png,https://raw.githubusercontent.com/PokeAPI/sprites/master/sprites/pokemon/back/shiny/743.png,https://raw.githubusercontent.com/PokeAPI/sprites/master/sprites/pokemon/other/official-artwork/743.png
744,rockruff,rock,https://raw.githubusercontent.com/PokeAPI/sprites/master/sprites/pokemon/744.png,https://raw.githubusercontent.com/PokeAPI/sprites/master/sprites/pokemon/shiny/744.png,https://raw.githubusercontent.com/PokeAPI/sprites/master/sprites/pokemon/back/744.png,https://raw.githubusercontent.com/PokeAPI/sprites/master/sprites/pokemon/back/shiny/744.png,https://raw.githubusercontent.com/PokeAPI/sprites/master/sprites/pokemon/other/official-artwork/744.png
745,lycanroc-midday,rock,https://raw.githubusercontent.com/PokeAPI/sprites/master/sprites/pokemon/745.png,https://raw.githubusercontent.com/PokeAPI/sprites/master/sprites/pokemon/shiny/745.png,https://raw.githubusercontent.com/PokeAPI/sprites/master/sprites/pokemon/back/745.png,https://raw.githubusercontent.com/PokeAPI/sprites/master/sprites/pokemon/back/shiny/745.png,https://raw.githubusercontent.com/PokeAPI/sprites/master/sprites/pokemon/other/official-artwork/745.png
746,wishiwashi-solo,water,https://raw.githubusercontent.com/PokeAPI/sprites/master/sprites/pokemon/746.png,https://raw.githubusercontent.com/PokeAPI/sprites/master/sprites/pokemon/shiny/746.png,https://raw.githubusercontent.com/PokeAPI/sprites/master/sprites/pokemon/back/746.png,https://raw.githubusercontent.com/PokeAPI/sprites/master/sprites/pokemon/back/shiny/746.png,https://raw.githubusercontent.com/PokeAPI/sprites/master/sprites/pokemon/other/official-artwork/746.png
747,mareanie,"poison, water",https://raw.githubusercontent.com/PokeAPI/sprites/master/sprites/pokemon/747.png,https://raw.githubusercontent.com/PokeAPI/sprites/master/sprites/pokemon/shiny/747.png,https://raw.githubusercontent.com/PokeAPI/sprites/master/sprites/pokemon/back/747.png,https://raw.githubusercontent.com/PokeAPI/sprites/master/sprites/pokemon/back/shiny/747.png,https://raw.githubusercontent.com/PokeAPI/sprites/master/sprites/pokemon/other/official-artwork/747.png
748,toxapex,"poison, water",https://raw.githubusercontent.com/PokeAPI/sprites/master/sprites/pokemon/748.png,https://raw.githubusercontent.com/PokeAPI/sprites/master/sprites/pokemon/shiny/748.png,https://raw.githubusercontent.com/PokeAPI/sprites/master/sprites/pokemon/back/748.png,https://raw.githubusercontent.com/PokeAPI/sprites/master/sprites/pokemon/back/shiny/748.png,https://raw.githubusercontent.com/PokeAPI/sprites/master/sprites/pokemon/other/official-artwork/748.png
749,mudbray,ground,https://raw.githubusercontent.com/PokeAPI/sprites/master/sprites/pokemon/749.png,https://raw.githubusercontent.com/PokeAPI/sprites/master/sprites/pokemon/shiny/749.png,https://raw.githubusercontent.com/PokeAPI/sprites/master/sprites/pokemon/back/749.png,https://raw.githubusercontent.com/PokeAPI/sprites/master/sprites/pokemon/back/shiny/749.png,https://raw.githubusercontent.com/PokeAPI/sprites/master/sprites/pokemon/other/official-artwork/749.png
750,mudsdale,ground,https://raw.githubusercontent.com/PokeAPI/sprites/master/sprites/pokemon/750.png,https://raw.githubusercontent.com/PokeAPI/sprites/master/sprites/pokemon/shiny/750.png,https://raw.githubusercontent.com/PokeAPI/sprites/master/sprites/pokemon/back/750.png,https://raw.githubusercontent.com/PokeAPI/sprites/master/sprites/pokemon/back/shiny/750.png,https://raw.githubusercontent.com/PokeAPI/sprites/master/sprites/pokemon/other/official-artwork/750.png
751,dewpider,"water, bug",https://raw.githubusercontent.com/PokeAPI/sprites/master/sprites/pokemon/751.png,https://raw.githubusercontent.com/PokeAPI/sprites/master/sprites/pokemon/shiny/751.png,https://raw.githubusercontent.com/PokeAPI/sprites/master/sprites/pokemon/back/751.png,https://raw.githubusercontent.com/PokeAPI/sprites/master/sprites/pokemon/back/shiny/751.png,https://raw.githubusercontent.com/PokeAPI/sprites/master/sprites/pokemon/other/official-artwork/751.png
752,araquanid,"water, bug",https://raw.githubusercontent.com/PokeAPI/sprites/master/sprites/pokemon/752.png,https://raw.githubusercontent.com/PokeAPI/sprites/master/sprites/pokemon/shiny/752.png,https://raw.githubusercontent.com/PokeAPI/sprites/master/sprites/pokemon/back/752.png,https://raw.githubusercontent.com/PokeAPI/sprites/master/sprites/pokemon/back/shiny/752.png,https://raw.githubusercontent.com/PokeAPI/sprites/master/sprites/pokemon/other/official-artwork/752.png
753,fomantis,grass,https://raw.githubusercontent.com/PokeAPI/sprites/master/sprites/pokemon/753.png,https://raw.githubusercontent.com/PokeAPI/sprites/master/sprites/pokemon/shiny/753.png,https://raw.githubusercontent.com/PokeAPI/sprites/master/sprites/pokemon/back/753.png,https://raw.githubusercontent.com/PokeAPI/sprites/master/sprites/pokemon/back/shiny/753.png,https://raw.githubusercontent.com/PokeAPI/sprites/master/sprites/pokemon/other/official-artwork/753.png
754,lurantis,grass,https://raw.githubusercontent.com/PokeAPI/sprites/master/sprites/pokemon/754.png,https://raw.githubusercontent.com/PokeAPI/sprites/master/sprites/pokemon/shiny/754.png,https://raw.githubusercontent.com/PokeAPI/sprites/master/sprites/pokemon/back/754.png,https://raw.githubusercontent.com/PokeAPI/sprites/master/sprites/pokemon/back/shiny/754.png,https://raw.githubusercontent.com/PokeAPI/sprites/master/sprites/pokemon/other/official-artwork/754.png
755,morelull,"grass, fairy",https://raw.githubusercontent.com/PokeAPI/sprites/master/sprites/pokemon/755.png,https://raw.githubusercontent.com/PokeAPI/sprites/master/sprites/pokemon/shiny/755.png,https://raw.githubusercontent.com/PokeAPI/sprites/master/sprites/pokemon/back/755.png,https://raw.githubusercontent.com/PokeAPI/sprites/master/sprites/pokemon/back/shiny/755.png,https://raw.githubusercontent.com/PokeAPI/sprites/master/sprites/pokemon/other/official-artwork/755.png
756,shiinotic,"grass, fairy",https://raw.githubusercontent.com/PokeAPI/sprites/master/sprites/pokemon/756.png,https://raw.githubusercontent.com/PokeAPI/sprites/master/sprites/pokemon/shiny/756.png,https://raw.githubusercontent.com/PokeAPI/sprites/master/sprites/pokemon/back/756.png,https://raw.githubusercontent.com/PokeAPI/sprites/master/sprites/pokemon/back/shiny/756.png,https://raw.githubusercontent.com/PokeAPI/sprites/master/sprites/pokemon/other/official-artwork/756.png
757,salandit,"poison, fire",https://raw.githubusercontent.com/PokeAPI/sprites/master/sprites/pokemon/757.png,https://raw.githubusercontent.com/PokeAPI/sprites/master/sprites/pokemon/shiny/757.png,https://raw.githubusercontent.com/PokeAPI/sprites/master/sprites/pokemon/back/757.png,https://raw.githubusercontent.com/PokeAPI/sprites/master/sprites/pokemon/back/shiny/757.png,https://raw.githubusercontent.com/PokeAPI/sprites/master/sprites/pokemon/other/official-artwork/757.png
758,salazzle,"poison, fire",https://raw.githubusercontent.com/PokeAPI/sprites/master/sprites/pokemon/758.png,https://raw.githubusercontent.com/PokeAPI/sprites/master/sprites/pokemon/shiny/758.png,https://raw.githubusercontent.com/PokeAPI/sprites/master/sprites/pokemon/back/758.png,https://raw.githubusercontent.com/PokeAPI/sprites/master/sprites/pokemon/back/shiny/758.png,https://raw.githubusercontent.com/PokeAPI/sprites/master/sprites/pokemon/other/official-artwork/758.png
759,stufful,"normal, fighting",https://raw.githubusercontent.com/PokeAPI/sprites/master/sprites/pokemon/759.png,https://raw.githubusercontent.com/PokeAPI/sprites/master/sprites/pokemon/shiny/759.png,https://raw.githubusercontent.com/PokeAPI/sprites/master/sprites/pokemon/back/759.png,https://raw.githubusercontent.com/PokeAPI/sprites/master/sprites/pokemon/back/shiny/759.png,https://raw.githubusercontent.com/PokeAPI/sprites/master/sprites/pokemon/other/official-artwork/759.png
760,bewear,"normal, fighting",https://raw.githubusercontent.com/PokeAPI/sprites/master/sprites/pokemon/760.png,https://raw.githubusercontent.com/PokeAPI/sprites/master/sprites/pokemon/shiny/760.png,https://raw.githubusercontent.com/PokeAPI/sprites/master/sprites/pokemon/back/760.png,https://raw.githubusercontent.com/PokeAPI/sprites/master/sprites/pokemon/back/shiny/760.png,https://raw.githubusercontent.com/PokeAPI/sprites/master/sprites/pokemon/other/official-artwork/760.png
761,bounsweet,grass,https://raw.githubusercontent.com/PokeAPI/sprites/master/sprites/pokemon/761.png,https://raw.githubusercontent.com/PokeAPI/sprites/master/sprites/pokemon/shiny/761.png,https://raw.githubusercontent.com/PokeAPI/sprites/master/sprites/pokemon/back/761.png,https://raw.githubusercontent.com/PokeAPI/sprites/master/sprites/pokemon/back/shiny/761.png,https://raw.githubusercontent.com/PokeAPI/sprites/master/sprites/pokemon/other/official-artwork/761.png
762,steenee,grass,https://raw.githubusercontent.com/PokeAPI/sprites/master/sprites/pokemon/762.png,https://raw.githubusercontent.com/PokeAPI/sprites/master/sprites/pokemon/shiny/762.png,https://raw.githubusercontent.com/PokeAPI/sprites/master/sprites/pokemon/back/762.png,https://raw.githubusercontent.com/PokeAPI/sprites/master/sprites/pokemon/back/shiny/762.png,https://raw.githubusercontent.com/PokeAPI/sprites/master/sprites/pokemon/other/official-artwork/762.png
763,tsareena,grass,https://raw.githubusercontent.com/PokeAPI/sprites/master/sprites/pokemon/763.png,https://raw.githubusercontent.com/PokeAPI/sprites/master/sprites/pokemon/shiny/763.png,https://raw.githubusercontent.com/PokeAPI/sprites/master/sprites/pokemon/back/763.png,https://raw.githubusercontent.com/PokeAPI/sprites/master/sprites/pokemon/back/shiny/763.png,https://raw.githubusercontent.com/PokeAPI/sprites/master/sprites/pokemon/other/official-artwork/763.png
764,comfey,fairy,https://raw.githubusercontent.com/PokeAPI/sprites/master/sprites/pokemon/764.png,https://raw.githubusercontent.com/PokeAPI/sprites/master/sprites/pokemon/shiny/764.png,https://raw.githubusercontent.com/PokeAPI/sprites/master/sprites/pokemon/back/764.png,https://raw.githubusercontent.com/PokeAPI/sprites/master/sprites/pokemon/back/shiny/764.png,https://raw.githubusercontent.com/PokeAPI/sprites/master/sprites/pokemon/other/official-artwork/764.png
765,oranguru,"normal, psychic",https://raw.githubusercontent.com/PokeAPI/sprites/master/sprites/pokemon/765.png,https://raw.githubusercontent.com/PokeAPI/sprites/master/sprites/pokemon/shiny/765.png,https://raw.githubusercontent.com/PokeAPI/sprites/master/sprites/pokemon/back/765.png,https://raw.githubusercontent.com/PokeAPI/sprites/master/sprites/pokemon/back/shiny/765.png,https://raw.githubusercontent.com/PokeAPI/sprites/master/sprites/pokemon/other/official-artwork/765.png
766,passimian,fighting,https://raw.githubusercontent.com/PokeAPI/sprites/master/sprites/pokemon/766.png,https://raw.githubusercontent.com/PokeAPI/sprites/master/sprites/pokemon/shiny/766.png,https://raw.githubusercontent.com/PokeAPI/sprites/master/sprites/pokemon/back/766.png,https://raw.githubusercontent.com/PokeAPI/sprites/master/sprites/pokemon/back/shiny/766.png,https://raw.githubusercontent.com/PokeAPI/sprites/master/sprites/pokemon/other/official-artwork/766.png
767,wimpod,"bug, water",https://raw.githubusercontent.com/PokeAPI/sprites/master/sprites/pokemon/767.png,https://raw.githubusercontent.com/PokeAPI/sprites/master/sprites/pokemon/shiny/767.png,https://raw.githubusercontent.com/PokeAPI/sprites/master/sprites/pokemon/back/767.png,https://raw.githubusercontent.com/PokeAPI/sprites/master/sprites/pokemon/back/shiny/767.png,https://raw.githubusercontent.com/PokeAPI/sprites/master/sprites/pokemon/other/official-artwork/767.png
768,golisopod,"bug, water",https://raw.githubusercontent.com/PokeAPI/sprites/master/sprites/pokemon/768.png,https://raw.githubusercontent.com/PokeAPI/sprites/master/sprites/pokemon/shiny/768.png,https://raw.githubusercontent.com/PokeAPI/sprites/master/sprites/pokemon/back/768.png,https://raw.githubusercontent.com/PokeAPI/sprites/master/sprites/pokemon/back/shiny/768.png,https://raw.githubusercontent.com/PokeAPI/sprites/master/sprites/pokemon/other/official-artwork/768.png
769,sandygast,"ghost, ground",https://raw.githubusercontent.com/PokeAPI/sprites/master/sprites/pokemon/769.png,https://raw.githubusercontent.com/PokeAPI/sprites/master/sprites/pokemon/shiny/769.png,https://raw.githubusercontent.com/PokeAPI/sprites/master/sprites/pokemon/back/769.png,https://raw.githubusercontent.com/PokeAPI/sprites/master/sprites/pokemon/back/shiny/769.png,https://raw.githubusercontent.com/PokeAPI/sprites/master/sprites/pokemon/other/official-artwork/769.png
770,palossand,"ghost, ground",https://raw.githubusercontent.com/PokeAPI/sprites/master/sprites/pokemon/770.png,https://raw.githubusercontent.com/PokeAPI/sprites/master/sprites/pokemon/shiny/770.png,https://raw.githubusercontent.com/PokeAPI/sprites/master/sprites/pokemon/back/770.png,https://raw.githubusercontent.com/PokeAPI/sprites/master/sprites/pokemon/back/shiny/770.png,https://raw.githubusercontent.com/PokeAPI/sprites/master/sprites/pokemon/other/official-artwork/770.png
771,pyukumuku,water,https://raw.githubusercontent.com/PokeAPI/sprites/master/sprites/pokemon/771.png,https://raw.githubusercontent.com/PokeAPI/sprites/master/sprites/pokemon/shiny/771.png,https://raw.githubusercontent.com/PokeAPI/sprites/master/sprites/pokemon/back/771.png,https://raw.githubusercontent.com/PokeAPI/sprites/master/sprites/pokemon/back/shiny/771.png,https://raw.githubusercontent.com/PokeAPI/sprites/master/sprites/pokemon/other/official-artwork/771.png
772,type-null,normal,https://raw.githubusercontent.com/PokeAPI/sprites/master/sprites/pokemon/772.png,https://raw.githubusercontent.com/PokeAPI/sprites/master/sprites/pokemon/shiny/772.png,https://raw.githubusercontent.com/PokeAPI/sprites/master/sprites/pokemon/back/772.png,https://raw.githubusercontent.com/PokeAPI/sprites/master/sprites/pokemon/back/shiny/772.png,https://raw.githubusercontent.com/PokeAPI/sprites/master/sprites/pokemon/other/official-artwork/772.png
773,silvally,normal,https://raw.githubusercontent.com/PokeAPI/sprites/master/sprites/pokemon/773.png,https://raw.githubusercontent.com/PokeAPI/sprites/master/sprites/pokemon/shiny/773.png,https://raw.githubusercontent.com/PokeAPI/sprites/master/sprites/pokemon/back/773.png,,https://raw.githubusercontent.com/PokeAPI/sprites/master/sprites/pokemon/other/official-artwork/773.png
774,minior-red-meteor,"rock, flying",https://raw.githubusercontent.com/PokeAPI/sprites/master/sprites/pokemon/774.png,https://raw.githubusercontent.com/PokeAPI/sprites/master/sprites/pokemon/shiny/774.png,https://raw.githubusercontent.com/PokeAPI/sprites/master/sprites/pokemon/back/774.png,https://raw.githubusercontent.com/PokeAPI/sprites/master/sprites/pokemon/back/shiny/774.png,https://raw.githubusercontent.com/PokeAPI/sprites/master/sprites/pokemon/other/official-artwork/774.png
775,komala,normal,https://raw.githubusercontent.com/PokeAPI/sprites/master/sprites/pokemon/775.png,https://raw.githubusercontent.com/PokeAPI/sprites/master/sprites/pokemon/shiny/775.png,https://raw.githubusercontent.com/PokeAPI/sprites/master/sprites/pokemon/back/775.png,https://raw.githubusercontent.com/PokeAPI/sprites/master/sprites/pokemon/back/shiny/775.png,https://raw.githubusercontent.com/PokeAPI/sprites/master/sprites/pokemon/other/official-artwork/775.png
776,turtonator,"fire, dragon",https://raw.githubusercontent.com/PokeAPI/sprites/master/sprites/pokemon/776.png,https://raw.githubusercontent.com/PokeAPI/sprites/master/sprites/pokemon/shiny/776.png,https://raw.githubusercontent.com/PokeAPI/sprites/master/sprites/pokemon/back/776.png,https://raw.githubusercontent.com/PokeAPI/sprites/master/sprites/pokemon/back/shiny/776.png,https://raw.githubusercontent.com/PokeAPI/sprites/master/sprites/pokemon/other/official-artwork/776.png
777,togedemaru,"electric, steel",https://raw.githubusercontent.com/PokeAPI/sprites/master/sprites/pokemon/777.png,https://raw.githubusercontent.com/PokeAPI/sprites/master/sprites/pokemon/shiny/777.png,https://raw.githubusercontent.com/PokeAPI/sprites/master/sprites/pokemon/back/777.png,https://raw.githubusercontent.com/PokeAPI/sprites/master/sprites/pokemon/back/shiny/777.png,https://raw.githubusercontent.com/PokeAPI/sprites/master/sprites/pokemon/other/official-artwork/777.png
778,mimikyu-disguised,"ghost, fairy",https://raw.githubusercontent.com/PokeAPI/sprites/master/sprites/pokemon/778.png,https://raw.githubusercontent.com/PokeAPI/sprites/master/sprites/pokemon/shiny/778.png,https://raw.githubusercontent.com/PokeAPI/sprites/master/sprites/pokemon/back/778.png,https://raw.githubusercontent.com/PokeAPI/sprites/master/sprites/pokemon/back/shiny/778.png,https://raw.githubusercontent.com/PokeAPI/sprites/master/sprites/pokemon/other/official-artwork/778.png
779,bruxish,"water, psychic",https://raw.githubusercontent.com/PokeAPI/sprites/master/sprites/pokemon/779.png,https://raw.githubusercontent.com/PokeAPI/sprites/master/sprites/pokemon/shiny/779.png,https://raw.githubusercontent.com/PokeAPI/sprites/master/sprites/pokemon/back/779.png,https://raw.githubusercontent.com/PokeAPI/sprites/master/sprites/pokemon/back/shiny/779.png,https://raw.githubusercontent.com/PokeAPI/sprites/master/sprites/pokemon/other/official-artwork/779.png
780,drampa,"normal, dragon",https://raw.githubusercontent.com/PokeAPI/sprites/master/sprites/pokemon/780.png,https://raw.githubusercontent.com/PokeAPI/sprites/master/sprites/pokemon/shiny/780.png,https://raw.githubusercontent.com/PokeAPI/sprites/master/sprites/pokemon/back/780.png,https://raw.githubusercontent.com/PokeAPI/sprites/master/sprites/pokemon/back/shiny/780.png,https://raw.githubusercontent.com/PokeAPI/sprites/master/sprites/pokemon/other/official-artwork/780.png
781,dhelmise,"ghost, grass",https://raw.githubusercontent.com/PokeAPI/sprites/master/sprites/pokemon/781.png,https://raw.githubusercontent.com/PokeAPI/sprites/master/sprites/pokemon/shiny/781.png,https://raw.githubusercontent.com/PokeAPI/sprites/master/sprites/pokemon/back/781.png,https://raw.githubusercontent.com/PokeAPI/sprites/master/sprites/pokemon/back/shiny/781.png,https://raw.githubusercontent.com/PokeAPI/sprites/master/sprites/pokemon/other/official-artwork/781.png
782,jangmo-o,dragon,https://raw.githubusercontent.com/PokeAPI/sprites/master/sprites/pokemon/782.png,https://raw.githubusercontent.com/PokeAPI/sprites/master/sprites/pokemon/shiny/782.png,https://raw.githubusercontent.com/PokeAPI/sprites/master/sprites/pokemon/back/782.png,https://raw.githubusercontent.com/PokeAPI/sprites/master/sprites/pokemon/back/shiny/782.png,https://raw.githubusercontent.com/PokeAPI/sprites/master/sprites/pokemon/other/official-artwork/782.png
783,hakamo-o,"dragon, fighting",https://raw.githubusercontent.com/PokeAPI/sprites/master/sprites/pokemon/783.png,https://raw.githubusercontent.com/PokeAPI/sprites/master/sprites/pokemon/shiny/783.png,https://raw.githubusercontent.com/PokeAPI/sprites/master/sprites/pokemon/back/783.png,https://raw.githubusercontent.com/PokeAPI/sprites/master/sprites/pokemon/back/shiny/783.png,https://raw.githubusercontent.com/PokeAPI/sprites/master/sprites/pokemon/other/official-artwork/783.png
784,kommo-o,"dragon, fighting",https://raw.githubusercontent.com/PokeAPI/sprites/master/sprites/pokemon/784.png,https://raw.githubusercontent.com/PokeAPI/sprites/master/sprites/pokemon/shiny/784.png,https://raw.githubusercontent.com/PokeAPI/sprites/master/sprites/pokemon/back/784.png,https://raw.githubusercontent.com/PokeAPI/sprites/master/sprites/pokemon/back/shiny/784.png,https://raw.githubusercontent.com/PokeAPI/sprites/master/sprites/pokemon/other/official-artwork/784.png
785,tapu-koko,"electric, fairy",https://raw.githubusercontent.com/PokeAPI/sprites/master/sprites/pokemon/785.png,https://raw.githubusercontent.com/PokeAPI/sprites/master/sprites/pokemon/shiny/785.png,https://raw.githubusercontent.com/PokeAPI/sprites/master/sprites/pokemon/back/785.png,https://raw.githubusercontent.com/PokeAPI/sprites/master/sprites/pokemon/back/shiny/785.png,https://raw.githubusercontent.com/PokeAPI/sprites/master/sprites/pokemon/other/official-artwork/785.png
786,tapu-lele,"psychic, fairy",https://raw.githubusercontent.com/PokeAPI/sprites/master/sprites/pokemon/786.png,https://raw.githubusercontent.com/PokeAPI/sprites/master/sprites/pokemon/shiny/786.png,https://raw.githubusercontent.com/PokeAPI/sprites/master/sprites/pokemon/back/786.png,https://raw.githubusercontent.com/PokeAPI/sprites/master/sprites/pokemon/back/shiny/786.png,https://raw.githubusercontent.com/PokeAPI/sprites/master/sprites/pokemon/other/official-artwork/786.png
787,tapu-bulu,"grass, fairy",https://raw.githubusercontent.com/PokeAPI/sprites/master/sprites/pokemon/787.png,https://raw.githubusercontent.com/PokeAPI/sprites/master/sprites/pokemon/shiny/787.png,https://raw.githubusercontent.com/PokeAPI/sprites/master/sprites/pokemon/back/787.png,https://raw.githubusercontent.com/PokeAPI/sprites/master/sprites/pokemon/back/shiny/787.png,https://raw.githubusercontent.com/PokeAPI/sprites/master/sprites/pokemon/other/official-artwork/787.png
788,tapu-fini,"water, fairy",https://raw.githubusercontent.com/PokeAPI/sprites/master/sprites/pokemon/788.png,https://raw.githubusercontent.com/PokeAPI/sprites/master/sprites/pokemon/shiny/788.png,https://raw.githubusercontent.com/PokeAPI/sprites/master/sprites/pokemon/back/788.png,https://raw.githubusercontent.com/PokeAPI/sprites/master/sprites/pokemon/back/shiny/788.png,https://raw.githubusercontent.com/PokeAPI/sprites/master/sprites/pokemon/other/official-artwork/788.png
789,cosmog,psychic,https://raw.githubusercontent.com/PokeAPI/sprites/master/sprites/pokemon/789.png,https://raw.githubusercontent.com/PokeAPI/sprites/master/sprites/pokemon/shiny/789.png,https://raw.githubusercontent.com/PokeAPI/sprites/master/sprites/pokemon/back/789.png,https://raw.githubusercontent.com/PokeAPI/sprites/master/sprites/pokemon/back/shiny/789.png,https://raw.githubusercontent.com/PokeAPI/sprites/master/sprites/pokemon/other/official-artwork/789.png
790,cosmoem,psychic,https://raw.githubusercontent.com/PokeAPI/sprites/master/sprites/pokemon/790.png,https://raw.githubusercontent.com/PokeAPI/sprites/master/sprites/pokemon/shiny/790.png,https://raw.githubusercontent.com/PokeAPI/sprites/master/sprites/pokemon/back/790.png,https://raw.githubusercontent.com/PokeAPI/sprites/master/sprites/pokemon/back/shiny/790.png,https://raw.githubusercontent.com/PokeAPI/sprites/master/sprites/pokemon/other/official-artwork/790.png
791,solgaleo,"psychic, steel",https://raw.githubusercontent.com/PokeAPI/sprites/master/sprites/pokemon/791.png,https://raw.githubusercontent.com/PokeAPI/sprites/master/sprites/pokemon/shiny/791.png,https://raw.githubusercontent.com/PokeAPI/sprites/master/sprites/pokemon/back/791.png,https://raw.githubusercontent.com/PokeAPI/sprites/master/sprites/pokemon/back/shiny/791.png,https://raw.githubusercontent.com/PokeAPI/sprites/master/sprites/pokemon/other/official-artwork/791.png
792,lunala,"psychic, ghost",https://raw.githubusercontent.com/PokeAPI/sprites/master/sprites/pokemon/792.png,https://raw.githubusercontent.com/PokeAPI/sprites/master/sprites/pokemon/shiny/792.png,https://raw.githubusercontent.com/PokeAPI/sprites/master/sprites/pokemon/back/792.png,https://raw.githubusercontent.com/PokeAPI/sprites/master/sprites/pokemon/back/shiny/792.png,https://raw.githubusercontent.com/PokeAPI/sprites/master/sprites/pokemon/other/official-artwork/792.png
793,nihilego,"rock, poison",https://raw.githubusercontent.com/PokeAPI/sprites/master/sprites/pokemon/793.png,https://raw.githubusercontent.com/PokeAPI/sprites/master/sprites/pokemon/shiny/793.png,https://raw.githubusercontent.com/PokeAPI/sprites/master/sprites/pokemon/back/793.png,https://raw.githubusercontent.com/PokeAPI/sprites/master/sprites/pokemon/back/shiny/793.png,https://raw.githubusercontent.com/PokeAPI/sprites/master/sprites/pokemon/other/official-artwork/793.png
794,buzzwole,"bug, fighting",https://raw.githubusercontent.com/PokeAPI/sprites/master/sprites/pokemon/794.png,https://raw.githubusercontent.com/PokeAPI/sprites/master/sprites/pokemon/shiny/794.png,https://raw.githubusercontent.com/PokeAPI/sprites/master/sprites/pokemon/back/794.png,https://raw.githubusercontent.com/PokeAPI/sprites/master/sprites/pokemon/back/shiny/794.png,https://raw.githubusercontent.com/PokeAPI/sprites/master/sprites/pokemon/other/official-artwork/794.png
795,pheromosa,"bug, fighting",https://raw.githubusercontent.com/PokeAPI/sprites/master/sprites/pokemon/795.png,https://raw.githubusercontent.com/PokeAPI/sprites/master/sprites/pokemon/shiny/795.png,https://raw.githubusercontent.com/PokeAPI/sprites/master/sprites/pokemon/back/795.png,https://raw.githubusercontent.com/PokeAPI/sprites/master/sprites/pokemon/back/shiny/795.png,https://raw.githubusercontent.com/PokeAPI/sprites/master/sprites/pokemon/other/official-artwork/795.png
796,xurkitree,electric,https://raw.githubusercontent.com/PokeAPI/sprites/master/sprites/pokemon/796.png,https://raw.githubusercontent.com/PokeAPI/sprites/master/sprites/pokemon/shiny/796.png,https://raw.githubusercontent.com/PokeAPI/sprites/master/sprites/pokemon/back/796.png,https://raw.githubusercontent.com/PokeAPI/sprites/master/sprites/pokemon/back/shiny/796.png,https://raw.githubusercontent.com/PokeAPI/sprites/master/sprites/pokemon/other/official-artwork/796.png
797,celesteela,"steel, flying",https://raw.githubusercontent.com/PokeAPI/sprites/master/sprites/pokemon/797.png,https://raw.githubusercontent.com/PokeAPI/sprites/master/sprites/pokemon/shiny/797.png,https://raw.githubusercontent.com/PokeAPI/sprites/master/sprites/pokemon/back/797.png,https://raw.githubusercontent.com/PokeAPI/sprites/master/sprites/pokemon/back/shiny/797.png,https://raw.githubusercontent.com/PokeAPI/sprites/master/sprites/pokemon/other/official-artwork/797.png
798,kartana,"grass, steel",https://raw.githubusercontent.com/PokeAPI/sprites/master/sprites/pokemon/798.png,https://raw.githubusercontent.com/PokeAPI/sprites/master/sprites/pokemon/shiny/798.png,https://raw.githubusercontent.com/PokeAPI/sprites/master/sprites/pokemon/back/798.png,https://raw.githubusercontent.com/PokeAPI/sprites/master/sprites/pokemon/back/shiny/798.png,https://raw.githubusercontent.com/PokeAPI/sprites/master/sprites/pokemon/other/official-artwork/798.png
799,guzzlord,"dark, dragon",https://raw.githubusercontent.com/PokeAPI/sprites/master/sprites/pokemon/799.png,https://raw.githubusercontent.com/PokeAPI/sprites/master/sprites/pokemon/shiny/799.png,https://raw.githubusercontent.com/PokeAPI/sprites/master/sprites/pokemon/back/799.png,https://raw.githubusercontent.com/PokeAPI/sprites/master/sprites/pokemon/back/shiny/799.png,https://raw.githubusercontent.com/PokeAPI/sprites/master/sprites/pokemon/other/official-artwork/799.png
800,necrozma,psychic,https://raw.githubusercontent.com/PokeAPI/sprites/master/sprites/pokemon/800.png,https://raw.githubusercontent.com/PokeAPI/sprites/master/sprites/pokemon/shiny/800.png,https://raw.githubusercontent.com/PokeAPI/sprites/master/sprites/pokemon/back/800.png,https://raw.githubusercontent.com/PokeAPI/sprites/master/sprites/pokemon/back/shiny/800.png,https://raw.githubusercontent.com/PokeAPI/sprites/master/sprites/pokemon/other/official-artwork/800.png
801,magearna,"steel, fairy",https://raw.githubusercontent.com/PokeAPI/sprites/master/sprites/pokemon/801.png,https://raw.githubusercontent.com/PokeAPI/sprites/master/sprites/pokemon/shiny/801.png,https://raw.githubusercontent.com/PokeAPI/sprites/master/sprites/pokemon/back/801.png,https://raw.githubusercontent.com/PokeAPI/sprites/master/sprites/pokemon/back/shiny/801.png,https://raw.githubusercontent.com/PokeAPI/sprites/master/sprites/pokemon/other/official-artwork/801.png
802,marshadow,"fighting, ghost",https://raw.githubusercontent.com/PokeAPI/sprites/master/sprites/pokemon/802.png,https://raw.githubusercontent.com/PokeAPI/sprites/master/sprites/pokemon/shiny/802.png,https://raw.githubusercontent.com/PokeAPI/sprites/master/sprites/pokemon/back/802.png,https://raw.githubusercontent.com/PokeAPI/sprites/master/sprites/pokemon/back/shiny/802.png,https://raw.githubusercontent.com/PokeAPI/sprites/master/sprites/pokemon/other/official-artwork/802.png
803,poipole,poison,https://raw.githubusercontent.com/PokeAPI/sprites/master/sprites/pokemon/803.png,https://raw.githubusercontent.com/PokeAPI/sprites/master/sprites/pokemon/shiny/803.png,https://raw.githubusercontent.com/PokeAPI/sprites/master/sprites/pokemon/back/803.png,https://raw.githubusercontent.com/PokeAPI/sprites/master/sprites/pokemon/back/shiny/803.png,https://raw.githubusercontent.com/PokeAPI/sprites/master/sprites/pokemon/other/official-artwork/803.png
804,naganadel,"poison, dragon",https://raw.githubusercontent.com/PokeAPI/sprites/master/sprites/pokemon/804.png,https://raw.githubusercontent.com/PokeAPI/sprites/master/sprites/pokemon/shiny/804.png,https://raw.githubusercontent.com/PokeAPI/sprites/master/sprites/pokemon/back/804.png,https://raw.githubusercontent.com/PokeAPI/sprites/master/sprites/pokemon/back/shiny/804.png,https://raw.githubusercontent.com/PokeAPI/sprites/master/sprites/pokemon/other/official-artwork/804.png
805,stakataka,"rock, steel",https://raw.githubusercontent.com/PokeAPI/sprites/master/sprites/pokemon/805.png,https://raw.githubusercontent.com/PokeAPI/sprites/master/sprites/pokemon/shiny/805.png,https://raw.githubusercontent.com/PokeAPI/sprites/master/sprites/pokemon/back/805.png,https://raw.githubusercontent.com/PokeAPI/sprites/master/sprites/pokemon/back/shiny/805.png,https://raw.githubusercontent.com/PokeAPI/sprites/master/sprites/pokemon/other/official-artwork/805.png
806,blacephalon,"fire, ghost",https://raw.githubusercontent.com/PokeAPI/sprites/master/sprites/pokemon/806.png,https://raw.githubusercontent.com/PokeAPI/sprites/master/sprites/pokemon/shiny/806.png,https://raw.githubusercontent.com/PokeAPI/sprites/master/sprites/pokemon/back/806.png,https://raw.githubusercontent.com/PokeAPI/sprites/master/sprites/pokemon/back/shiny/806.png,https://raw.githubusercontent.com/PokeAPI/sprites/master/sprites/pokemon/other/official-artwork/806.png
807,zeraora,electric,https://raw.githubusercontent.com/PokeAPI/sprites/master/sprites/pokemon/807.png,https://raw.githubusercontent.com/PokeAPI/sprites/master/sprites/pokemon/shiny/807.png,https://raw.githubusercontent.com/PokeAPI/sprites/master/sprites/pokemon/back/807.png,https://raw.githubusercontent.com/PokeAPI/sprites/master/sprites/pokemon/back/shiny/807.png,https://raw.githubusercontent.com/PokeAPI/sprites/master/sprites/pokemon/other/official-artwork/807.png
808,meltan,steel,https://raw.githubusercontent.com/PokeAPI/sprites/master/sprites/pokemon/808.png,https://raw.githubusercontent.com/PokeAPI/sprites/master/sprites/pokemon/shiny/808.png,https://raw.githubusercontent.com/PokeAPI/sprites/master/sprites/pokemon/back/808.png,https://raw.githubusercontent.com/PokeAPI/sprites/master/sprites/pokemon/back/shiny/808.png,https://raw.githubusercontent.com/PokeAPI/sprites/master/sprites/pokemon/other/official-artwork/808.png
809,melmetal,steel,https://raw.githubusercontent.com/PokeAPI/sprites/master/sprites/pokemon/809.png,https://raw.githubusercontent.com/PokeAPI/sprites/master/sprites/pokemon/shiny/809.png,https://raw.githubusercontent.com/PokeAPI/sprites/master/sprites/pokemon/back/809.png,https://raw.githubusercontent.com/PokeAPI/sprites/master/sprites/pokemon/back/shiny/809.png,https://raw.githubusercontent.com/PokeAPI/sprites/master/sprites/pokemon/other/official-artwork/809.png
810,grookey,grass,https://raw.githubusercontent.com/PokeAPI/sprites/master/sprites/pokemon/810.png,https://raw.githubusercontent.com/PokeAPI/sprites/master/sprites/pokemon/shiny/810.png,https://raw.githubusercontent.com/PokeAPI/sprites/master/sprites/pokemon/back/810.png,https://raw.githubusercontent.com/PokeAPI/sprites/master/sprites/pokemon/back/shiny/810.png,https://raw.githubusercontent.com/PokeAPI/sprites/master/sprites/pokemon/other/official-artwork/810.png
811,thwackey,grass,https://raw.githubusercontent.com/PokeAPI/sprites/master/sprites/pokemon/811.png,https://raw.githubusercontent.com/PokeAPI/sprites/master/sprites/pokemon/shiny/811.png,https://raw.githubusercontent.com/PokeAPI/sprites/master/sprites/pokemon/back/811.png,https://raw.githubusercontent.com/PokeAPI/sprites/master/sprites/pokemon/back/shiny/811.png,https://raw.githubusercontent.com/PokeAPI/sprites/master/sprites/pokemon/other/official-artwork/811.png
812,rillaboom,grass,https://raw.githubusercontent.com/PokeAPI/sprites/master/sprites/pokemon/812.png,https://raw.githubusercontent.com/PokeAPI/sprites/master/sprites/pokemon/shiny/812.png,https://raw.githubusercontent.com/PokeAPI/sprites/master/sprites/pokemon/back/812.png,https://raw.githubusercontent.com/PokeAPI/sprites/master/sprites/pokemon/back/shiny/812.png,https://raw.githubusercontent.com/PokeAPI/sprites/master/sprites/pokemon/other/official-artwork/812.png
813,scorbunny,fire,https://raw.githubusercontent.com/PokeAPI/sprites/master/sprites/pokemon/813.png,https://raw.githubusercontent.com/PokeAPI/sprites/master/sprites/pokemon/shiny/813.png,https://raw.githubusercontent.com/PokeAPI/sprites/master/sprites/pokemon/back/813.png,https://raw.githubusercontent.com/PokeAPI/sprites/master/sprites/pokemon/back/shiny/813.png,https://raw.githubusercontent.com/PokeAPI/sprites/master/sprites/pokemon/other/official-artwork/813.png
814,raboot,fire,https://raw.githubusercontent.com/PokeAPI/sprites/master/sprites/pokemon/814.png,https://raw.githubusercontent.com/PokeAPI/sprites/master/sprites/pokemon/shiny/814.png,https://raw.githubusercontent.com/PokeAPI/sprites/master/sprites/pokemon/back/814.png,https://raw.githubusercontent.com/PokeAPI/sprites/master/sprites/pokemon/back/shiny/814.png,https://raw.githubusercontent.com/PokeAPI/sprites/master/sprites/pokemon/other/official-artwork/814.png
815,cinderace,fire,https://raw.githubusercontent.com/PokeAPI/sprites/master/sprites/pokemon/815.png,https://raw.githubusercontent.com/PokeAPI/sprites/master/sprites/pokemon/shiny/815.png,https://raw.githubusercontent.com/PokeAPI/sprites/master/sprites/pokemon/back/815.png,https://raw.githubusercontent.com/PokeAPI/sprites/master/sprites/pokemon/back/shiny/815.png,https://raw.githubusercontent.com/PokeAPI/sprites/master/sprites/pokemon/other/official-artwork/815.png
816,sobble,water,https://raw.githubusercontent.com/PokeAPI/sprites/master/sprites/pokemon/816.png,https://raw.githubusercontent.com/PokeAPI/sprites/master/sprites/pokemon/shiny/816.png,https://raw.githubusercontent.com/PokeAPI/sprites/master/sprites/pokemon/back/816.png,https://raw.githubusercontent.com/PokeAPI/sprites/master/sprites/pokemon/back/shiny/816.png,https://raw.githubusercontent.com/PokeAPI/sprites/master/sprites/pokemon/other/official-artwork/816.png
817,drizzile,water,https://raw.githubusercontent.com/PokeAPI/sprites/master/sprites/pokemon/817.png,https://raw.githubusercontent.com/PokeAPI/sprites/master/sprites/pokemon/shiny/817.png,https://raw.githubusercontent.com/PokeAPI/sprites/master/sprites/pokemon/back/817.png,https://raw.githubusercontent.com/PokeAPI/sprites/master/sprites/pokemon/back/shiny/817.png,https://raw.githubusercontent.com/PokeAPI/sprites/master/sprites/pokemon/other/official-artwork/817.png
818,inteleon,water,https://raw.githubusercontent.com/PokeAPI/sprites/master/sprites/pokemon/818.png,https://raw.githubusercontent.com/PokeAPI/sprites/master/sprites/pokemon/shiny/818.png,https://raw.githubusercontent.com/PokeAPI/sprites/master/sprites/pokemon/back/818.png,https://raw.githubusercontent.com/PokeAPI/sprites/master/sprites/pokemon/back/shiny/818.png,https://raw.githubusercontent.com/PokeAPI/sprites/master/sprites/pokemon/other/official-artwork/818.png
819,skwovet,normal,https://raw.githubusercontent.com/PokeAPI/sprites/master/sprites/pokemon/819.png,https://raw.githubusercontent.com/PokeAPI/sprites/master/sprites/pokemon/shiny/819.png,https://raw.githubusercontent.com/PokeAPI/sprites/master/sprites/pokemon/back/819.png,https://raw.githubusercontent.com/PokeAPI/sprites/master/sprites/pokemon/back/shiny/819.png,https://raw.githubusercontent.com/PokeAPI/sprites/master/sprites/pokemon/other/official-artwork/819.png
820,greedent,normal,https://raw.githubusercontent.com/PokeAPI/sprites/master/sprites/pokemon/820.png,https://raw.githubusercontent.com/PokeAPI/sprites/master/sprites/pokemon/shiny/820.png,https://raw.githubusercontent.com/PokeAPI/sprites/master/sprites/pokemon/back/820.png,https://raw.githubusercontent.com/PokeAPI/sprites/master/sprites/pokemon/back/shiny/820.png,https://raw.githubusercontent.com/PokeAPI/sprites/master/sprites/pokemon/other/official-artwork/820.png
821,rookidee,flying,https://raw.githubusercontent.com/PokeAPI/sprites/master/sprites/pokemon/821.png,https://raw.githubusercontent.com/PokeAPI/sprites/master/sprites/pokemon/shiny/821.png,https://raw.githubusercontent.com/PokeAPI/sprites/master/sprites/pokemon/back/821.png,https://raw.githubusercontent.com/PokeAPI/sprites/master/sprites/pokemon/back/shiny/821.png,https://raw.githubusercontent.com/PokeAPI/sprites/master/sprites/pokemon/other/official-artwork/821.png
822,corvisquire,flying,https://raw.githubusercontent.com/PokeAPI/sprites/master/sprites/pokemon/822.png,https://raw.githubusercontent.com/PokeAPI/sprites/master/sprites/pokemon/shiny/822.png,https://raw.githubusercontent.com/PokeAPI/sprites/master/sprites/pokemon/back/822.png,https://raw.githubusercontent.com/PokeAPI/sprites/master/sprites/pokemon/back/shiny/822.png,https://raw.githubusercontent.com/PokeAPI/sprites/master/sprites/pokemon/other/official-artwork/822.png
823,corviknight,"flying, steel",https://raw.githubusercontent.com/PokeAPI/sprites/master/sprites/pokemon/823.png,https://raw.githubusercontent.com/PokeAPI/sprites/master/sprites/pokemon/shiny/823.png,https://raw.githubusercontent.com/PokeAPI/sprites/master/sprites/pokemon/back/823.png,,https://raw.githubusercontent.com/PokeAPI/sprites/master/sprites/pokemon/other/official-artwork/823.png
824,blipbug,bug,https://raw.githubusercontent.com/PokeAPI/sprites/master/sprites/pokemon/824.png,https://raw.githubusercontent.com/PokeAPI/sprites/master/sprites/pokemon/shiny/824.png,https://raw.githubusercontent.com/PokeAPI/sprites/master/sprites/pokemon/back/824.png,https://raw.githubusercontent.com/PokeAPI/sprites/master/sprites/pokemon/back/shiny/824.png,https://raw.githubusercontent.com/PokeAPI/sprites/master/sprites/pokemon/other/official-artwork/824.png
825,dottler,"bug, psychic",https://raw.githubusercontent.com/PokeAPI/sprites/master/sprites/pokemon/825.png,https://raw.githubusercontent.com/PokeAPI/sprites/master/sprites/pokemon/shiny/825.png,https://raw.githubusercontent.com/PokeAPI/sprites/master/sprites/pokemon/back/825.png,https://raw.githubusercontent.com/PokeAPI/sprites/master/sprites/pokemon/back/shiny/825.png,https://raw.githubusercontent.com/PokeAPI/sprites/master/sprites/pokemon/other/official-artwork/825.png
826,orbeetle,"bug, psychic",https://raw.githubusercontent.com/PokeAPI/sprites/master/sprites/pokemon/826.png,https://raw.githubusercontent.com/PokeAPI/sprites/master/sprites/pokemon/shiny/826.png,https://raw.githubusercontent.com/PokeAPI/sprites/master/sprites/pokemon/back/826.png,https://raw.githubusercontent.com/PokeAPI/sprites/master/sprites/pokemon/back/shiny/826.png,https://raw.githubusercontent.com/PokeAPI/sprites/master/sprites/pokemon/other/official-artwork/826.png
827,nickit,dark,https://raw.githubusercontent.com/PokeAPI/sprites/master/sprites/pokemon/827.png,https://raw.githubusercontent.com/PokeAPI/sprites/master/sprites/pokemon/shiny/827.png,https://raw.githubusercontent.com/PokeAPI/sprites/master/sprites/pokemon/back/827.png,https://raw.githubusercontent.com/PokeAPI/sprites/master/sprites/pokemon/back/shiny/827.png,https://raw.githubusercontent.com/PokeAPI/sprites/master/sprites/pokemon/other/official-artwork/827.png
828,thievul,dark,https://raw.githubusercontent.com/PokeAPI/sprites/master/sprites/pokemon/828.png,https://raw.githubusercontent.com/PokeAPI/sprites/master/sprites/pokemon/shiny/828.png,https://raw.githubusercontent.com/PokeAPI/sprites/master/sprites/pokemon/back/828.png,https://raw.githubusercontent.com/PokeAPI/sprites/master/sprites/pokemon/back/shiny/828.png,https://raw.githubusercontent.com/PokeAPI/sprites/master/sprites/pokemon/other/official-artwork/828.png
829,gossifleur,grass,https://raw.githubusercontent.com/PokeAPI/sprites/master/sprites/pokemon/829.png,https://raw.githubusercontent.com/PokeAPI/sprites/master/sprites/pokemon/shiny/829.png,https://raw.githubusercontent.com/PokeAPI/sprites/master/sprites/pokemon/back/829.png,https://raw.githubusercontent.com/PokeAPI/sprites/master/sprites/pokemon/back/shiny/829.png,https://raw.githubusercontent.com/PokeAPI/sprites/master/sprites/pokemon/other/official-artwork/829.png
830,eldegoss,grass,https://raw.githubusercontent.com/PokeAPI/sprites/master/sprites/pokemon/830.png,https://raw.githubusercontent.com/PokeAPI/sprites/master/sprites/pokemon/shiny/830.png,https://raw.githubusercontent.com/PokeAPI/sprites/master/sprites/pokemon/back/830.png,https://raw.githubusercontent.com/PokeAPI/sprites/master/sprites/pokemon/back/shiny/830.png,https://raw.githubusercontent.com/PokeAPI/sprites/master/sprites/pokemon/other/official-artwork/830.png
831,wooloo,normal,https://raw.githubusercontent.com/PokeAPI/sprites/master/sprites/pokemon/831.png,https://raw.githubusercontent.com/PokeAPI/sprites/master/sprites/pokemon/shiny/831.png,https://raw.githubusercontent.com/PokeAPI/sprites/master/sprites/pokemon/back/831.png,https://raw.githubusercontent.com/PokeAPI/sprites/master/sprites/pokemon/back/shiny/831.png,https://raw.githubusercontent.com/PokeAPI/sprites/master/sprites/pokemon/other/official-artwork/831.png
832,dubwool,normal,https://raw.githubusercontent.com/PokeAPI/sprites/master/sprites/pokemon/832.png,https://raw.githubusercontent.com/PokeAPI/sprites/master/sprites/pokemon/shiny/832.png,https://raw.githubusercontent.com/PokeAPI/sprites/master/sprites/pokemon/back/832.png,https://raw.githubusercontent.com/PokeAPI/sprites/master/sprites/pokemon/back/shiny/832.png,https://raw.githubusercontent.com/PokeAPI/sprites/master/sprites/pokemon/other/official-artwork/832.png
833,chewtle,water,https://raw.githubusercontent.com/PokeAPI/sprites/master/sprites/pokemon/833.png,https://raw.githubusercontent.com/PokeAPI/sprites/master/sprites/pokemon/shiny/833.png,https://raw.githubusercontent.com/PokeAPI/sprites/master/sprites/pokemon/back/833.png,https://raw.githubusercontent.com/PokeAPI/sprites/master/sprites/pokemon/back/shiny/833.png,https://raw.githubusercontent.com/PokeAPI/sprites/master/sprites/pokemon/other/official-artwork/833.png
834,drednaw,"water, rock",https://raw.githubusercontent.com/PokeAPI/sprites/master/sprites/pokemon/834.png,https://raw.githubusercontent.com/PokeAPI/sprites/master/sprites/pokemon/shiny/834.png,https://raw.githubusercontent.com/PokeAPI/sprites/master/sprites/pokemon/back/834.png,https://raw.githubusercontent.com/PokeAPI/sprites/master/sprites/pokemon/back/shiny/834.png,https://raw.githubusercontent.com/PokeAPI/sprites/master/sprites/pokemon/other/official-artwork/834.png
835,yamper,electric,https://raw.githubusercontent.com/PokeAPI/sprites/master/sprites/pokemon/835.png,https://raw.githubusercontent.com/PokeAPI/sprites/master/sprites/pokemon/shiny/835.png,https://raw.githubusercontent.com/PokeAPI/sprites/master/sprites/pokemon/back/835.png,https://raw.githubusercontent.com/PokeAPI/sprites/master/sprites/pokemon/back/shiny/835.png,https://raw.githubusercontent.com/PokeAPI/sprites/master/sprites/pokemon/other/official-artwork/835.png
836,boltund,electric,https://raw.githubusercontent.com/PokeAPI/sprites/master/sprites/pokemon/836.png,https://raw.githubusercontent.com/PokeAPI/sprites/master/sprites/pokemon/shiny/836.png,https://raw.githubusercontent.com/PokeAPI/sprites/master/sprites/pokemon/back/836.png,https://raw.githubusercontent.com/PokeAPI/sprites/master/sprites/pokemon/back/shiny/836.png,https://raw.githubusercontent.com/PokeAPI/sprites/master/sprites/pokemon/other/official-artwork/836.png
837,rolycoly,rock,https://raw.githubusercontent.com/PokeAPI/sprites/master/sprites/pokemon/837.png,https://raw.githubusercontent.com/PokeAPI/sprites/master/sprites/pokemon/shiny/837.png,https://raw.githubusercontent.com/PokeAPI/sprites/master/sprites/pokemon/back/837.png,https://raw.githubusercontent.com/PokeAPI/sprites/master/sprites/pokemon/back/shiny/837.png,https://raw.githubusercontent.com/PokeAPI/sprites/master/sprites/pokemon/other/official-artwork/837.png
838,carkol,"rock, fire",https://raw.githubusercontent.com/PokeAPI/sprites/master/sprites/pokemon/838.png,https://raw.githubusercontent.com/PokeAPI/sprites/master/sprites/pokemon/shiny/838.png,https://raw.githubusercontent.com/PokeAPI/sprites/master/sprites/pokemon/back/838.png,https://raw.githubusercontent.com/PokeAPI/sprites/master/sprites/pokemon/back/shiny/838.png,https://raw.githubusercontent.com/PokeAPI/sprites/master/sprites/pokemon/other/official-artwork/838.png
839,coalossal,"rock, fire",https://raw.githubusercontent.com/PokeAPI/sprites/master/sprites/pokemon/839.png,https://raw.githubusercontent.com/PokeAPI/sprites/master/sprites/pokemon/shiny/839.png,https://raw.githubusercontent.com/PokeAPI/sprites/master/sprites/pokemon/back/839.png,https://raw.githubusercontent.com/PokeAPI/sprites/master/sprites/pokemon/back/shiny/839.png,https://raw.githubusercontent.com/PokeAPI/sprites/master/sprites/pokemon/other/official-artwork/839.png
840,applin,"grass, dragon",https://raw.githubusercontent.com/PokeAPI/sprites/master/sprites/pokemon/840.png,https://raw.githubusercontent.com/PokeAPI/sprites/master/sprites/pokemon/shiny/840.png,https://raw.githubusercontent.com/PokeAPI/sprites/master/sprites/pokemon/back/840.png,https://raw.githubusercontent.com/PokeAPI/sprites/master/sprites/pokemon/back/shiny/840.png,https://raw.githubusercontent.com/PokeAPI/sprites/master/sprites/pokemon/other/official-artwork/840.png
841,flapple,"grass, dragon",https://raw.githubusercontent.com/PokeAPI/sprites/master/sprites/pokemon/841.png,https://raw.githubusercontent.com/PokeAPI/sprites/master/sprites/pokemon/shiny/841.png,https://raw.githubusercontent.com/PokeAPI/sprites/master/sprites/pokemon/back/841.png,https://raw.githubusercontent.com/PokeAPI/sprites/master/sprites/pokemon/back/shiny/841.png,https://raw.githubusercontent.com/PokeAPI/sprites/master/sprites/pokemon/other/official-artwork/841.png
842,appletun,"grass, dragon",https://raw.githubusercontent.com/PokeAPI/sprites/master/sprites/pokemon/842.png,https://raw.githubusercontent.com/PokeAPI/sprites/master/sprites/pokemon/shiny/842.png,https://raw.githubusercontent.com/PokeAPI/sprites/master/sprites/pokemon/back/842.png,https://raw.githubusercontent.com/PokeAPI/sprites/master/sprites/pokemon/back/shiny/842.png,https://raw.githubusercontent.com/PokeAPI/sprites/master/sprites/pokemon/other/official-artwork/842.png
843,silicobra,ground,https://raw.githubusercontent.com/PokeAPI/sprites/master/sprites/pokemon/843.png,https://raw.githubusercontent.com/PokeAPI/sprites/master/sprites/pokemon/shiny/843.png,https://raw.githubusercontent.com/PokeAPI/sprites/master/sprites/pokemon/back/843.png,https://raw.githubusercontent.com/PokeAPI/sprites/master/sprites/pokemon/back/shiny/843.png,https://raw.githubusercontent.com/PokeAPI/sprites/master/sprites/pokemon/other/official-artwork/843.png
844,sandaconda,ground,https://raw.githubusercontent.com/PokeAPI/sprites/master/sprites/pokemon/844.png,https://raw.githubusercontent.com/PokeAPI/sprites/master/sprites/pokemon/shiny/844.png,https://raw.githubusercontent.com/PokeAPI/sprites/master/sprites/pokemon/back/844.png,https://raw.githubusercontent.com/PokeAPI/sprites/master/sprites/pokemon/back/shiny/844.png,https://raw.githubusercontent.com/PokeAPI/sprites/master/sprites/pokemon/other/official-artwork/844.png
845,cramorant,"flying, water",https://raw.githubusercontent.com/PokeAPI/sprites/master/sprites/pokemon/845.png,https://raw.githubusercontent.com/PokeAPI/sprites/master/sprites/pokemon/shiny/845.png,https://raw.githubusercontent.com/PokeAPI/sprites/master/sprites/pokemon/back/845.png,https://raw.githubusercontent.com/PokeAPI/sprites/master/sprites/pokemon/back/shiny/845.png,https://raw.githubusercontent.com/PokeAPI/sprites/master/sprites/pokemon/other/official-artwork/845.png
846,arrokuda,water,https://raw.githubusercontent.com/PokeAPI/sprites/master/sprites/pokemon/846.png,https://raw.githubusercontent.com/PokeAPI/sprites/master/sprites/pokemon/shiny/846.png,https://raw.githubusercontent.com/PokeAPI/sprites/master/sprites/pokemon/back/846.png,https://raw.githubusercontent.com/PokeAPI/sprites/master/sprites/pokemon/back/shiny/846.png,https://raw.githubusercontent.com/PokeAPI/sprites/master/sprites/pokemon/other/official-artwork/846.png
847,barraskewda,water,https://raw.githubusercontent.com/PokeAPI/sprites/master/sprites/pokemon/847.png,https://raw.githubusercontent.com/PokeAPI/sprites/master/sprites/pokemon/shiny/847.png,https://raw.githubusercontent.com/PokeAPI/sprites/master/sprites/pokemon/back/847.png,https://raw.githubusercontent.com/PokeAPI/sprites/master/sprites/pokemon/back/shiny/847.png,https://raw.githubusercontent.com/PokeAPI/sprites/master/sprites/pokemon/other/official-artwork/847.png
848,toxel,"electric, poison",https://raw.githubusercontent.com/PokeAPI/sprites/master/sprites/pokemon/848.png,https://raw.githubusercontent.com/PokeAPI/sprites/master/sprites/pokemon/shiny/848.png,https://raw.githubusercontent.com/PokeAPI/sprites/master/sprites/pokemon/back/848.png,https://raw.githubusercontent.com/PokeAPI/sprites/master/sprites/pokemon/back/shiny/848.png,https://raw.githubusercontent.com/PokeAPI/sprites/master/sprites/pokemon/other/official-artwork/848.png
849,toxtricity-amped,"electric, poison",https://raw.githubusercontent.com/PokeAPI/sprites/master/sprites/pokemon/849.png,https://raw.githubusercontent.com/PokeAPI/sprites/master/sprites/pokemon/shiny/849.png,https://raw.githubusercontent.com/PokeAPI/sprites/master/sprites/pokemon/back/849.png,https://raw.githubusercontent.com/PokeAPI/sprites/master/sprites/pokemon/back/shiny/849.png,https://raw.githubusercontent.com/PokeAPI/sprites/master/sprites/pokemon/other/official-artwork/849.png
850,sizzlipede,"fire, bug",https://raw.githubusercontent.com/PokeAPI/sprites/master/sprites/pokemon/850.png,https://raw.githubusercontent.com/PokeAPI/sprites/master/sprites/pokemon/shiny/850.png,https://raw.githubusercontent.com/PokeAPI/sprites/master/sprites/pokemon/back/850.png,https://raw.githubusercontent.com/PokeAPI/sprites/master/sprites/pokemon/back/shiny/850.png,https://raw.githubusercontent.com/PokeAPI/sprites/master/sprites/pokemon/other/official-artwork/850.png
851,centiskorch,"fire, bug",https://raw.githubusercontent.com/PokeAPI/sprites/master/sprites/pokemon/851.png,https://raw.githubusercontent.com/PokeAPI/sprites/master/sprites/pokemon/shiny/851.png,https://raw.githubusercontent.com/PokeAPI/sprites/master/sprites/pokemon/back/851.png,https://raw.githubusercontent.com/PokeAPI/sprites/master/sprites/pokemon/back/shiny/851.png,https://raw.githubusercontent.com/PokeAPI/sprites/master/sprites/pokemon/other/official-artwork/851.png
852,clobbopus,fighting,https://raw.githubusercontent.com/PokeAPI/sprites/master/sprites/pokemon/852.png,https://raw.githubusercontent.com/PokeAPI/sprites/master/sprites/pokemon/shiny/852.png,https://raw.githubusercontent.com/PokeAPI/sprites/master/sprites/pokemon/back/852.png,https://raw.githubusercontent.com/PokeAPI/sprites/master/sprites/pokemon/back/shiny/852.png,https://raw.githubusercontent.com/PokeAPI/sprites/master/sprites/pokemon/other/official-artwork/852.png
853,grapploct,fighting,https://raw.githubusercontent.com/PokeAPI/sprites/master/sprites/pokemon/853.png,https://raw.githubusercontent.com/PokeAPI/sprites/master/sprites/pokemon/shiny/853.png,https://raw.githubusercontent.com/PokeAPI/sprites/master/sprites/pokemon/back/853.png,https://raw.githubusercontent.com/PokeAPI/sprites/master/sprites/pokemon/back/shiny/853.png,https://raw.githubusercontent.com/PokeAPI/sprites/master/sprites/pokemon/other/official-artwork/853.png
854,sinistea,ghost,https://raw.githubusercontent.com/PokeAPI/sprites/master/sprites/pokemon/854.png,https://raw.githubusercontent.com/PokeAPI/sprites/master/sprites/pokemon/shiny/854.png,https://raw.githubusercontent.com/PokeAPI/sprites/master/sprites/pokemon/back/854.png,https://raw.githubusercontent.com/PokeAPI/sprites/master/sprites/pokemon/back/shiny/854.png,https://raw.githubusercontent.com/PokeAPI/sprites/master/sprites/pokemon/other/official-artwork/854.png
855,polteageist,ghost,https://raw.githubusercontent.com/PokeAPI/sprites/master/sprites/pokemon/855.png,https://raw.githubusercontent.com/PokeAPI/sprites/master/sprites/pokemon/shiny/855.png,https://raw.githubusercontent.com/PokeAPI/sprites/master/sprites/pokemon/back/855.png,https://raw.githubusercontent.com/PokeAPI/sprites/master/sprites/pokemon/back/shiny/855.png,https://raw.githubusercontent.com/PokeAPI/sprites/master/sprites/pokemon/other/official-artwork/855.png
856,hatenna,psychic,https://raw.githubusercontent.com/PokeAPI/sprites/master/sprites/pokemon/856.png,https://raw.githubusercontent.com/PokeAPI/sprites/master/sprites/pokemon/shiny/856.png,https://raw.githubusercontent.com/PokeAPI/sprites/master/sprites/pokemon/back/856.png,https://raw.githubusercontent.com/PokeAPI/sprites/master/sprites/pokemon/back/shiny/856.png,https://raw.githubusercontent.com/PokeAPI/sprites/master/sprites/pokemon/other/official-artwork/856.png
857,hattrem,psychic,https://raw.githubusercontent.com/PokeAPI/sprites/master/sprites/pokemon/857.png,https://raw.githubusercontent.com/PokeAPI/sprites/master/sprites/pokemon/shiny/857.png,https://raw.githubusercontent.com/PokeAPI/sprites/master/sprites/pokemon/back/857.png,https://raw.githubusercontent.com/PokeAPI/sprites/master/sprites/pokemon/back/shiny/857.png,https://raw.githubusercontent.com/PokeAPI/sprites/master/sprites/pokemon/other/official-artwork/857.png
858,hatterene,"psychic, fairy",https://raw.githubusercontent.com/PokeAPI/sprites/master/sprites/pokemon/858.png,https://raw.githubusercontent.com/PokeAPI/sprites/master/sprites/pokemon/shiny/858.png,https://raw.githubusercontent.com/PokeAPI/sprites/master/sprites/pokemon/back/858.png,https://raw.githubusercontent.com/PokeAPI/sprites/master/sprites/pokemon/back/shiny/858.png,https://raw.githubusercontent.com/PokeAPI/sprites/master/sprites/pokemon/other/official-artwork/858.png
859,impidimp,"dark, fairy",https://raw.githubusercontent.com/PokeAPI/sprites/master/sprites/pokemon/859.png,https://raw.githubusercontent.com/PokeAPI/sprites/master/sprites/pokemon/shiny/859.png,https://raw.githubusercontent.com/PokeAPI/sprites/master/sprites/pokemon/back/859.png,https://raw.githubusercontent.com/PokeAPI/sprites/master/sprites/pokemon/back/shiny/859.png,https://raw.githubusercontent.com/PokeAPI/sprites/master/sprites/pokemon/other/official-artwork/859.png
860,morgrem,"dark, fairy",https://raw.githubusercontent.com/PokeAPI/sprites/master/sprites/pokemon/860.png,https://raw.githubusercontent.com/PokeAPI/sprites/master/sprites/pokemon/shiny/860.png,https://raw.githubusercontent.com/PokeAPI/sprites/master/sprites/pokemon/back/860.png,https://raw.githubusercontent.com/PokeAPI/sprites/master/sprites/pokemon/back/shiny/860.png,https://raw.githubusercontent.com/PokeAPI/sprites/master/sprites/pokemon/other/official-artwork/860.png
861,grimmsnarl,"dark, fairy",https://raw.githubusercontent.com/PokeAPI/sprites/master/sprites/pokemon/861.png,https://raw.githubusercontent.com/PokeAPI/sprites/master/sprites/pokemon/shiny/861.png,https://raw.githubusercontent.com/PokeAPI/sprites/master/sprites/pokemon/back/861.png,https://raw.githubusercontent.com/PokeAPI/sprites/master/sprites/pokemon/back/shiny/861.png,https://raw.githubusercontent.com/PokeAPI/sprites/master/sprites/pokemon/other/official-artwork/861.png
862,obstagoon,"dark, normal",https://raw.githubusercontent.com/PokeAPI/sprites/master/sprites/pokemon/862.png,https://raw.githubusercontent.com/PokeAPI/sprites/master/sprites/pokemon/shiny/862.png,https://raw.githubusercontent.com/PokeAPI/sprites/master/sprites/pokemon/back/862.png,https://raw.githubusercontent.com/PokeAPI/sprites/master/sprites/pokemon/back/shiny/862.png,https://raw.githubusercontent.com/PokeAPI/sprites/master/sprites/pokemon/other/official-artwork/862.png
863,perrserker,steel,https://raw.githubusercontent.com/PokeAPI/sprites/master/sprites/pokemon/863.png,https://raw.githubusercontent.com/PokeAPI/sprites/master/sprites/pokemon/shiny/863.png,https://raw.githubusercontent.com/PokeAPI/sprites/master/sprites/pokemon/back/863.png,https://raw.githubusercontent.com/PokeAPI/sprites/master/sprites/pokemon/back/shiny/863.png,https://raw.githubusercontent.com/PokeAPI/sprites/master/sprites/pokemon/other/official-artwork/863.png
864,cursola,ghost,https://raw.githubusercontent.com/PokeAPI/sprites/master/sprites/pokemon/864.png,https://raw.githubusercontent.com/PokeAPI/sprites/master/sprites/pokemon/shiny/864.png,https://raw.githubusercontent.com/PokeAPI/sprites/master/sprites/pokemon/back/864.png,https://raw.githubusercontent.com/PokeAPI/sprites/master/sprites/pokemon/back/shiny/864.png,https://raw.githubusercontent.com/PokeAPI/sprites/master/sprites/pokemon/other/official-artwork/864.png
865,sirfetchd,fighting,https://raw.githubusercontent.com/PokeAPI/sprites/master/sprites/pokemon/865.png,https://raw.githubusercontent.com/PokeAPI/sprites/master/sprites/pokemon/shiny/865.png,https://raw.githubusercontent.com/PokeAPI/sprites/master/sprites/pokemon/back/865.png,https://raw.githubusercontent.com/PokeAPI/sprites/master/sprites/pokemon/back/shiny/865.png,https://raw.githubusercontent.com/PokeAPI/sprites/master/sprites/pokemon/other/official-artwork/865.png
866,mr-rime,"ice, psychic",https://raw.githubusercontent.com/PokeAPI/sprites/master/sprites/pokemon/866.png,https://raw.githubusercontent.com/PokeAPI/sprites/master/sprites/pokemon/shiny/866.png,https://raw.githubusercontent.com/PokeAPI/sprites/master/sprites/pokemon/back/866.png,https://raw.githubusercontent.com/PokeAPI/sprites/master/sprites/pokemon/back/shiny/866.png,https://raw.githubusercontent.com/PokeAPI/sprites/master/sprites/pokemon/other/official-artwork/866.png
867,runerigus,"ground, ghost",https://raw.githubusercontent.com/PokeAPI/sprites/master/sprites/pokemon/867.png,https://raw.githubusercontent.com/PokeAPI/sprites/master/sprites/pokemon/shiny/867.png,https://raw.githubusercontent.com/PokeAPI/sprites/master/sprites/pokemon/back/867.png,https://raw.githubusercontent.com/PokeAPI/sprites/master/sprites/pokemon/back/shiny/867.png,https://raw.githubusercontent.com/PokeAPI/sprites/master/sprites/pokemon/other/official-artwork/867.png
868,milcery,fairy,https://raw.githubusercontent.com/PokeAPI/sprites/master/sprites/pokemon/868.png,https://raw.githubusercontent.com/PokeAPI/sprites/master/sprites/pokemon/shiny/868.png,https://raw.githubusercontent.com/PokeAPI/sprites/master/sprites/pokemon/back/868.png,https://raw.githubusercontent.com/PokeAPI/sprites/master/sprites/pokemon/back/shiny/868.png,https://raw.githubusercontent.com/PokeAPI/sprites/master/sprites/pokemon/other/official-artwork/868.png
869,alcremie,fairy,https://raw.githubusercontent.com/PokeAPI/sprites/master/sprites/pokemon/869.png,https://raw.githubusercontent.com/PokeAPI/sprites/master/sprites/pokemon/shiny/869.png,https://raw.githubusercontent.com/PokeAPI/sprites/master/sprites/pokemon/back/869.png,https://raw.githubusercontent.com/PokeAPI/sprites/master/sprites/pokemon/back/shiny/869.png,https://raw.githubusercontent.com/PokeAPI/sprites/master/sprites/pokemon/other/official-artwork/869.png
870,falinks,fighting,https://raw.githubusercontent.com/PokeAPI/sprites/master/sprites/pokemon/870.png,https://raw.githubusercontent.com/PokeAPI/sprites/master/sprites/pokemon/shiny/870.png,https://raw.githubusercontent.com/PokeAPI/sprites/master/sprites/pokemon/back/870.png,https://raw.githubusercontent.com/PokeAPI/sprites/master/sprites/pokemon/back/shiny/870.png,https://raw.githubusercontent.com/PokeAPI/sprites/master/sprites/pokemon/other/official-artwork/870.png
871,pincurchin,electric,https://raw.githubusercontent.com/PokeAPI/sprites/master/sprites/pokemon/871.png,https://raw.githubusercontent.com/PokeAPI/sprites/master/sprites/pokemon/shiny/871.png,https://raw.githubusercontent.com/PokeAPI/sprites/master/sprites/pokemon/back/871.png,https://raw.githubusercontent.com/PokeAPI/sprites/master/sprites/pokemon/back/shiny/871.png,https://raw.githubusercontent.com/PokeAPI/sprites/master/sprites/pokemon/other/official-artwork/871.png
872,snom,"ice, bug",https://raw.githubusercontent.com/PokeAPI/sprites/master/sprites/pokemon/872.png,https://raw.githubusercontent.com/PokeAPI/sprites/master/sprites/pokemon/shiny/872.png,https://raw.githubusercontent.com/PokeAPI/sprites/master/sprites/pokemon/back/872.png,https://raw.githubusercontent.com/PokeAPI/sprites/master/sprites/pokemon/back/shiny/872.png,https://raw.githubusercontent.com/PokeAPI/sprites/master/sprites/pokemon/other/official-artwork/872.png
873,frosmoth,"ice, bug",https://raw.githubusercontent.com/PokeAPI/sprites/master/sprites/pokemon/873.png,https://raw.githubusercontent.com/PokeAPI/sprites/master/sprites/pokemon/shiny/873.png,https://raw.githubusercontent.com/PokeAPI/sprites/master/sprites/pokemon/back/873.png,https://raw.githubusercontent.com/PokeAPI/sprites/master/sprites/pokemon/back/shiny/873.png,https://raw.githubusercontent.com/PokeAPI/sprites/master/sprites/pokemon/other/official-artwork/873.png
874,stonjourner,rock,https://raw.githubusercontent.com/PokeAPI/sprites/master/sprites/pokemon/874.png,https://raw.githubusercontent.com/PokeAPI/sprites/master/sprites/pokemon/shiny/874.png,https://raw.githubusercontent.com/PokeAPI/sprites/master/sprites/pokemon/back/874.png,https://raw.githubusercontent.com/PokeAPI/sprites/master/sprites/pokemon/back/shiny/874.png,https://raw.githubusercontent.com/PokeAPI/sprites/master/sprites/pokemon/other/official-artwork/874.png
875,eiscue-ice,ice,https://raw.githubusercontent.com/PokeAPI/sprites/master/sprites/pokemon/875.png,https://raw.githubusercontent.com/PokeAPI/sprites/master/sprites/pokemon/shiny/875.png,https://raw.githubusercontent.com/PokeAPI/sprites/master/sprites/pokemon/back/875.png,https://raw.githubusercontent.com/PokeAPI/sprites/master/sprites/pokemon/back/shiny/875.png,https://raw.githubusercontent.com/PokeAPI/sprites/master/sprites/pokemon/other/official-artwork/875.png
876,indeedee-male,"psychic, normal",https://raw.githubusercontent.com/PokeAPI/sprites/master/sprites/pokemon/876.png,https://raw.githubusercontent.com/PokeAPI/sprites/master/sprites/pokemon/shiny/876.png,https://raw.githubusercontent.com/PokeAPI/sprites/master/sprites/pokemon/back/876.png,https://raw.githubusercontent.com/PokeAPI/sprites/master/sprites/pokemon/back/shiny/876.png,https://raw.githubusercontent.com/PokeAPI/sprites/master/sprites/pokemon/other/official-artwork/876.png
877,morpeko-full-belly,"electric, dark",https://raw.githubusercontent.com/PokeAPI/sprites/master/sprites/pokemon/877.png,https://raw.githubusercontent.com/PokeAPI/sprites/master/sprites/pokemon/shiny/877.png,https://raw.githubusercontent.com/PokeAPI/sprites/master/sprites/pokemon/back/877.png,https://raw.githubusercontent.com/PokeAPI/sprites/master/sprites/pokemon/back/shiny/877.png,https://raw.githubusercontent.com/PokeAPI/sprites/master/sprites/pokemon/other/official-artwork/877.png
878,cufant,steel,https://raw.githubusercontent.com/PokeAPI/sprites/master/sprites/pokemon/878.png,https://raw.githubusercontent.com/PokeAPI/sprites/master/sprites/pokemon/shiny/878.png,https://raw.githubusercontent.com/PokeAPI/sprites/master/sprites/pokemon/back/878.png,https://raw.githubusercontent.com/PokeAPI/sprites/master/sprites/pokemon/back/shiny/878.png,https://raw.githubusercontent.com/PokeAPI/sprites/master/sprites/pokemon/other/official-artwork/878.png
879,copperajah,steel,https://raw.githubusercontent.com/PokeAPI/sprites/master/sprites/pokemon/879.png,https://raw.githubusercontent.com/PokeAPI/sprites/master/sprites/pokemon/shiny/879.png,https://raw.githubusercontent.com/PokeAPI/sprites/master/sprites/pokemon/back/879.png,https://raw.githubusercontent.com/PokeAPI/sprites/master/sprites/pokemon/back/shiny/879.png,https://raw.githubusercontent.com/PokeAPI/sprites/master/sprites/pokemon/other/official-artwork/879.png
880,dracozolt,"electric, dragon",https://raw.githubusercontent.com/PokeAPI/sprites/master/sprites/pokemon/880.png,https://raw.githubusercontent.com/PokeAPI/sprites/master/sprites/pokemon/shiny/880.png,https://raw.githubusercontent.com/PokeAPI/sprites/master/sprites/pokemon/back/880.png,https://raw.githubusercontent.com/PokeAPI/sprites/master/sprites/pokemon/back/shiny/880.png,https://raw.githubusercontent.com/PokeAPI/sprites/master/sprites/pokemon/other/official-artwork/880.png
881,arctozolt,"electric, ice",https://raw.githubusercontent.com/PokeAPI/sprites/master/sprites/pokemon/881.png,https://raw.githubusercontent.com/PokeAPI/sprites/master/sprites/pokemon/shiny/881.png,https://raw.githubusercontent.com/PokeAPI/sprites/master/sprites/pokemon/back/881.png,https://raw.githubusercontent.com/PokeAPI/sprites/master/sprites/pokemon/back/shiny/881.png,https://raw.githubusercontent.com/PokeAPI/sprites/master/sprites/pokemon/other/official-artwork/881.png
882,dracovish,"water, dragon",https://raw.githubusercontent.com/PokeAPI/sprites/master/sprites/pokemon/882.png,https://raw.githubusercontent.com/PokeAPI/sprites/master/sprites/pokemon/shiny/882.png,https://raw.githubusercontent.com/PokeAPI/sprites/master/sprites/pokemon/back/882.png,https://raw.githubusercontent.com/PokeAPI/sprites/master/sprites/pokemon/back/shiny/882.png,https://raw.githubusercontent.com/PokeAPI/sprites/master/sprites/pokemon/other/official-artwork/882.png
883,arctovish,"water, ice",https://raw.githubusercontent.com/PokeAPI/sprites/master/sprites/pokemon/883.png,https://raw.githubusercontent.com/PokeAPI/sprites/master/sprites/pokemon/shiny/883.png,https://raw.githubusercontent.com/PokeAPI/sprites/master/sprites/pokemon/back/883.png,https://raw.githubusercontent.com/PokeAPI/sprites/master/sprites/pokemon/back/shiny/883.png,https://raw.githubusercontent.com/PokeAPI/sprites/master/sprites/pokemon/other/official-artwork/883.png
884,duraludon,"steel, dragon",https://raw.githubusercontent.com/PokeAPI/sprites/master/sprites/pokemon/884.png,https://raw.githubusercontent.com/PokeAPI/sprites/master/sprites/pokemon/shiny/884.png,https://raw.githubusercontent.com/PokeAPI/sprites/master/sprites/pokemon/back/884.png,https://raw.githubusercontent.com/PokeAPI/sprites/master/sprites/pokemon/back/shiny/884.png,https://raw.githubusercontent.com/PokeAPI/sprites/master/sprites/pokemon/other/official-artwork/884.png
885,dreepy,"dragon, ghost",https://raw.githubusercontent.com/PokeAPI/sprites/master/sprites/pokemon/885.png,https://raw.githubusercontent.com/PokeAPI/sprites/master/sprites/pokemon/shiny/885.png,https://raw.githubusercontent.com/PokeAPI/sprites/master/sprites/pokemon/back/885.png,https://raw.githubusercontent.com/PokeAPI/sprites/master/sprites/pokemon/back/shiny/885.png,https://raw.githubusercontent.com/PokeAPI/sprites/master/sprites/pokemon/other/official-artwork/885.png
886,drakloak,"dragon, ghost",https://raw.githubusercontent.com/PokeAPI/sprites/master/sprites/pokemon/886.png,https://raw.githubusercontent.com/PokeAPI/sprites/master/sprites/pokemon/shiny/886.png,https://raw.githubusercontent.com/PokeAPI/sprites/master/sprites/pokemon/back/886.png,https://raw.githubusercontent.com/PokeAPI/sprites/master/sprites/pokemon/back/shiny/886.png,https://raw.githubusercontent.com/PokeAPI/sprites/master/sprites/pokemon/other/official-artwork/886.png
887,dragapult,"dragon, ghost",https://raw.githubusercontent.com/PokeAPI/sprites/master/sprites/pokemon/887.png,https://raw.githubusercontent.com/PokeAPI/sprites/master/sprites/pokemon/shiny/887.png,https://raw.githubusercontent.com/PokeAPI/sprites/master/sprites/pokemon/back/887.png,https://raw.githubusercontent.com/PokeAPI/sprites/master/sprites/pokemon/back/shiny/887.png,https://raw.githubusercontent.com/PokeAPI/sprites/master/sprites/pokemon/other/official-artwork/887.png
888,zacian,fairy,https://raw.githubusercontent.com/PokeAPI/sprites/master/sprites/pokemon/888.png,https://raw.githubusercontent.com/PokeAPI/sprites/master/sprites/pokemon/shiny/888.png,https://raw.githubusercontent.com/PokeAPI/sprites/master/sprites/pokemon/back/888.png,https://raw.githubusercontent.com/PokeAPI/sprites/master/sprites/pokemon/back/shiny/888.png,https://raw.githubusercontent.com/PokeAPI/sprites/master/sprites/pokemon/other/official-artwork/888.png
889,zamazenta,fighting,https://raw.githubusercontent.com/PokeAPI/sprites/master/sprites/pokemon/889.png,https://raw.githubusercontent.com/PokeAPI/sprites/master/sprites/pokemon/shiny/889.png,https://raw.githubusercontent.com/PokeAPI/sprites/master/sprites/pokemon/back/889.png,https://raw.githubusercontent.com/PokeAPI/sprites/master/sprites/pokemon/back/shiny/889.png,https://raw.githubusercontent.com/PokeAPI/sprites/master/sprites/pokemon/other/official-artwork/889.png
890,eternatus,"poison, dragon",https://raw.githubusercontent.com/PokeAPI/sprites/master/sprites/pokemon/890.png,https://raw.githubusercontent.com/PokeAPI/sprites/master/sprites/pokemon/shiny/890.png,https://raw.githubusercontent.com/PokeAPI/sprites/master/sprites/pokemon/back/890.png,https://raw.githubusercontent.com/PokeAPI/sprites/master/sprites/pokemon/back/shiny/890.png,https://raw.githubusercontent.com/PokeAPI/sprites/master/sprites/pokemon/other/official-artwork/890.png
891,kubfu,fighting,https://raw.githubusercontent.com/PokeAPI/sprites/master/sprites/pokemon/891.png,https://raw.githubusercontent.com/PokeAPI/sprites/master/sprites/pokemon/shiny/891.png,https://raw.githubusercontent.com/PokeAPI/sprites/master/sprites/pokemon/back/891.png,https://raw.githubusercontent.com/PokeAPI/sprites/master/sprites/pokemon/back/shiny/891.png,https://raw.githubusercontent.com/PokeAPI/sprites/master/sprites/pokemon/other/official-artwork/891.png
892,urshifu-single-strike,"fighting, dark",https://raw.githubusercontent.com/PokeAPI/sprites/master/sprites/pokemon/892.png,https://raw.githubusercontent.com/PokeAPI/sprites/master/sprites/pokemon/shiny/892.png,https://raw.githubusercontent.com/PokeAPI/sprites/master/sprites/pokemon/back/892.png,https://raw.githubusercontent.com/PokeAPI/sprites/master/sprites/pokemon/back/shiny/892.png,https://raw.githubusercontent.com/PokeAPI/sprites/master/sprites/pokemon/other/official-artwork/892.png
893,zarude,"dark, grass",https://raw.githubusercontent.com/PokeAPI/sprites/master/sprites/pokemon/893.png,https://raw.githubusercontent.com/PokeAPI/sprites/master/sprites/pokemon/shiny/893.png,https://raw.githubusercontent.com/PokeAPI/sprites/master/sprites/pokemon/back/893.png,https://raw.githubusercontent.com/PokeAPI/sprites/master/sprites/pokemon/back/shiny/893.png,https://raw.githubusercontent.com/PokeAPI/sprites/master/sprites/pokemon/other/official-artwork/893.png
894,regieleki,electric,https://raw.githubusercontent.com/PokeAPI/sprites/master/sprites/pokemon/894.png,https://raw.githubusercontent.com/PokeAPI/sprites/master/sprites/pokemon/shiny/894.png,https://raw.githubusercontent.com/PokeAPI/sprites/master/sprites/pokemon/back/894.png,https://raw.githubusercontent.com/PokeAPI/sprites/master/sprites/pokemon/back/shiny/894.png,https://raw.githubusercontent.com/PokeAPI/sprites/master/sprites/pokemon/other/official-artwork/894.png
895,regidrago,dragon,https://raw.githubusercontent.com/PokeAPI/sprites/master/sprites/pokemon/895.png,https://raw.githubusercontent.com/PokeAPI/sprites/master/sprites/pokemon/shiny/895.png,https://raw.githubusercontent.com/PokeAPI/sprites/master/sprites/pokemon/back/895.png,https://raw.githubusercontent.com/PokeAPI/sprites/master/sprites/pokemon/back/shiny/895.png,https://raw.githubusercontent.com/PokeAPI/sprites/master/sprites/pokemon/other/official-artwork/895.png
896,glastrier,ice,https://raw.githubusercontent.com/PokeAPI/sprites/master/sprites/pokemon/896.png,https://raw.githubusercontent.com/PokeAPI/sprites/master/sprites/pokemon/shiny/896.png,https://raw.githubusercontent.com/PokeAPI/sprites/master/sprites/pokemon/back/896.png,https://raw.githubusercontent.com/PokeAPI/sprites/master/sprites/pokemon/back/shiny/896.png,https://raw.githubusercontent.com/PokeAPI/sprites/master/sprites/pokemon/other/official-artwork/896.png
897,spectrier,ghost,https://raw.githubusercontent.com/PokeAPI/sprites/master/sprites/pokemon/897.png,https://raw.githubusercontent.com/PokeAPI/sprites/master/sprites/pokemon/shiny/897.png,https://raw.githubusercontent.com/PokeAPI/sprites/master/sprites/pokemon/back/897.png,https://raw.githubusercontent.com/PokeAPI/sprites/master/sprites/pokemon/back/shiny/897.png,https://raw.githubusercontent.com/PokeAPI/sprites/master/sprites/pokemon/other/official-artwork/897.png
898,calyrex,"psychic, grass",https://raw.githubusercontent.com/PokeAPI/sprites/master/sprites/pokemon/898.png,https://raw.githubusercontent.com/PokeAPI/sprites/master/sprites/pokemon/shiny/898.png,https://raw.githubusercontent.com/PokeAPI/sprites/master/sprites/pokemon/back/898.png,https://raw.githubusercontent.com/PokeAPI/sprites/master/sprites/pokemon/back/shiny/898.png,https://raw.githubusercontent.com/PokeAPI/sprites/master/sprites/pokemon/other/official-artwork/898.png
899,wyrdeer,"normal, psychic",https://raw.githubusercontent.com/PokeAPI/sprites/master/sprites/pokemon/899.png,https://raw.githubusercontent.com/PokeAPI/sprites/master/sprites/pokemon/shiny/899.png,,,https://raw.githubusercontent.com/PokeAPI/sprites/master/sprites/pokemon/other/official-artwork/899.png
900,kleavor,"bug, rock",https://raw.githubusercontent.com/PokeAPI/sprites/master/sprites/pokemon/900.png,https://raw.githubusercontent.com/PokeAPI/sprites/master/sprites/pokemon/shiny/900.png,,,https://raw.githubusercontent.com/PokeAPI/sprites/master/sprites/pokemon/other/official-artwork/900.png
901,ursaluna,"ground, normal",https://raw.githubusercontent.com/PokeAPI/sprites/master/sprites/pokemon/901.png,https://raw.githubusercontent.com/PokeAPI/sprites/master/sprites/pokemon/shiny/901.png,,,https://raw.githubusercontent.com/PokeAPI/sprites/master/sprites/pokemon/other/official-artwork/901.png
902,basculegion-male,"water, ghost",https://raw.githubusercontent.com/PokeAPI/sprites/master/sprites/pokemon/902.png,https://raw.githubusercontent.com/PokeAPI/sprites/master/sprites/pokemon/shiny/902.png,,,https://raw.githubusercontent.com/PokeAPI/sprites/master/sprites/pokemon/other/official-artwork/902.png
903,sneasler,"fighting, poison",https://raw.githubusercontent.com/PokeAPI/sprites/master/sprites/pokemon/903.png,https://raw.githubusercontent.com/PokeAPI/sprites/master/sprites/pokemon/shiny/903.png,,,https://raw.githubusercontent.com/PokeAPI/sprites/master/sprites/pokemon/other/official-artwork/903.png
904,overqwil,"dark, poison",https://raw.githubusercontent.com/PokeAPI/sprites/master/sprites/pokemon/904.png,https://raw.githubusercontent.com/PokeAPI/sprites/master/sprites/pokemon/shiny/904.png,,,https://raw.githubusercontent.com/PokeAPI/sprites/master/sprites/pokemon/other/official-artwork/904.png
905,enamorus-incarnate,"fairy, flying",https://raw.githubusercontent.com/PokeAPI/sprites/master/sprites/pokemon/905.png,https://raw.githubusercontent.com/PokeAPI/sprites/master/sprites/pokemon/shiny/905.png,,,https://raw.githubusercontent.com/PokeAPI/sprites/master/sprites/pokemon/other/official-artwork/905.png
906,sprigatito,grass,https://raw.githubusercontent.com/PokeAPI/sprites/master/sprites/pokemon/906.png,https://raw.githubusercontent.com/PokeAPI/sprites/master/sprites/pokemon/shiny/906.png,,,https://raw.githubusercontent.com/PokeAPI/sprites/master/sprites/pokemon/other/official-artwork/906.png
907,floragato,grass,https://raw.githubusercontent.com/PokeAPI/sprites/master/sprites/pokemon/907.png,https://raw.githubusercontent.com/PokeAPI/sprites/master/sprites/pokemon/shiny/907.png,,,https://raw.githubusercontent.com/PokeAPI/sprites/master/sprites/pokemon/other/official-artwork/907.png
908,meowscarada,"grass, dark",https://raw.githubusercontent.com/PokeAPI/sprites/master/sprites/pokemon/908.png,https://raw.githubusercontent.com/PokeAPI/sprites/master/sprites/pokemon/shiny/908.png,,,https://raw.githubusercontent.com/PokeAPI/sprites/master/sprites/pokemon/other/official-artwork/908.png
909,fuecoco,fire,https://raw.githubusercontent.com/PokeAPI/sprites/master/sprites/pokemon/909.png,https://raw.githubusercontent.com/PokeAPI/sprites/master/sprites/pokemon/shiny/909.png,,,https://raw.githubusercontent.com/PokeAPI/sprites/master/sprites/pokemon/other/official-artwork/909.png
910,crocalor,fire,https://raw.githubusercontent.com/PokeAPI/sprites/master/sprites/pokemon/910.png,https://raw.githubusercontent.com/PokeAPI/sprites/master/sprites/pokemon/shiny/910.png,,,https://raw.githubusercontent.com/PokeAPI/sprites/master/sprites/pokemon/other/official-artwork/910.png
911,skeledirge,"fire, ghost",https://raw.githubusercontent.com/PokeAPI/sprites/master/sprites/pokemon/911.png,https://raw.githubusercontent.com/PokeAPI/sprites/master/sprites/pokemon/shiny/911.png,,,https://raw.githubusercontent.com/PokeAPI/sprites/master/sprites/pokemon/other/official-artwork/911.png
912,quaxly,water,https://raw.githubusercontent.com/PokeAPI/sprites/master/sprites/pokemon/912.png,https://raw.githubusercontent.com/PokeAPI/sprites/master/sprites/pokemon/shiny/912.png,,,https://raw.githubusercontent.com/PokeAPI/sprites/master/sprites/pokemon/other/official-artwork/912.png
913,quaxwell,water,https://raw.githubusercontent.com/PokeAPI/sprites/master/sprites/pokemon/913.png,https://raw.githubusercontent.com/PokeAPI/sprites/master/sprites/pokemon/shiny/913.png,,,https://raw.githubusercontent.com/PokeAPI/sprites/master/sprites/pokemon/other/official-artwork/913.png
914,quaquaval,"water, fighting",https://raw.githubusercontent.com/PokeAPI/sprites/master/sprites/pokemon/914.png,https://raw.githubusercontent.com/PokeAPI/sprites/master/sprites/pokemon/shiny/914.png,,,https://raw.githubusercontent.com/PokeAPI/sprites/master/sprites/pokemon/other/official-artwork/914.png
915,lechonk,normal,https://raw.githubusercontent.com/PokeAPI/sprites/master/sprites/pokemon/915.png,https://raw.githubusercontent.com/PokeAPI/sprites/master/sprites/pokemon/shiny/915.png,,,https://raw.githubusercontent.com/PokeAPI/sprites/master/sprites/pokemon/other/official-artwork/915.png
916,oinkologne-male,normal,https://raw.githubusercontent.com/PokeAPI/sprites/master/sprites/pokemon/916.png,https://raw.githubusercontent.com/PokeAPI/sprites/master/sprites/pokemon/shiny/916.png,,,https://raw.githubusercontent.com/PokeAPI/sprites/master/sprites/pokemon/other/official-artwork/916.png
917,tarountula,bug,https://raw.githubusercontent.com/PokeAPI/sprites/master/sprites/pokemon/917.png,https://raw.githubusercontent.com/PokeAPI/sprites/master/sprites/pokemon/shiny/917.png,,,https://raw.githubusercontent.com/PokeAPI/sprites/master/sprites/pokemon/other/official-artwork/917.png
918,spidops,bug,https://raw.githubusercontent.com/PokeAPI/sprites/master/sprites/pokemon/918.png,https://raw.githubusercontent.com/PokeAPI/sprites/master/sprites/pokemon/shiny/918.png,,,https://raw.githubusercontent.com/PokeAPI/sprites/master/sprites/pokemon/other/official-artwork/918.png
919,nymble,bug,https://raw.githubusercontent.com/PokeAPI/sprites/master/sprites/pokemon/919.png,https://raw.githubusercontent.com/PokeAPI/sprites/master/sprites/pokemon/shiny/919.png,,,https://raw.githubusercontent.com/PokeAPI/sprites/master/sprites/pokemon/other/official-artwork/919.png
920,lokix,"bug, dark",https://raw.githubusercontent.com/PokeAPI/sprites/master/sprites/pokemon/920.png,https://raw.githubusercontent.com/PokeAPI/sprites/master/sprites/pokemon/shiny/920.png,,,https://raw.githubusercontent.com/PokeAPI/sprites/master/sprites/pokemon/other/official-artwork/920.png
921,pawmi,electric,https://raw.githubusercontent.com/PokeAPI/sprites/master/sprites/pokemon/921.png,https://raw.githubusercontent.com/PokeAPI/sprites/master/sprites/pokemon/shiny/921.png,,,https://raw.githubusercontent.com/PokeAPI/sprites/master/sprites/pokemon/other/official-artwork/921.png
922,pawmo,"electric, fighting",https://raw.githubusercontent.com/PokeAPI/sprites/master/sprites/pokemon/922.png,https://raw.githubusercontent.com/PokeAPI/sprites/master/sprites/pokemon/shiny/922.png,,,https://raw.githubusercontent.com/PokeAPI/sprites/master/sprites/pokemon/other/official-artwork/922.png
923,pawmot,"electric, fighting",https://raw.githubusercontent.com/PokeAPI/sprites/master/sprites/pokemon/923.png,https://raw.githubusercontent.com/PokeAPI/sprites/master/sprites/pokemon/shiny/923.png,,,https://raw.githubusercontent.com/PokeAPI/sprites/master/sprites/pokemon/other/official-artwork/923.png
924,tandemaus,normal,https://raw.githubusercontent.com/PokeAPI/sprites/master/sprites/pokemon/924.png,https://raw.githubusercontent.com/PokeAPI/sprites/master/sprites/pokemon/shiny/924.png,,,https://raw.githubusercontent.com/PokeAPI/sprites/master/sprites/pokemon/other/official-artwork/924.png
925,maushold-family-of-four,normal,https://raw.githubusercontent.com/PokeAPI/sprites/master/sprites/pokemon/925.png,https://raw.githubusercontent.com/PokeAPI/sprites/master/sprites/pokemon/shiny/925.png,,,https://raw.githubusercontent.com/PokeAPI/sprites/master/sprites/pokemon/other/official-artwork/925.png
926,fidough,fairy,https://raw.githubusercontent.com/PokeAPI/sprites/master/sprites/pokemon/926.png,https://raw.githubusercontent.com/PokeAPI/sprites/master/sprites/pokemon/shiny/926.png,,,https://raw.githubusercontent.com/PokeAPI/sprites/master/sprites/pokemon/other/official-artwork/926.png
927,dachsbun,fairy,https://raw.githubusercontent.com/PokeAPI/sprites/master/sprites/pokemon/927.png,https://raw.githubusercontent.com/PokeAPI/sprites/master/sprites/pokemon/shiny/927.png,,,https://raw.githubusercontent.com/PokeAPI/sprites/master/sprites/pokemon/other/official-artwork/927.png
928,smoliv,"grass, normal",https://raw.githubusercontent.com/PokeAPI/sprites/master/sprites/pokemon/928.png,https://raw.githubusercontent.com/PokeAPI/sprites/master/sprites/pokemon/shiny/928.png,,,https://raw.githubusercontent.com/PokeAPI/sprites/master/sprites/pokemon/other/official-artwork/928.png
929,dolliv,"grass, normal",https://raw.githubusercontent.com/PokeAPI/sprites/master/sprites/pokemon/929.png,https://raw.githubusercontent.com/PokeAPI/sprites/master/sprites/pokemon/shiny/929.png,,,https://raw.githubusercontent.com/PokeAPI/sprites/master/sprites/pokemon/other/official-artwork/929.png
930,arboliva,"grass, normal",https://raw.githubusercontent.com/PokeAPI/sprites/master/sprites/pokemon/930.png,https://raw.githubusercontent.com/PokeAPI/sprites/master/sprites/pokemon/shiny/930.png,,,https://raw.githubusercontent.com/PokeAPI/sprites/master/sprites/pokemon/other/official-artwork/930.png
931,squawkabilly-green-plumage,"normal, flying",https://raw.githubusercontent.com/PokeAPI/sprites/master/sprites/pokemon/931.png,https://raw.githubusercontent.com/PokeAPI/sprites/master/sprites/pokemon/shiny/931.png,,,https://raw.githubusercontent.com/PokeAPI/sprites/master/sprites/pokemon/other/official-artwork/931.png
932,nacli,rock,https://raw.githubusercontent.com/PokeAPI/sprites/master/sprites/pokemon/932.png,https://raw.githubusercontent.com/PokeAPI/sprites/master/sprites/pokemon/shiny/932.png,,,https://raw.githubusercontent.com/PokeAPI/sprites/master/sprites/pokemon/other/official-artwork/932.png
933,naclstack,rock,https://raw.githubusercontent.com/PokeAPI/sprites/master/sprites/pokemon/933.png,https://raw.githubusercontent.com/PokeAPI/sprites/master/sprites/pokemon/shiny/933.png,,,https://raw.githubusercontent.com/PokeAPI/sprites/master/sprites/pokemon/other/official-artwork/933.png
934,garganacl,rock,https://raw.githubusercontent.com/PokeAPI/sprites/master/sprites/pokemon/934.png,https://raw.githubusercontent.com/PokeAPI/sprites/master/sprites/pokemon/shiny/934.png,,,https://raw.githubusercontent.com/PokeAPI/sprites/master/sprites/pokemon/other/official-artwork/934.png
935,charcadet,fire,https://raw.githubusercontent.com/PokeAPI/sprites/master/sprites/pokemon/935.png,https://raw.githubusercontent.com/PokeAPI/sprites/master/sprites/pokemon/shiny/935.png,,,https://raw.githubusercontent.com/PokeAPI/sprites/master/sprites/pokemon/other/official-artwork/935.png
936,armarouge,"fire, psychic",https://raw.githubusercontent.com/PokeAPI/sprites/master/sprites/pokemon/936.png,https://raw.githubusercontent.com/PokeAPI/sprites/master/sprites/pokemon/shiny/936.png,,,https://raw.githubusercontent.com/PokeAPI/sprites/master/sprites/pokemon/other/official-artwork/936.png
937,ceruledge,"fire, ghost",https://raw.githubusercontent.com/PokeAPI/sprites/master/sprites/pokemon/937.png,https://raw.githubusercontent.com/PokeAPI/sprites/master/sprites/pokemon/shiny/937.png,,,https://raw.githubusercontent.com/PokeAPI/sprites/master/sprites/pokemon/other/official-artwork/937.png
938,tadbulb,electric,https://raw.githubusercontent.com/PokeAPI/sprites/master/sprites/pokemon/938.png,https://raw.githubusercontent.com/PokeAPI/sprites/master/sprites/pokemon/shiny/938.png,,,https://raw.githubusercontent.com/PokeAPI/sprites/master/sprites/pokemon/other/official-artwork/938.png
939,bellibolt,electric,https://raw.githubusercontent.com/PokeAPI/sprites/master/sprites/pokemon/939.png,https://raw.githubusercontent.com/PokeAPI/sprites/master/sprites/pokemon/shiny/939.png,,,https://raw.githubusercontent.com/PokeAPI/sprites/master/sprites/pokemon/other/official-artwork/939.png
940,wattrel,"electric, flying",https://raw.githubusercontent.com/PokeAPI/sprites/master/sprites/pokemon/940.png,https://raw.githubusercontent.com/PokeAPI/sprites/master/sprites/pokemon/shiny/940.png,,,https://raw.githubusercontent.com/PokeAPI/sprites/master/sprites/pokemon/other/official-artwork/940.png
941,kilowattrel,"electric, flying",https://raw.githubusercontent.com/PokeAPI/sprites/master/sprites/pokemon/941.png,https://raw.githubusercontent.com/PokeAPI/sprites/master/sprites/pokemon/shiny/941.png,,,https://raw.githubusercontent.com/PokeAPI/sprites/master/sprites/pokemon/other/official-artwork/941.png
942,maschiff,dark,https://raw.githubusercontent.com/PokeAPI/sprites/master/sprites/pokemon/942.png,https://raw.githubusercontent.com/PokeAPI/sprites/master/sprites/pokemon/shiny/942.png,,,https://raw.githubusercontent.com/PokeAPI/sprites/master/sprites/pokemon/other/official-artwork/942.png
943,mabosstiff,dark,https://raw.githubusercontent.com/PokeAPI/sprites/master/sprites/pokemon/943.png,https://raw.githubusercontent.com/PokeAPI/sprites/master/sprites/pokemon/shiny/943.png,,,https://raw.githubusercontent.com/PokeAPI/sprites/master/sprites/pokemon/other/official-artwork/943.png
944,shroodle,"poison, normal",https://raw.githubusercontent.com/PokeAPI/sprites/master/sprites/pokemon/944.png,https://raw.githubusercontent.com/PokeAPI/sprites/master/sprites/pokemon/shiny/944.png,,,https://raw.githubusercontent.com/PokeAPI/sprites/master/sprites/pokemon/other/official-artwork/944.png
945,grafaiai,"poison, normal",https://raw.githubusercontent.com/PokeAPI/sprites/master/sprites/pokemon/945.png,https://raw.githubusercontent.com/PokeAPI/sprites/master/sprites/pokemon/shiny/945.png,,,https://raw.githubusercontent.com/PokeAPI/sprites/master/sprites/pokemon/other/official-artwork/945.png
946,bramblin,"grass, ghost",https://raw.githubusercontent.com/PokeAPI/sprites/master/sprites/pokemon/946.png,https://raw.githubusercontent.com/PokeAPI/sprites/master/sprites/pokemon/shiny/946.png,,,https://raw.githubusercontent.com/PokeAPI/sprites/master/sprites/pokemon/other/official-artwork/946.png
947,brambleghast,"grass, ghost",https://raw.githubusercontent.com/PokeAPI/sprites/master/sprites/pokemon/947.png,https://raw.githubusercontent.com/PokeAPI/sprites/master/sprites/pokemon/shiny/947.png,,,https://raw.githubusercontent.com/PokeAPI/sprites/master/sprites/pokemon/other/official-artwork/947.png
948,toedscool,"ground, grass",https://raw.githubusercontent.com/PokeAPI/sprites/master/sprites/pokemon/948.png,https://raw.githubusercontent.com/PokeAPI/sprites/master/sprites/pokemon/shiny/948.png,,,https://raw.githubusercontent.com/PokeAPI/sprites/master/sprites/pokemon/other/official-artwork/948.png
949,toedscruel,"ground, grass",https://raw.githubusercontent.com/PokeAPI/sprites/master/sprites/pokemon/949.png,https://raw.githubusercontent.com/PokeAPI/sprites/master/sprites/pokemon/shiny/949.png,,,https://raw.githubusercontent.com/PokeAPI/sprites/master/sprites/pokemon/other/official-artwork/949.png
950,klawf,rock,https://raw.githubusercontent.com/PokeAPI/sprites/master/sprites/pokemon/950.png,https://raw.githubusercontent.com/PokeAPI/sprites/master/sprites/pokemon/shiny/950.png,,,https://raw.githubusercontent.com/PokeAPI/sprites/master/sprites/pokemon/other/official-artwork/950.png
951,capsakid,grass,https://raw.githubusercontent.com/PokeAPI/sprites/master/sprites/pokemon/951.png,https://raw.githubusercontent.com/PokeAPI/sprites/master/sprites/pokemon/shiny/951.png,,,https://raw.githubusercontent.com/PokeAPI/sprites/master/sprites/pokemon/other/official-artwork/951.png
952,scovillain,"grass, fire",https://raw.githubusercontent.com/PokeAPI/sprites/master/sprites/pokemon/952.png,https://raw.githubusercontent.com/PokeAPI/sprites/master/sprites/pokemon/shiny/952.png,,,https://raw.githubusercontent.com/PokeAPI/sprites/master/sprites/pokemon/other/official-artwork/952.png
953,rellor,bug,https://raw.githubusercontent.com/PokeAPI/sprites/master/sprites/pokemon/953.png,https://raw.githubusercontent.com/PokeAPI/sprites/master/sprites/pokemon/shiny/953.png,,,https://raw.githubusercontent.com/PokeAPI/sprites/master/sprites/pokemon/other/official-artwork/953.png
954,rabsca,"bug, psychic",https://raw.githubusercontent.com/PokeAPI/sprites/master/sprites/pokemon/954.png,https://raw.githubusercontent.com/PokeAPI/sprites/master/sprites/pokemon/shiny/954.png,,,https://raw.githubusercontent.com/PokeAPI/sprites/master/sprites/pokemon/other/official-artwork/954.png
955,flittle,psychic,https://raw.githubusercontent.com/PokeAPI/sprites/master/sprites/pokemon/955.png,https://raw.githubusercontent.com/PokeAPI/sprites/master/sprites/pokemon/shiny/955.png,,,https://raw.githubusercontent.com/PokeAPI/sprites/master/sprites/pokemon/other/official-artwork/955.png
956,espathra,psychic,https://raw.githubusercontent.com/PokeAPI/sprites/master/sprites/pokemon/956.png,https://raw.githubusercontent.com/PokeAPI/sprites/master/sprites/pokemon/shiny/956.png,,,https://raw.githubusercontent.com/PokeAPI/sprites/master/sprites/pokemon/other/official-artwork/956.png
957,tinkatink,"fairy, steel",https://raw.githubusercontent.com/PokeAPI/sprites/master/sprites/pokemon/957.png,https://raw.githubusercontent.com/PokeAPI/sprites/master/sprites/pokemon/shiny/957.png,,,https://raw.githubusercontent.com/PokeAPI/sprites/master/sprites/pokemon/other/official-artwork/957.png
958,tinkatuff,"fairy, steel",https://raw.githubusercontent.com/PokeAPI/sprites/master/sprites/pokemon/958.png,https://raw.githubusercontent.com/PokeAPI/sprites/master/sprites/pokemon/shiny/958.png,,,https://raw.githubusercontent.com/PokeAPI/sprites/master/sprites/pokemon/other/official-artwork/958.png
959,tinkaton,"fairy, steel",https://raw.githubusercontent.com/PokeAPI/sprites/master/sprites/pokemon/959.png,https://raw.githubusercontent.com/PokeAPI/sprites/master/sprites/pokemon/shiny/959.png,,,https://raw.githubusercontent.com/PokeAPI/sprites/master/sprites/pokemon/other/official-artwork/959.png
960,wiglett,water,https://raw.githubusercontent.com/PokeAPI/sprites/master/sprites/pokemon/960.png,https://raw.githubusercontent.com/PokeAPI/sprites/master/sprites/pokemon/shiny/960.png,,,https://raw.githubusercontent.com/PokeAPI/sprites/master/sprites/pokemon/other/official-artwork/960.png
961,wugtrio,water,https://raw.githubusercontent.com/PokeAPI/sprites/master/sprites/pokemon/961.png,https://raw.githubusercontent.com/PokeAPI/sprites/master/sprites/pokemon/shiny/961.png,,,https://raw.githubusercontent.com/PokeAPI/sprites/master/sprites/pokemon/other/official-artwork/961.png
962,bombirdier,"flying, dark",https://raw.githubusercontent.com/PokeAPI/sprites/master/sprites/pokemon/962.png,https://raw.githubusercontent.com/PokeAPI/sprites/master/sprites/pokemon/shiny/962.png,,,https://raw.githubusercontent.com/PokeAPI/sprites/master/sprites/pokemon/other/official-artwork/962.png
963,finizen,water,https://raw.githubusercontent.com/PokeAPI/sprites/master/sprites/pokemon/963.png,https://raw.githubusercontent.com/PokeAPI/sprites/master/sprites/pokemon/shiny/963.png,,,https://raw.githubusercontent.com/PokeAPI/sprites/master/sprites/pokemon/other/official-artwork/963.png
964,palafin-zero,water,https://raw.githubusercontent.com/PokeAPI/sprites/master/sprites/pokemon/964.png,https://raw.githubusercontent.com/PokeAPI/sprites/master/sprites/pokemon/shiny/964.png,,,https://raw.githubusercontent.com/PokeAPI/sprites/master/sprites/pokemon/other/official-artwork/964.png
965,varoom,"steel, poison",https://raw.githubusercontent.com/PokeAPI/sprites/master/sprites/pokemon/965.png,https://raw.githubusercontent.com/PokeAPI/sprites/master/sprites/pokemon/shiny/965.png,,,https://raw.githubusercontent.com/PokeAPI/sprites/master/sprites/pokemon/other/official-artwork/965.png
966,revavroom,"steel, poison",https://raw.githubusercontent.com/PokeAPI/sprites/master/sprites/pokemon/966.png,https://raw.githubusercontent.com/PokeAPI/sprites/master/sprites/pokemon/shiny/966.png,,,https://raw.githubusercontent.com/PokeAPI/sprites/master/sprites/pokemon/other/official-artwork/966.png
967,cyclizar,"dragon, normal",https://raw.githubusercontent.com/PokeAPI/sprites/master/sprites/pokemon/967.png,https://raw.githubusercontent.com/PokeAPI/sprites/master/sprites/pokemon/shiny/967.png,,,https://raw.githubusercontent.com/PokeAPI/sprites/master/sprites/pokemon/other/official-artwork/967.png
968,orthworm,steel,https://raw.githubusercontent.com/PokeAPI/sprites/master/sprites/pokemon/968.png,https://raw.githubusercontent.com/PokeAPI/sprites/master/sprites/pokemon/shiny/968.png,,,https://raw.githubusercontent.com/PokeAPI/sprites/master/sprites/pokemon/other/official-artwork/968.png
969,glimmet,"rock, poison",https://raw.githubusercontent.com/PokeAPI/sprites/master/sprites/pokemon/969.png,https://raw.githubusercontent.com/PokeAPI/sprites/master/sprites/pokemon/shiny/969.png,,,https://raw.githubusercontent.com/PokeAPI/sprites/master/sprites/pokemon/other/official-artwork/969.png
970,glimmora,"rock, poison",https://raw.githubusercontent.com/PokeAPI/sprites/master/sprites/pokemon/970.png,https://raw.githubusercontent.com/PokeAPI/sprites/master/sprites/pokemon/shiny/970.png,,,https://raw.githubusercontent.com/PokeAPI/sprites/master/sprites/pokemon/other/official-artwork/970.png
971,greavard,ghost,https://raw.githubusercontent.com/PokeAPI/sprites/master/sprites/pokemon/971.png,https://raw.githubusercontent.com/PokeAPI/sprites/master/sprites/pokemon/shiny/971.png,,,https://raw.githubusercontent.com/PokeAPI/sprites/master/sprites/pokemon/other/official-artwork/971.png
972,houndstone,ghost,https://raw.githubusercontent.com/PokeAPI/sprites/master/sprites/pokemon/972.png,https://raw.githubusercontent.com/PokeAPI/sprites/master/sprites/pokemon/shiny/972.png,,,https://raw.githubusercontent.com/PokeAPI/sprites/master/sprites/pokemon/other/official-artwork/972.png
973,flamigo,"flying, fighting",https://raw.githubusercontent.com/PokeAPI/sprites/master/sprites/pokemon/973.png,https://raw.githubusercontent.com/PokeAPI/sprites/master/sprites/pokemon/shiny/973.png,,,https://raw.githubusercontent.com/PokeAPI/sprites/master/sprites/pokemon/other/official-artwork/973.png
974,cetoddle,ice,https://raw.githubusercontent.com/PokeAPI/sprites/master/sprites/pokemon/974.png,https://raw.githubusercontent.com/PokeAPI/sprites/master/sprites/pokemon/shiny/974.png,,,https://raw.githubusercontent.com/PokeAPI/sprites/master/sprites/pokemon/other/official-artwork/974.png
975,cetitan,ice,https://raw.githubusercontent.com/PokeAPI/sprites/master/sprites/pokemon/975.png,https://raw.githubusercontent.com/PokeAPI/sprites/master/sprites/pokemon/shiny/975.png,,,https://raw.githubusercontent.com/PokeAPI/sprites/master/sprites/pokemon/other/official-artwork/975.png
976,veluza,"water, psychic",https://raw.githubusercontent.com/PokeAPI/sprites/master/sprites/pokemon/976.png,https://raw.githubusercontent.com/PokeAPI/sprites/master/sprites/pokemon/shiny/976.png,,,https://raw.githubusercontent.com/PokeAPI/sprites/master/sprites/pokemon/other/official-artwork/976.png
977,dondozo,water,https://raw.githubusercontent.com/PokeAPI/sprites/master/sprites/pokemon/977.png,https://raw.githubusercontent.com/PokeAPI/sprites/master/sprites/pokemon/shiny/977.png,,,https://raw.githubusercontent.com/PokeAPI/sprites/master/sprites/pokemon/other/official-artwork/977.png
978,tatsugiri-curly,"dragon, water",https://raw.githubusercontent.com/PokeAPI/sprites/master/sprites/pokemon/978.png,https://raw.githubusercontent.com/PokeAPI/sprites/master/sprites/pokemon/shiny/978.png,,,https://raw.githubusercontent.com/PokeAPI/sprites/master/sprites/pokemon/other/official-artwork/978.png
979,annihilape,"fighting, ghost",https://raw.githubusercontent.com/PokeAPI/sprites/master/sprites/pokemon/979.png,https://raw.githubusercontent.com/PokeAPI/sprites/master/sprites/pokemon/shiny/979.png,,,https://raw.githubusercontent.com/PokeAPI/sprites/master/sprites/pokemon/other/official-artwork/979.png
980,clodsire,"poison, ground",https://raw.githubusercontent.com/PokeAPI/sprites/master/sprites/pokemon/980.png,https://raw.githubusercontent.com/PokeAPI/sprites/master/sprites/pokemon/shiny/980.png,,,https://raw.githubusercontent.com/PokeAPI/sprites/master/sprites/pokemon/other/official-artwork/980.png
981,farigiraf,"normal, psychic",https://raw.githubusercontent.com/PokeAPI/sprites/master/sprites/pokemon/981.png,https://raw.githubusercontent.com/PokeAPI/sprites/master/sprites/pokemon/shiny/981.png,,,https://raw.githubusercontent.com/PokeAPI/sprites/master/sprites/pokemon/other/official-artwork/981.png
982,dudunsparce-two-segment,normal,https://raw.githubusercontent.com/PokeAPI/sprites/master/sprites/pokemon/982.png,https://raw.githubusercontent.com/PokeAPI/sprites/master/sprites/pokemon/shiny/982.png,,,https://raw.githubusercontent.com/PokeAPI/sprites/master/sprites/pokemon/other/official-artwork/982.png
983,kingambit,"dark, steel",https://raw.githubusercontent.com/PokeAPI/sprites/master/sprites/pokemon/983.png,https://raw.githubusercontent.com/PokeAPI/sprites/master/sprites/pokemon/shiny/983.png,,,https://raw.githubusercontent.com/PokeAPI/sprites/master/sprites/pokemon/other/official-artwork/983.png
984,great-tusk,"ground, fighting",https://raw.githubusercontent.com/PokeAPI/sprites/master/sprites/pokemon/984.png,https://raw.githubusercontent.com/PokeAPI/sprites/master/sprites/pokemon/shiny/984.png,,,https://raw.githubusercontent.com/PokeAPI/sprites/master/sprites/pokemon/other/official-artwork/984.png
985,scream-tail,"fairy, psychic",https://raw.githubusercontent.com/PokeAPI/sprites/master/sprites/pokemon/985.png,https://raw.githubusercontent.com/PokeAPI/sprites/master/sprites/pokemon/shiny/985.png,,,https://raw.githubusercontent.com/PokeAPI/sprites/master/sprites/pokemon/other/official-artwork/985.png
986,brute-bonnet,"grass, dark",https://raw.githubusercontent.com/PokeAPI/sprites/master/sprites/pokemon/986.png,https://raw.githubusercontent.com/PokeAPI/sprites/master/sprites/pokemon/shiny/986.png,,,https://raw.githubusercontent.com/PokeAPI/sprites/master/sprites/pokemon/other/official-artwork/986.png
987,flutter-mane,"ghost, fairy",https://raw.githubusercontent.com/PokeAPI/sprites/master/sprites/pokemon/987.png,https://raw.githubusercontent.com/PokeAPI/sprites/master/sprites/pokemon/shiny/987.png,,,https://raw.githubusercontent.com/PokeAPI/sprites/master/sprites/pokemon/other/official-artwork/987.png
988,slither-wing,"bug, fighting",https://raw.githubusercontent.com/PokeAPI/sprites/master/sprites/pokemon/988.png,https://raw.githubusercontent.com/PokeAPI/sprites/master/sprites/pokemon/shiny/988.png,,,https://raw.githubusercontent.com/PokeAPI/sprites/master/sprites/pokemon/other/official-artwork/988.png
989,sandy-shocks,"electric, ground",https://raw.githubusercontent.com/PokeAPI/sprites/master/sprites/pokemon/989.png,https://raw.githubusercontent.com/PokeAPI/sprites/master/sprites/pokemon/shiny/989.png,,,https://raw.githubusercontent.com/PokeAPI/sprites/master/sprites/pokemon/other/official-artwork/989.png
990,iron-treads,"ground, steel",https://raw.githubusercontent.com/PokeAPI/sprites/master/sprites/pokemon/990.png,https://raw.githubusercontent.com/PokeAPI/sprites/master/sprites/pokemon/shiny/990.png,,,https://raw.githubusercontent.com/PokeAPI/sprites/master/sprites/pokemon/other/official-artwork/990.png
991,iron-bundle,"ice, water",https://raw.githubusercontent.com/PokeAPI/sprites/master/sprites/pokemon/991.png,https://raw.githubusercontent.com/PokeAPI/sprites/master/sprites/pokemon/shiny/991.png,,,https://raw.githubusercontent.com/PokeAPI/sprites/master/sprites/pokemon/other/official-artwork/991.png
992,iron-hands,"fighting, electric",https://raw.githubusercontent.com/PokeAPI/sprites/master/sprites/pokemon/992.png,https://raw.githubusercontent.com/PokeAPI/sprites/master/sprites/pokemon/shiny/992.png,,,https://raw.githubusercontent.com/PokeAPI/sprites/master/sprites/pokemon/other/official-artwork/992.png
993,iron-jugulis,"dark, flying",https://raw.githubusercontent.com/PokeAPI/sprites/master/sprites/pokemon/993.png,https://raw.githubusercontent.com/PokeAPI/sprites/master/sprites/pokemon/shiny/993.png,,,https://raw.githubusercontent.com/PokeAPI/sprites/master/sprites/pokemon/other/official-artwork/993.png
994,iron-moth,"fire, poison",https://raw.githubusercontent.com/PokeAPI/sprites/master/sprites/pokemon/994.png,https://raw.githubusercontent.com/PokeAPI/sprites/master/sprites/pokemon/shiny/994.png,,,https://raw.githubusercontent.com/PokeAPI/sprites/master/sprites/pokemon/other/official-artwork/994.png
995,iron-thorns,"rock, electric",https://raw.githubusercontent.com/PokeAPI/sprites/master/sprites/pokemon/995.png,https://raw.githubusercontent.com/PokeAPI/sprites/master/sprites/pokemon/shiny/995.png,,,https://raw.githubusercontent.com/PokeAPI/sprites/master/sprites/pokemon/other/official-artwork/995.png
996,frigibax,"dragon, ice",https://raw.githubusercontent.com/PokeAPI/sprites/master/sprites/pokemon/996.png,https://raw.githubusercontent.com/PokeAPI/sprites/master/sprites/pokemon/shiny/996.png,,,https://raw.githubusercontent.com/PokeAPI/sprites/master/sprites/pokemon/other/official-artwork/996.png
997,arctibax,"dragon, ice",https://raw.githubusercontent.com/PokeAPI/sprites/master/sprites/pokemon/997.png,https://raw.githubusercontent.com/PokeAPI/sprites/master/sprites/pokemon/shiny/997.png,,,https://raw.githubusercontent.com/PokeAPI/sprites/master/sprites/pokemon/other/official-artwork/997.png
998,baxcalibur,"dragon, ice",https://raw.githubusercontent.com/PokeAPI/sprites/master/sprites/pokemon/998.png,https://raw.githubusercontent.com/PokeAPI/sprites/master/sprites/pokemon/shiny/998.png,,,https://raw.githubusercontent.com/PokeAPI/sprites/master/sprites/pokemon/other/official-artwork/998.png
999,gimmighoul,ghost,https://raw.githubusercontent.com/PokeAPI/sprites/master/sprites/pokemon/999.png,https://raw.githubusercontent.com/PokeAPI/sprites/master/sprites/pokemon/shiny/999.png,,,https://raw.githubusercontent.com/PokeAPI/sprites/master/sprites/pokemon/other/official-artwork/999.png
1000,gholdengo,"steel, ghost",https://raw.githubusercontent.com/PokeAPI/sprites/master/sprites/pokemon/1000.png,https://raw.githubusercontent.com/PokeAPI/sprites/master/sprites/pokemon/shiny/1000.png,,,https://raw.githubusercontent.com/PokeAPI/sprites/master/sprites/pokemon/other/official-artwork/1000.png
1001,wo-chien,"dark, grass",https://raw.githubusercontent.com/PokeAPI/sprites/master/sprites/pokemon/1001.png,https://raw.githubusercontent.com/PokeAPI/sprites/master/sprites/pokemon/shiny/1001.png,,,https://raw.githubusercontent.com/PokeAPI/sprites/master/sprites/pokemon/other/official-artwork/1001.png
1002,chien-pao,"dark, ice",https://raw.githubusercontent.com/PokeAPI/sprites/master/sprites/pokemon/1002.png,https://raw.githubusercontent.com/PokeAPI/sprites/master/sprites/pokemon/shiny/1002.png,,,https://raw.githubusercontent.com/PokeAPI/sprites/master/sprites/pokemon/other/official-artwork/1002.png
1003,ting-lu,"dark, ground",https://raw.githubusercontent.com/PokeAPI/sprites/master/sprites/pokemon/1003.png,https://raw.githubusercontent.com/PokeAPI/sprites/master/sprites/pokemon/shiny/1003.png,,,https://raw.githubusercontent.com/PokeAPI/sprites/master/sprites/pokemon/other/official-artwork/1003.png
1004,chi-yu,"dark, fire",https://raw.githubusercontent.com/PokeAPI/sprites/master/sprites/pokemon/1004.png,https://raw.githubusercontent.com/PokeAPI/sprites/master/sprites/pokemon/shiny/1004.png,,,https://raw.githubusercontent.com/PokeAPI/sprites/master/sprites/pokemon/other/official-artwork/1004.png
1005,roaring-moon,"dragon, dark",https://raw.githubusercontent.com/PokeAPI/sprites/master/sprites/pokemon/1005.png,https://raw.githubusercontent.com/PokeAPI/sprites/master/sprites/pokemon/shiny/1005.png,,,https://raw.githubusercontent.com/PokeAPI/sprites/master/sprites/pokemon/other/official-artwork/1005.png
1006,iron-valiant,"fairy, fighting",https://raw.githubusercontent.com/PokeAPI/sprites/master/sprites/pokemon/1006.png,https://raw.githubusercontent.com/PokeAPI/sprites/master/sprites/pokemon/shiny/1006.png,,,https://raw.githubusercontent.com/PokeAPI/sprites/master/sprites/pokemon/other/official-artwork/1006.png
1007,koraidon,"fighting, dragon",https://raw.githubusercontent.com/PokeAPI/sprites/master/sprites/pokemon/1007.png,https://raw.githubusercontent.com/PokeAPI/sprites/master/sprites/pokemon/shiny/1007.png,,,https://raw.githubusercontent.com/PokeAPI/sprites/master/sprites/pokemon/other/official-artwork/1007.png
1008,miraidon,"electric, dragon",https://raw.githubusercontent.com/PokeAPI/sprites/master/sprites/pokemon/1008.png,https://raw.githubusercontent.com/PokeAPI/sprites/master/sprites/pokemon/shiny/1008.png,,,https://raw.githubusercontent.com/PokeAPI/sprites/master/sprites/pokemon/other/official-artwork/1008.png
1009,walking-wake,"water, dragon",https://raw.githubusercontent.com/PokeAPI/sprites/master/sprites/pokemon/1009.png,https://raw.githubusercontent.com/PokeAPI/sprites/master/sprites/pokemon/shiny/1009.png,,,https://raw.githubusercontent.com/PokeAPI/sprites/master/sprites/pokemon/other/official-artwork/1009.png
1010,iron-leaves,"grass, psychic",https://raw.githubusercontent.com/PokeAPI/sprites/master/sprites/pokemon/1010.png,https://raw.githubusercontent.com/PokeAPI/sprites/master/sprites/pokemon/shiny/1010.png,,,https://raw.githubusercontent.com/PokeAPI/sprites/master/sprites/pokemon/other/official-artwork/1010.png
1011,dipplin,"grass, dragon",https://raw.githubusercontent.com/PokeAPI/sprites/master/sprites/pokemon/1011.png,https://raw.githubusercontent.com/PokeAPI/sprites/master/sprites/pokemon/shiny/1011.png,,,https://raw.githubusercontent.com/PokeAPI/sprites/master/sprites/pokemon/other/official-artwork/1011.png
1012,poltchageist,"grass, ghost",https://raw.githubusercontent.com/PokeAPI/sprites/master/sprites/pokemon/1012.png,https://raw.githubusercontent.com/PokeAPI/sprites/master/sprites/pokemon/shiny/1012.png,,,https://raw.githubusercontent.com/PokeAPI/sprites/master/sprites/pokemon/other/official-artwork/1012.png
1013,sinistcha,"grass, ghost",https://raw.githubusercontent.com/PokeAPI/sprites/master/sprites/pokemon/1013.png,https://raw.githubusercontent.com/PokeAPI/sprites/master/sprites/pokemon/shiny/1013.png,,,https://raw.githubusercontent.com/PokeAPI/sprites/master/sprites/pokemon/other/official-artwork/1013.png
1014,okidogi,"poison, fighting",https://raw.githubusercontent.com/PokeAPI/sprites/master/sprites/pokemon/1014.png,https://raw.githubusercontent.com/PokeAPI/sprites/master/sprites/pokemon/shiny/1014.png,,,https://raw.githubusercontent.com/PokeAPI/sprites/master/sprites/pokemon/other/official-artwork/1014.png
1015,munkidori,"poison, psychic",https://raw.githubusercontent.com/PokeAPI/sprites/master/sprites/pokemon/1015.png,https://raw.githubusercontent.com/PokeAPI/sprites/master/sprites/pokemon/shiny/1015.png,,,https://raw.githubusercontent.com/PokeAPI/sprites/master/sprites/pokemon/other/official-artwork/1015.png
1016,fezandipiti,"poison, fairy",https://raw.githubusercontent.com/PokeAPI/sprites/master/sprites/pokemon/1016.png,https://raw.githubusercontent.com/PokeAPI/sprites/master/sprites/pokemon/shiny/1016.png,,,https://raw.githubusercontent.com/PokeAPI/sprites/master/sprites/pokemon/other/official-artwork/1016.png
1017,ogerpon,grass,https://raw.githubusercontent.com/PokeAPI/sprites/master/sprites/pokemon/1017.png,https://raw.githubusercontent.com/PokeAPI/sprites/master/sprites/pokemon/shiny/1017.png,,,https://raw.githubusercontent.com/PokeAPI/sprites/master/sprites/pokemon/other/official-artwork/1017.png
1018,archaludon,"steel, dragon",https://raw.githubusercontent.com/PokeAPI/sprites/master/sprites/pokemon/1018.png,https://raw.githubusercontent.com/PokeAPI/sprites/master/sprites/pokemon/shiny/1018.png,,,https://raw.githubusercontent.com/PokeAPI/sprites/master/sprites/pokemon/other/official-artwork/1018.png
1019,hydrapple,"grass, dragon",https://raw.githubusercontent.com/PokeAPI/sprites/master/sprites/pokemon/1019.png,https://raw.githubusercontent.com/PokeAPI/sprites/master/sprites/pokemon/shiny/1019.png,,,https://raw.githubusercontent.com/PokeAPI/sprites/master/sprites/pokemon/other/official-artwork/1019.png
1020,gouging-fire,"fire, dragon",https://raw.githubusercontent.com/PokeAPI/sprites/master/sprites/pokemon/1020.png,https://raw.githubusercontent.com/PokeAPI/sprites/master/sprites/pokemon/shiny/1020.png,,,https://raw.githubusercontent.com/PokeAPI/sprites/master/sprites/pokemon/other/official-artwork/1020.png
1021,raging-bolt,"electric, dragon",https://raw.githubusercontent.com/PokeAPI/sprites/master/sprites/pokemon/1021.png,https://raw.githubusercontent.com/PokeAPI/sprites/master/sprites/pokemon/shiny/1021.png,,,https://raw.githubusercontent.com/PokeAPI/sprites/master/sprites/pokemon/other/official-artwork/1021.png
1022,iron-boulder,"rock, psychic",https://raw.githubusercontent.com/PokeAPI/sprites/master/sprites/pokemon/1022.png,https://raw.githubusercontent.com/PokeAPI/sprites/master/sprites/pokemon/shiny/1022.png,,,https://raw.githubusercontent.com/PokeAPI/sprites/master/sprites/pokemon/other/official-artwork/1022.png
1023,iron-crown,"steel, psychic",https://raw.githubusercontent.com/PokeAPI/sprites/master/sprites/pokemon/1023.png,https://raw.githubusercontent.com/PokeAPI/sprites/master/sprites/pokemon/shiny/1023.png,,,https://raw.githubusercontent.com/PokeAPI/sprites/master/sprites/pokemon/other/official-artwork/1023.png
1024,terapagos,normal,https://raw.githubusercontent.com/PokeAPI/sprites/master/sprites/pokemon/1024.png,https://raw.githubusercontent.com/PokeAPI/sprites/master/sprites/pokemon/shiny/1024.png,,,https://raw.githubusercontent.com/PokeAPI/sprites/master/sprites/pokemon/other/official-artwork/1024.png
1025,pecharunt,"poison, ghost",https://raw.githubusercontent.com/PokeAPI/sprites/master/sprites/pokemon/1025.png,https://raw.githubusercontent.com/PokeAPI/sprites/master/sprites/pokemon/shiny/1025.png,,,https://raw.githubusercontent.com/PokeAPI/sprites/master/sprites/pokemon/other/official-artwork/1025.png
